timestamp,electricity_price,gas_price
2024-12-31 23:00:00+00:00,15.41,52.63720930232559
2025-01-01 00:00:00+00:00,2.19,52.63720930232559
2025-01-01 01:00:00+00:00,2.18,52.63720930232559
2025-01-01 02:00:00+00:00,1.69,52.63720930232559
2025-01-01 03:00:00+00:00,0.09,52.63720930232559
2025-01-01 04:00:00+00:00,1.16,52.63720930232559
2025-01-01 05:00:00+00:00,0.04,52.63720930232559
2025-01-01 06:00:00+00:00,0.08,52.63720930232559
2025-01-01 07:00:00+00:00,-4.94,52.63720930232559
2025-01-01 08:00:00+00:00,-50.26,52.63720930232559
2025-01-01 09:00:00+00:00,-72.99,52.63720930232559
2025-01-01 10:00:00+00:00,-59.57,52.63720930232559
2025-01-01 11:00:00+00:00,-48.26,52.63720930232559
2025-01-01 12:00:00+00:00,-4.94,52.63720930232559
2025-01-01 13:00:00+00:00,0.13,52.63720930232559
2025-01-01 14:00:00+00:00,23.25,52.63720930232559
2025-01-01 15:00:00+00:00,45.19,52.63720930232559
2025-01-01 16:00:00+00:00,47.03,52.63720930232559
2025-01-01 17:00:00+00:00,41.76,52.63720930232559
2025-01-01 18:00:00+00:00,39.38,52.63720930232559
2025-01-01 19:00:00+00:00,34.63,52.63720930232559
2025-01-01 20:00:00+00:00,13.82,52.63720930232559
2025-01-01 21:00:00+00:00,9.71,52.63720930232559
2025-01-01 22:00:00+00:00,0.04,52.63720930232559
2025-01-01 23:00:00+00:00,-15.12,54.00697674418605
2025-01-02 00:00:00+00:00,-8.43,54.00697674418605
2025-01-02 01:00:00+00:00,-21.04,54.00697674418605
2025-01-02 02:00:00+00:00,-10.56,54.00697674418605
2025-01-02 03:00:00+00:00,-10.68,54.00697674418605
2025-01-02 04:00:00+00:00,0.05,54.00697674418605
2025-01-02 05:00:00+00:00,40.08,54.00697674418605
2025-01-02 06:00:00+00:00,93.73,54.00697674418605
2025-01-02 07:00:00+00:00,107.61,54.00697674418605
2025-01-02 08:00:00+00:00,114.93,54.00697674418605
2025-01-02 09:00:00+00:00,119.79,54.00697674418605
2025-01-02 10:00:00+00:00,110.47,54.00697674418605
2025-01-02 11:00:00+00:00,96.95,54.00697674418605
2025-01-02 12:00:00+00:00,108.02,54.00697674418605
2025-01-02 13:00:00+00:00,113.55,54.00697674418605
2025-01-02 14:00:00+00:00,130.11,54.00697674418605
2025-01-02 15:00:00+00:00,136.43,54.00697674418605
2025-01-02 16:00:00+00:00,151.99,54.00697674418605
2025-01-02 17:00:00+00:00,152.6,54.00697674418605
2025-01-02 18:00:00+00:00,139.06,54.00697674418605
2025-01-02 19:00:00+00:00,128.74,54.00697674418605
2025-01-02 20:00:00+00:00,100.91,54.00697674418605
2025-01-02 21:00:00+00:00,101.27,54.00697674418605
2025-01-02 22:00:00+00:00,74.79,54.00697674418605
2025-01-02 23:00:00+00:00,89.13,53.937209302325584
2025-01-03 00:00:00+00:00,68.97,53.937209302325584
2025-01-03 01:00:00+00:00,73.07,53.937209302325584
2025-01-03 02:00:00+00:00,74.27,53.937209302325584
2025-01-03 03:00:00+00:00,53.28,53.937209302325584
2025-01-03 04:00:00+00:00,68,53.937209302325584
2025-01-03 05:00:00+00:00,97.53,53.937209302325584
2025-01-03 06:00:00+00:00,90.8,53.937209302325584
2025-01-03 07:00:00+00:00,99.9,53.937209302325584
2025-01-03 08:00:00+00:00,100.75,53.937209302325584
2025-01-03 09:00:00+00:00,82.92,53.937209302325584
2025-01-03 10:00:00+00:00,73.93,53.937209302325584
2025-01-03 11:00:00+00:00,89.18,53.937209302325584
2025-01-03 12:00:00+00:00,92.99,53.937209302325584
2025-01-03 13:00:00+00:00,94.02,53.937209302325584
2025-01-03 14:00:00+00:00,89.08,53.937209302325584
2025-01-03 15:00:00+00:00,100.59,53.937209302325584
2025-01-03 16:00:00+00:00,105.93,53.937209302325584
2025-01-03 17:00:00+00:00,108.99,53.937209302325584
2025-01-03 18:00:00+00:00,108.44,53.937209302325584
2025-01-03 19:00:00+00:00,88.19,53.937209302325584
2025-01-03 20:00:00+00:00,88.5,53.937209302325584
2025-01-03 21:00:00+00:00,89.08,53.937209302325584
2025-01-03 22:00:00+00:00,68.95,53.937209302325584
2025-01-03 23:00:00+00:00,57.35,54.037209302325586
2025-01-04 00:00:00+00:00,63.46,54.037209302325586
2025-01-04 01:00:00+00:00,58.84,54.037209302325586
2025-01-04 02:00:00+00:00,69.22,54.037209302325586
2025-01-04 03:00:00+00:00,82.64,54.037209302325586
2025-01-04 04:00:00+00:00,91.93,54.037209302325586
2025-01-04 05:00:00+00:00,105.96,54.037209302325586
2025-01-04 06:00:00+00:00,119.45,54.037209302325586
2025-01-04 07:00:00+00:00,128.39,54.037209302325586
2025-01-04 08:00:00+00:00,130.75,54.037209302325586
2025-01-04 09:00:00+00:00,130.34,54.037209302325586
2025-01-04 10:00:00+00:00,128.29,54.037209302325586
2025-01-04 11:00:00+00:00,130.03,54.037209302325586
2025-01-04 12:00:00+00:00,129.85,54.037209302325586
2025-01-04 13:00:00+00:00,137.36,54.037209302325586
2025-01-04 14:00:00+00:00,163.92,54.037209302325586
2025-01-04 15:00:00+00:00,143.57,54.037209302325586
2025-01-04 16:00:00+00:00,148.75,54.037209302325586
2025-01-04 17:00:00+00:00,141.33,54.037209302325586
2025-01-04 18:00:00+00:00,135.06,54.037209302325586
2025-01-04 19:00:00+00:00,127.84,54.037209302325586
2025-01-04 20:00:00+00:00,121.18,54.037209302325586
2025-01-04 21:00:00+00:00,116.76,54.037209302325586
2025-01-04 22:00:00+00:00,108.89,54.037209302325586
2025-01-04 23:00:00+00:00,113.49,54.05813953488372
2025-01-05 00:00:00+00:00,99.88,54.05813953488372
2025-01-05 01:00:00+00:00,94.11,54.05813953488372
2025-01-05 02:00:00+00:00,93.85,54.05813953488372
2025-01-05 03:00:00+00:00,90.18,54.05813953488372
2025-01-05 04:00:00+00:00,84.82,54.05813953488372
2025-01-05 05:00:00+00:00,85.68,54.05813953488372
2025-01-05 06:00:00+00:00,88.8,54.05813953488372
2025-01-05 07:00:00+00:00,98.87,54.05813953488372
2025-01-05 08:00:00+00:00,105.98,54.05813953488372
2025-01-05 09:00:00+00:00,106,54.05813953488372
2025-01-05 10:00:00+00:00,102.08,54.05813953488372
2025-01-05 11:00:00+00:00,104.71,54.05813953488372
2025-01-05 12:00:00+00:00,99.54,54.05813953488372
2025-01-05 13:00:00+00:00,115.21,54.05813953488372
2025-01-05 14:00:00+00:00,115.01,54.05813953488372
2025-01-05 15:00:00+00:00,110.26,54.05813953488372
2025-01-05 16:00:00+00:00,96.7,54.05813953488372
2025-01-05 17:00:00+00:00,96.83,54.05813953488372
2025-01-05 18:00:00+00:00,103.83,54.05813953488372
2025-01-05 19:00:00+00:00,88.8,54.05813953488372
2025-01-05 20:00:00+00:00,86.11,54.05813953488372
2025-01-05 21:00:00+00:00,71.98,54.05813953488372
2025-01-05 22:00:00+00:00,49.41,54.05813953488372
2025-01-05 23:00:00+00:00,42.75,54.16976744186047
2025-01-06 00:00:00+00:00,44.19,54.16976744186047
2025-01-06 01:00:00+00:00,34.31,54.16976744186047
2025-01-06 02:00:00+00:00,28.2,54.16976744186047
2025-01-06 03:00:00+00:00,31.04,54.16976744186047
2025-01-06 04:00:00+00:00,40.97,54.16976744186047
2025-01-06 05:00:00+00:00,56.22,54.16976744186047
2025-01-06 06:00:00+00:00,68.03,54.16976744186047
2025-01-06 07:00:00+00:00,79.47,54.16976744186047
2025-01-06 08:00:00+00:00,66.17,54.16976744186047
2025-01-06 09:00:00+00:00,56.95,54.16976744186047
2025-01-06 10:00:00+00:00,50.74,54.16976744186047
2025-01-06 11:00:00+00:00,50.4,54.16976744186047
2025-01-06 12:00:00+00:00,70.25,54.16976744186047
2025-01-06 13:00:00+00:00,84.33,54.16976744186047
2025-01-06 14:00:00+00:00,88.85,54.16976744186047
2025-01-06 15:00:00+00:00,89.25,54.16976744186047
2025-01-06 16:00:00+00:00,81.3,54.16976744186047
2025-01-06 17:00:00+00:00,77.74,54.16976744186047
2025-01-06 18:00:00+00:00,72.91,54.16976744186047
2025-01-06 19:00:00+00:00,71.5,54.16976744186047
2025-01-06 20:00:00+00:00,55.14,54.16976744186047
2025-01-06 21:00:00+00:00,53.44,54.16976744186047
2025-01-06 22:00:00+00:00,33.03,54.16976744186047
2025-01-06 23:00:00+00:00,24.27,52.43023255813954
2025-01-07 00:00:00+00:00,26.11,52.43023255813954
2025-01-07 01:00:00+00:00,26.12,52.43023255813954
2025-01-07 02:00:00+00:00,8.66,52.43023255813954
2025-01-07 03:00:00+00:00,27.59,52.43023255813954
2025-01-07 04:00:00+00:00,42.75,52.43023255813954
2025-01-07 05:00:00+00:00,99.24,52.43023255813954
2025-01-07 06:00:00+00:00,102.53,52.43023255813954
2025-01-07 07:00:00+00:00,116.5,52.43023255813954
2025-01-07 08:00:00+00:00,119.43,52.43023255813954
2025-01-07 09:00:00+00:00,101.93,52.43023255813954
2025-01-07 10:00:00+00:00,97.82,52.43023255813954
2025-01-07 11:00:00+00:00,98.41,52.43023255813954
2025-01-07 12:00:00+00:00,111.7,52.43023255813954
2025-01-07 13:00:00+00:00,113.44,52.43023255813954
2025-01-07 14:00:00+00:00,120.57,52.43023255813954
2025-01-07 15:00:00+00:00,130.59,52.43023255813954
2025-01-07 16:00:00+00:00,109.79,52.43023255813954
2025-01-07 17:00:00+00:00,113.29,52.43023255813954
2025-01-07 18:00:00+00:00,105.87,52.43023255813954
2025-01-07 19:00:00+00:00,93.49,52.43023255813954
2025-01-07 20:00:00+00:00,82.88,52.43023255813954
2025-01-07 21:00:00+00:00,79.23,52.43023255813954
2025-01-07 22:00:00+00:00,50.24,52.43023255813954
2025-01-07 23:00:00+00:00,71.82,50.402325581395345
2025-01-08 00:00:00+00:00,65.79,50.402325581395345
2025-01-08 01:00:00+00:00,55.98,50.402325581395345
2025-01-08 02:00:00+00:00,53.09,50.402325581395345
2025-01-08 03:00:00+00:00,53.49,50.402325581395345
2025-01-08 04:00:00+00:00,79.18,50.402325581395345
2025-01-08 05:00:00+00:00,104.62,50.402325581395345
2025-01-08 06:00:00+00:00,116.17,50.402325581395345
2025-01-08 07:00:00+00:00,130.39,50.402325581395345
2025-01-08 08:00:00+00:00,108.64,50.402325581395345
2025-01-08 09:00:00+00:00,95.98,50.402325581395345
2025-01-08 10:00:00+00:00,97.07,50.402325581395345
2025-01-08 11:00:00+00:00,92.05,50.402325581395345
2025-01-08 12:00:00+00:00,107.34,50.402325581395345
2025-01-08 13:00:00+00:00,118.55,50.402325581395345
2025-01-08 14:00:00+00:00,135.85,50.402325581395345
2025-01-08 15:00:00+00:00,145.13,50.402325581395345
2025-01-08 16:00:00+00:00,154.57,50.402325581395345
2025-01-08 17:00:00+00:00,148.88,50.402325581395345
2025-01-08 18:00:00+00:00,148.38,50.402325581395345
2025-01-08 19:00:00+00:00,136.7,50.402325581395345
2025-01-08 20:00:00+00:00,127.24,50.402325581395345
2025-01-08 21:00:00+00:00,116.04,50.402325581395345
2025-01-08 22:00:00+00:00,104.4,50.402325581395345
2025-01-08 23:00:00+00:00,103.33,50.88139534883721
2025-01-09 00:00:00+00:00,102.4,50.88139534883721
2025-01-09 01:00:00+00:00,100.75,50.88139534883721
2025-01-09 02:00:00+00:00,98.12,50.88139534883721
2025-01-09 03:00:00+00:00,101.79,50.88139534883721
2025-01-09 04:00:00+00:00,105.61,50.88139534883721
2025-01-09 05:00:00+00:00,130.44,50.88139534883721
2025-01-09 06:00:00+00:00,147.64,50.88139534883721
2025-01-09 07:00:00+00:00,162.27,50.88139534883721
2025-01-09 08:00:00+00:00,153.95,50.88139534883721
2025-01-09 09:00:00+00:00,145.6,50.88139534883721
2025-01-09 10:00:00+00:00,138.22,50.88139534883721
2025-01-09 11:00:00+00:00,126.83,50.88139534883721
2025-01-09 12:00:00+00:00,127.51,50.88139534883721
2025-01-09 13:00:00+00:00,134.72,50.88139534883721
2025-01-09 14:00:00+00:00,134.72,50.88139534883721
2025-01-09 15:00:00+00:00,148.18,50.88139534883721
2025-01-09 16:00:00+00:00,129.68,50.88139534883721
2025-01-09 17:00:00+00:00,133.43,50.88139534883721
2025-01-09 18:00:00+00:00,123,50.88139534883721
2025-01-09 19:00:00+00:00,116.04,50.88139534883721
2025-01-09 20:00:00+00:00,102.08,50.88139534883721
2025-01-09 21:00:00+00:00,100.41,50.88139534883721
2025-01-09 22:00:00+00:00,88.85,50.88139534883721
2025-01-09 23:00:00+00:00,79.76,49.05348837209303
2025-01-10 00:00:00+00:00,79.74,49.05348837209303
2025-01-10 01:00:00+00:00,54.95,49.05348837209303
2025-01-10 02:00:00+00:00,50.94,49.05348837209303
2025-01-10 03:00:00+00:00,66.18,49.05348837209303
2025-01-10 04:00:00+00:00,75.09,49.05348837209303
2025-01-10 05:00:00+00:00,94.88,49.05348837209303
2025-01-10 06:00:00+00:00,117.96,49.05348837209303
2025-01-10 07:00:00+00:00,138.92,49.05348837209303
2025-01-10 08:00:00+00:00,136.26,49.05348837209303
2025-01-10 09:00:00+00:00,123.57,49.05348837209303
2025-01-10 10:00:00+00:00,113.59,49.05348837209303
2025-01-10 11:00:00+00:00,107.43,49.05348837209303
2025-01-10 12:00:00+00:00,105.01,49.05348837209303
2025-01-10 13:00:00+00:00,110.01,49.05348837209303
2025-01-10 14:00:00+00:00,128.69,49.05348837209303
2025-01-10 15:00:00+00:00,133.53,49.05348837209303
2025-01-10 16:00:00+00:00,142.16,49.05348837209303
2025-01-10 17:00:00+00:00,143.82,49.05348837209303
2025-01-10 18:00:00+00:00,140.64,49.05348837209303
2025-01-10 19:00:00+00:00,134.78,49.05348837209303
2025-01-10 20:00:00+00:00,122.51,49.05348837209303
2025-01-10 21:00:00+00:00,119.35,49.05348837209303
2025-01-10 22:00:00+00:00,105.9,49.05348837209303
2025-01-10 23:00:00+00:00,102.57,48.300000000000004
2025-01-11 00:00:00+00:00,97.23,48.300000000000004
2025-01-11 01:00:00+00:00,93.42,48.300000000000004
2025-01-11 02:00:00+00:00,80.72,48.300000000000004
2025-01-11 03:00:00+00:00,80.18,48.300000000000004
2025-01-11 04:00:00+00:00,77.51,48.300000000000004
2025-01-11 05:00:00+00:00,74.69,48.300000000000004
2025-01-11 06:00:00+00:00,86.72,48.300000000000004
2025-01-11 07:00:00+00:00,105.11,48.300000000000004
2025-01-11 08:00:00+00:00,104.28,48.300000000000004
2025-01-11 09:00:00+00:00,102.57,48.300000000000004
2025-01-11 10:00:00+00:00,99.67,48.300000000000004
2025-01-11 11:00:00+00:00,96.78,48.300000000000004
2025-01-11 12:00:00+00:00,93.15,48.300000000000004
2025-01-11 13:00:00+00:00,96.79,48.300000000000004
2025-01-11 14:00:00+00:00,104.85,48.300000000000004
2025-01-11 15:00:00+00:00,110.11,48.300000000000004
2025-01-11 16:00:00+00:00,114.86,48.300000000000004
2025-01-11 17:00:00+00:00,114.48,48.300000000000004
2025-01-11 18:00:00+00:00,113.93,48.300000000000004
2025-01-11 19:00:00+00:00,107.52,48.300000000000004
2025-01-11 20:00:00+00:00,105.23,48.300000000000004
2025-01-11 21:00:00+00:00,104.06,48.300000000000004
2025-01-11 22:00:00+00:00,104.8,48.300000000000004
2025-01-11 23:00:00+00:00,86.35,50.92325581395349
2025-01-12 00:00:00+00:00,85.31,50.92325581395349
2025-01-12 01:00:00+00:00,83.48,50.92325581395349
2025-01-12 02:00:00+00:00,82.67,50.92325581395349
2025-01-12 03:00:00+00:00,85,50.92325581395349
2025-01-12 04:00:00+00:00,81.56,50.92325581395349
2025-01-12 05:00:00+00:00,85.02,50.92325581395349
2025-01-12 06:00:00+00:00,101.75,50.92325581395349
2025-01-12 07:00:00+00:00,109.36,50.92325581395349
2025-01-12 08:00:00+00:00,120.07,50.92325581395349
2025-01-12 09:00:00+00:00,117.77,50.92325581395349
2025-01-12 10:00:00+00:00,105.61,50.92325581395349
2025-01-12 11:00:00+00:00,102.99,50.92325581395349
2025-01-12 12:00:00+00:00,99.61,50.92325581395349
2025-01-12 13:00:00+00:00,105.02,50.92325581395349
2025-01-12 14:00:00+00:00,119.31,50.92325581395349
2025-01-12 15:00:00+00:00,133.88,50.92325581395349
2025-01-12 16:00:00+00:00,141.69,50.92325581395349
2025-01-12 17:00:00+00:00,146.66,50.92325581395349
2025-01-12 18:00:00+00:00,143.87,50.92325581395349
2025-01-12 19:00:00+00:00,135.29,50.92325581395349
2025-01-12 20:00:00+00:00,127.61,50.92325581395349
2025-01-12 21:00:00+00:00,121.33,50.92325581395349
2025-01-12 22:00:00+00:00,114.9,50.92325581395349
2025-01-12 23:00:00+00:00,112.39,50.52558139534884
2025-01-13 00:00:00+00:00,105.07,50.52558139534884
2025-01-13 01:00:00+00:00,104.46,50.52558139534884
2025-01-13 02:00:00+00:00,100.37,50.52558139534884
2025-01-13 03:00:00+00:00,100,50.52558139534884
2025-01-13 04:00:00+00:00,110.14,50.52558139534884
2025-01-13 05:00:00+00:00,140.29,50.52558139534884
2025-01-13 06:00:00+00:00,181.64,50.52558139534884
2025-01-13 07:00:00+00:00,222.42,50.52558139534884
2025-01-13 08:00:00+00:00,175.11,50.52558139534884
2025-01-13 09:00:00+00:00,142.31,50.52558139534884
2025-01-13 10:00:00+00:00,130.02,50.52558139534884
2025-01-13 11:00:00+00:00,130.56,50.52558139534884
2025-01-13 12:00:00+00:00,142.62,50.52558139534884
2025-01-13 13:00:00+00:00,147.81,50.52558139534884
2025-01-13 14:00:00+00:00,151.22,50.52558139534884
2025-01-13 15:00:00+00:00,139.49,50.52558139534884
2025-01-13 16:00:00+00:00,148.18,50.52558139534884
2025-01-13 17:00:00+00:00,149.16,50.52558139534884
2025-01-13 18:00:00+00:00,140.81,50.52558139534884
2025-01-13 19:00:00+00:00,122.47,50.52558139534884
2025-01-13 20:00:00+00:00,118,50.52558139534884
2025-01-13 21:00:00+00:00,114.17,50.52558139534884
2025-01-13 22:00:00+00:00,103.77,50.52558139534884
2025-01-13 23:00:00+00:00,108.05,52.013953488372096
2025-01-14 00:00:00+00:00,105.17,52.013953488372096
2025-01-14 01:00:00+00:00,100.7,52.013953488372096
2025-01-14 02:00:00+00:00,99.48,52.013953488372096
2025-01-14 03:00:00+00:00,102.96,52.013953488372096
2025-01-14 04:00:00+00:00,107.78,52.013953488372096
2025-01-14 05:00:00+00:00,122.72,52.013953488372096
2025-01-14 06:00:00+00:00,157.83,52.013953488372096
2025-01-14 07:00:00+00:00,184.15,52.013953488372096
2025-01-14 08:00:00+00:00,151.92,52.013953488372096
2025-01-14 09:00:00+00:00,123.39,52.013953488372096
2025-01-14 10:00:00+00:00,116.98,52.013953488372096
2025-01-14 11:00:00+00:00,111.48,52.013953488372096
2025-01-14 12:00:00+00:00,117.04,52.013953488372096
2025-01-14 13:00:00+00:00,118.32,52.013953488372096
2025-01-14 14:00:00+00:00,124.86,52.013953488372096
2025-01-14 15:00:00+00:00,136.27,52.013953488372096
2025-01-14 16:00:00+00:00,157.79,52.013953488372096
2025-01-14 17:00:00+00:00,164.5,52.013953488372096
2025-01-14 18:00:00+00:00,156.39,52.013953488372096
2025-01-14 19:00:00+00:00,125.44,52.013953488372096
2025-01-14 20:00:00+00:00,110.4,52.013953488372096
2025-01-14 21:00:00+00:00,112.62,52.013953488372096
2025-01-14 22:00:00+00:00,111.68,52.013953488372096
2025-01-14 23:00:00+00:00,108.49,52.579069767441865
2025-01-15 00:00:00+00:00,105.45,52.579069767441865
2025-01-15 01:00:00+00:00,108.19,52.579069767441865
2025-01-15 02:00:00+00:00,107.03,52.579069767441865
2025-01-15 03:00:00+00:00,108.12,52.579069767441865
2025-01-15 04:00:00+00:00,113.42,52.579069767441865
2025-01-15 05:00:00+00:00,127.35,52.579069767441865
2025-01-15 06:00:00+00:00,172.33,52.579069767441865
2025-01-15 07:00:00+00:00,240.64,52.579069767441865
2025-01-15 08:00:00+00:00,286.23,52.579069767441865
2025-01-15 09:00:00+00:00,240.61,52.579069767441865
2025-01-15 10:00:00+00:00,240.69,52.579069767441865
2025-01-15 11:00:00+00:00,243.82,52.579069767441865
2025-01-15 12:00:00+00:00,273.83,52.579069767441865
2025-01-15 13:00:00+00:00,264.15,52.579069767441865
2025-01-15 14:00:00+00:00,282.32,52.579069767441865
2025-01-15 15:00:00+00:00,325.93,52.579069767441865
2025-01-15 16:00:00+00:00,325.15,52.579069767441865
2025-01-15 17:00:00+00:00,281.34,52.579069767441865
2025-01-15 18:00:00+00:00,272.61,52.579069767441865
2025-01-15 19:00:00+00:00,181.43,52.579069767441865
2025-01-15 20:00:00+00:00,127.39,52.579069767441865
2025-01-15 21:00:00+00:00,127.57,52.579069767441865
2025-01-15 22:00:00+00:00,123.9,52.579069767441865
2025-01-15 23:00:00+00:00,126.21,51.74418604651163
2025-01-16 00:00:00+00:00,118.76,51.74418604651163
2025-01-16 01:00:00+00:00,116.79,51.74418604651163
2025-01-16 02:00:00+00:00,113.63,51.74418604651163
2025-01-16 03:00:00+00:00,113.79,51.74418604651163
2025-01-16 04:00:00+00:00,121.53,51.74418604651163
2025-01-16 05:00:00+00:00,135.08,51.74418604651163
2025-01-16 06:00:00+00:00,170.93,51.74418604651163
2025-01-16 07:00:00+00:00,198.89,51.74418604651163
2025-01-16 08:00:00+00:00,175,51.74418604651163
2025-01-16 09:00:00+00:00,151.9,51.74418604651163
2025-01-16 10:00:00+00:00,140.64,51.74418604651163
2025-01-16 11:00:00+00:00,132.45,51.74418604651163
2025-01-16 12:00:00+00:00,133.7,51.74418604651163
2025-01-16 13:00:00+00:00,140.23,51.74418604651163
2025-01-16 14:00:00+00:00,162.25,51.74418604651163
2025-01-16 15:00:00+00:00,175.62,51.74418604651163
2025-01-16 16:00:00+00:00,168.91,51.74418604651163
2025-01-16 17:00:00+00:00,179.97,51.74418604651163
2025-01-16 18:00:00+00:00,166.56,51.74418604651163
2025-01-16 19:00:00+00:00,134.85,51.74418604651163
2025-01-16 20:00:00+00:00,138.51,51.74418604651163
2025-01-16 21:00:00+00:00,123.18,51.74418604651163
2025-01-16 22:00:00+00:00,113.99,51.74418604651163
2025-01-16 23:00:00+00:00,114.94,50.51627906976744
2025-01-17 00:00:00+00:00,111.89,50.51627906976744
2025-01-17 01:00:00+00:00,110.57,50.51627906976744
2025-01-17 02:00:00+00:00,112.75,50.51627906976744
2025-01-17 03:00:00+00:00,114.59,50.51627906976744
2025-01-17 04:00:00+00:00,120.97,50.51627906976744
2025-01-17 05:00:00+00:00,140.8,50.51627906976744
2025-01-17 06:00:00+00:00,175.01,50.51627906976744
2025-01-17 07:00:00+00:00,205.46,50.51627906976744
2025-01-17 08:00:00+00:00,175.34,50.51627906976744
2025-01-17 09:00:00+00:00,152.7,50.51627906976744
2025-01-17 10:00:00+00:00,123.25,50.51627906976744
2025-01-17 11:00:00+00:00,122.26,50.51627906976744
2025-01-17 12:00:00+00:00,122.69,50.51627906976744
2025-01-17 13:00:00+00:00,131.26,50.51627906976744
2025-01-17 14:00:00+00:00,152.17,50.51627906976744
2025-01-17 15:00:00+00:00,168.18,50.51627906976744
2025-01-17 16:00:00+00:00,164.14,50.51627906976744
2025-01-17 17:00:00+00:00,179.92,50.51627906976744
2025-01-17 18:00:00+00:00,174.22,50.51627906976744
2025-01-17 19:00:00+00:00,148.98,50.51627906976744
2025-01-17 20:00:00+00:00,135.5,50.51627906976744
2025-01-17 21:00:00+00:00,139.97,50.51627906976744
2025-01-17 22:00:00+00:00,122.76,50.51627906976744
2025-01-17 23:00:00+00:00,122.24,51.14186046511628
2025-01-18 00:00:00+00:00,120.47,51.14186046511628
2025-01-18 01:00:00+00:00,119.56,51.14186046511628
2025-01-18 02:00:00+00:00,118.67,51.14186046511628
2025-01-18 03:00:00+00:00,114.68,51.14186046511628
2025-01-18 04:00:00+00:00,119.58,51.14186046511628
2025-01-18 05:00:00+00:00,119.4,51.14186046511628
2025-01-18 06:00:00+00:00,125.95,51.14186046511628
2025-01-18 07:00:00+00:00,144.6,51.14186046511628
2025-01-18 08:00:00+00:00,144.1,51.14186046511628
2025-01-18 09:00:00+00:00,122.3,51.14186046511628
2025-01-18 10:00:00+00:00,120.82,51.14186046511628
2025-01-18 11:00:00+00:00,118.87,51.14186046511628
2025-01-18 12:00:00+00:00,115.01,51.14186046511628
2025-01-18 13:00:00+00:00,119.38,51.14186046511628
2025-01-18 14:00:00+00:00,133.58,51.14186046511628
2025-01-18 15:00:00+00:00,144.92,51.14186046511628
2025-01-18 16:00:00+00:00,162.44,51.14186046511628
2025-01-18 17:00:00+00:00,167.57,51.14186046511628
2025-01-18 18:00:00+00:00,167.85,51.14186046511628
2025-01-18 19:00:00+00:00,156.12,51.14186046511628
2025-01-18 20:00:00+00:00,143.42,51.14186046511628
2025-01-18 21:00:00+00:00,136.4,51.14186046511628
2025-01-18 22:00:00+00:00,129.36,51.14186046511628
2025-01-18 23:00:00+00:00,129.2,51.995348837209306
2025-01-19 00:00:00+00:00,121.74,51.995348837209306
2025-01-19 01:00:00+00:00,121.05,51.995348837209306
2025-01-19 02:00:00+00:00,121.24,51.995348837209306
2025-01-19 03:00:00+00:00,120.18,51.995348837209306
2025-01-19 04:00:00+00:00,120,51.995348837209306
2025-01-19 05:00:00+00:00,121.22,51.995348837209306
2025-01-19 06:00:00+00:00,120.96,51.995348837209306
2025-01-19 07:00:00+00:00,123.34,51.995348837209306
2025-01-19 08:00:00+00:00,122.16,51.995348837209306
2025-01-19 09:00:00+00:00,121.02,51.995348837209306
2025-01-19 10:00:00+00:00,113.15,51.995348837209306
2025-01-19 11:00:00+00:00,112.25,51.995348837209306
2025-01-19 12:00:00+00:00,107.51,51.995348837209306
2025-01-19 13:00:00+00:00,116.81,51.995348837209306
2025-01-19 14:00:00+00:00,126.8,51.995348837209306
2025-01-19 15:00:00+00:00,139.98,51.995348837209306
2025-01-19 16:00:00+00:00,147.52,51.995348837209306
2025-01-19 17:00:00+00:00,157.97,51.995348837209306
2025-01-19 18:00:00+00:00,154.75,51.995348837209306
2025-01-19 19:00:00+00:00,146.87,51.995348837209306
2025-01-19 20:00:00+00:00,133.45,51.995348837209306
2025-01-19 21:00:00+00:00,120.69,51.995348837209306
2025-01-19 22:00:00+00:00,119.77,51.995348837209306
2025-01-19 23:00:00+00:00,121.6,52.674418604651166
2025-01-20 00:00:00+00:00,118.23,52.674418604651166
2025-01-20 01:00:00+00:00,116.42,52.674418604651166
2025-01-20 02:00:00+00:00,114.41,52.674418604651166
2025-01-20 03:00:00+00:00,115.45,52.674418604651166
2025-01-20 04:00:00+00:00,123.75,52.674418604651166
2025-01-20 05:00:00+00:00,153.01,52.674418604651166
2025-01-20 06:00:00+00:00,180.84,52.674418604651166
2025-01-20 07:00:00+00:00,176.16,52.674418604651166
2025-01-20 08:00:00+00:00,152.67,52.674418604651166
2025-01-20 09:00:00+00:00,140.63,52.674418604651166
2025-01-20 10:00:00+00:00,172.14,52.674418604651166
2025-01-20 11:00:00+00:00,165.85,52.674418604651166
2025-01-20 12:00:00+00:00,147.95,52.674418604651166
2025-01-20 13:00:00+00:00,141.4,52.674418604651166
2025-01-20 14:00:00+00:00,187.9,52.674418604651166
2025-01-20 15:00:00+00:00,168.47,52.674418604651166
2025-01-20 16:00:00+00:00,163,52.674418604651166
2025-01-20 17:00:00+00:00,140.83,52.674418604651166
2025-01-20 18:00:00+00:00,148.39,52.674418604651166
2025-01-20 19:00:00+00:00,132.47,52.674418604651166
2025-01-20 20:00:00+00:00,128.01,52.674418604651166
2025-01-20 21:00:00+00:00,131.45,52.674418604651166
2025-01-20 22:00:00+00:00,123.43,52.674418604651166
2025-01-20 23:00:00+00:00,124.37,51.08372093023256
2025-01-21 00:00:00+00:00,115.15,51.08372093023256
2025-01-21 01:00:00+00:00,114.59,51.08372093023256
2025-01-21 02:00:00+00:00,112.68,51.08372093023256
2025-01-21 03:00:00+00:00,110.85,51.08372093023256
2025-01-21 04:00:00+00:00,117.81,51.08372093023256
2025-01-21 05:00:00+00:00,135.08,51.08372093023256
2025-01-21 06:00:00+00:00,174.87,51.08372093023256
2025-01-21 07:00:00+00:00,198.35,51.08372093023256
2025-01-21 08:00:00+00:00,164.7,51.08372093023256
2025-01-21 09:00:00+00:00,136.12,51.08372093023256
2025-01-21 10:00:00+00:00,131.49,51.08372093023256
2025-01-21 11:00:00+00:00,140.13,51.08372093023256
2025-01-21 12:00:00+00:00,137.4,51.08372093023256
2025-01-21 13:00:00+00:00,144.4,51.08372093023256
2025-01-21 14:00:00+00:00,187.33,51.08372093023256
2025-01-21 15:00:00+00:00,207.31,51.08372093023256
2025-01-21 16:00:00+00:00,246.62,51.08372093023256
2025-01-21 17:00:00+00:00,217.28,51.08372093023256
2025-01-21 18:00:00+00:00,201.65,51.08372093023256
2025-01-21 19:00:00+00:00,173.82,51.08372093023256
2025-01-21 20:00:00+00:00,125.39,51.08372093023256
2025-01-21 21:00:00+00:00,138,51.08372093023256
2025-01-21 22:00:00+00:00,124.16,51.08372093023256
2025-01-21 23:00:00+00:00,129.05,52.518604651162796
2025-01-22 00:00:00+00:00,125.4,52.518604651162796
2025-01-22 01:00:00+00:00,122.54,52.518604651162796
2025-01-22 02:00:00+00:00,121.76,52.518604651162796
2025-01-22 03:00:00+00:00,123.28,52.518604651162796
2025-01-22 04:00:00+00:00,127.9,52.518604651162796
2025-01-22 05:00:00+00:00,139.16,52.518604651162796
2025-01-22 06:00:00+00:00,201.23,52.518604651162796
2025-01-22 07:00:00+00:00,235,52.518604651162796
2025-01-22 08:00:00+00:00,169.06,52.518604651162796
2025-01-22 09:00:00+00:00,114.23,52.518604651162796
2025-01-22 10:00:00+00:00,109.22,52.518604651162796
2025-01-22 11:00:00+00:00,110.97,52.518604651162796
2025-01-22 12:00:00+00:00,119.02,52.518604651162796
2025-01-22 13:00:00+00:00,108.89,52.518604651162796
2025-01-22 14:00:00+00:00,166.87,52.518604651162796
2025-01-22 15:00:00+00:00,168.8,52.518604651162796
2025-01-22 16:00:00+00:00,135.34,52.518604651162796
2025-01-22 17:00:00+00:00,122.16,52.518604651162796
2025-01-22 18:00:00+00:00,139.96,52.518604651162796
2025-01-22 19:00:00+00:00,125.8,52.518604651162796
2025-01-22 20:00:00+00:00,116.47,52.518604651162796
2025-01-22 21:00:00+00:00,114.67,52.518604651162796
2025-01-22 22:00:00+00:00,111.44,52.518604651162796
2025-01-22 23:00:00+00:00,111.99,53.64418604651163
2025-01-23 00:00:00+00:00,107.09,53.64418604651163
2025-01-23 01:00:00+00:00,106.93,53.64418604651163
2025-01-23 02:00:00+00:00,103.48,53.64418604651163
2025-01-23 03:00:00+00:00,100.87,53.64418604651163
2025-01-23 04:00:00+00:00,106.25,53.64418604651163
2025-01-23 05:00:00+00:00,115.73,53.64418604651163
2025-01-23 06:00:00+00:00,136.07,53.64418604651163
2025-01-23 07:00:00+00:00,153.56,53.64418604651163
2025-01-23 08:00:00+00:00,141.99,53.64418604651163
2025-01-23 09:00:00+00:00,116.98,53.64418604651163
2025-01-23 10:00:00+00:00,109.52,53.64418604651163
2025-01-23 11:00:00+00:00,97.8,53.64418604651163
2025-01-23 12:00:00+00:00,108.15,53.64418604651163
2025-01-23 13:00:00+00:00,111.76,53.64418604651163
2025-01-23 14:00:00+00:00,112.87,53.64418604651163
2025-01-23 15:00:00+00:00,117.09,53.64418604651163
2025-01-23 16:00:00+00:00,116.94,53.64418604651163
2025-01-23 17:00:00+00:00,117.55,53.64418604651163
2025-01-23 18:00:00+00:00,113.54,53.64418604651163
2025-01-23 19:00:00+00:00,102.11,53.64418604651163
2025-01-23 20:00:00+00:00,93.3,53.64418604651163
2025-01-23 21:00:00+00:00,92.8,53.64418604651163
2025-01-23 22:00:00+00:00,93.13,53.64418604651163
2025-01-23 23:00:00+00:00,83.05,53.26279069767442
2025-01-24 00:00:00+00:00,83.91,53.26279069767442
2025-01-24 01:00:00+00:00,82.58,53.26279069767442
2025-01-24 02:00:00+00:00,85.37,53.26279069767442
2025-01-24 03:00:00+00:00,97.94,53.26279069767442
2025-01-24 04:00:00+00:00,106.27,53.26279069767442
2025-01-24 05:00:00+00:00,117.06,53.26279069767442
2025-01-24 06:00:00+00:00,126.69,53.26279069767442
2025-01-24 07:00:00+00:00,144.07,53.26279069767442
2025-01-24 08:00:00+00:00,137.65,53.26279069767442
2025-01-24 09:00:00+00:00,126.7,53.26279069767442
2025-01-24 10:00:00+00:00,112.56,53.26279069767442
2025-01-24 11:00:00+00:00,109.37,53.26279069767442
2025-01-24 12:00:00+00:00,109.31,53.26279069767442
2025-01-24 13:00:00+00:00,109.39,53.26279069767442
2025-01-24 14:00:00+00:00,126.69,53.26279069767442
2025-01-24 15:00:00+00:00,131.25,53.26279069767442
2025-01-24 16:00:00+00:00,122.29,53.26279069767442
2025-01-24 17:00:00+00:00,107.84,53.26279069767442
2025-01-24 18:00:00+00:00,101.34,53.26279069767442
2025-01-24 19:00:00+00:00,95.71,53.26279069767442
2025-01-24 20:00:00+00:00,81.4,53.26279069767442
2025-01-24 21:00:00+00:00,82.23,53.26279069767442
2025-01-24 22:00:00+00:00,60.35,53.26279069767442
2025-01-24 23:00:00+00:00,76.01,52.013953488372096
2025-01-25 00:00:00+00:00,78.19,52.013953488372096
2025-01-25 01:00:00+00:00,77.12,52.013953488372096
2025-01-25 02:00:00+00:00,76.54,52.013953488372096
2025-01-25 03:00:00+00:00,82.41,52.013953488372096
2025-01-25 04:00:00+00:00,86.62,52.013953488372096
2025-01-25 05:00:00+00:00,89.49,52.013953488372096
2025-01-25 06:00:00+00:00,94.77,52.013953488372096
2025-01-25 07:00:00+00:00,98.61,52.013953488372096
2025-01-25 08:00:00+00:00,96.95,52.013953488372096
2025-01-25 09:00:00+00:00,90.64,52.013953488372096
2025-01-25 10:00:00+00:00,88.68,52.013953488372096
2025-01-25 11:00:00+00:00,84.64,52.013953488372096
2025-01-25 12:00:00+00:00,83.7,52.013953488372096
2025-01-25 13:00:00+00:00,93.4,52.013953488372096
2025-01-25 14:00:00+00:00,111.83,52.013953488372096
2025-01-25 15:00:00+00:00,132.28,52.013953488372096
2025-01-25 16:00:00+00:00,145.59,52.013953488372096
2025-01-25 17:00:00+00:00,150.63,52.013953488372096
2025-01-25 18:00:00+00:00,146.58,52.013953488372096
2025-01-25 19:00:00+00:00,136.59,52.013953488372096
2025-01-25 20:00:00+00:00,128.57,52.013953488372096
2025-01-25 21:00:00+00:00,128.16,52.013953488372096
2025-01-25 22:00:00+00:00,122.6,52.013953488372096
2025-01-25 23:00:00+00:00,127.54,52.12325581395349
2025-01-26 00:00:00+00:00,116.91,52.12325581395349
2025-01-26 01:00:00+00:00,113.04,52.12325581395349
2025-01-26 02:00:00+00:00,108.09,52.12325581395349
2025-01-26 03:00:00+00:00,107.2,52.12325581395349
2025-01-26 04:00:00+00:00,109.52,52.12325581395349
2025-01-26 05:00:00+00:00,112.21,52.12325581395349
2025-01-26 06:00:00+00:00,119.36,52.12325581395349
2025-01-26 07:00:00+00:00,126.38,52.12325581395349
2025-01-26 08:00:00+00:00,123.02,52.12325581395349
2025-01-26 09:00:00+00:00,107.44,52.12325581395349
2025-01-26 10:00:00+00:00,103.16,52.12325581395349
2025-01-26 11:00:00+00:00,97.03,52.12325581395349
2025-01-26 12:00:00+00:00,98.52,52.12325581395349
2025-01-26 13:00:00+00:00,101.22,52.12325581395349
2025-01-26 14:00:00+00:00,113.68,52.12325581395349
2025-01-26 15:00:00+00:00,128.42,52.12325581395349
2025-01-26 16:00:00+00:00,134.82,52.12325581395349
2025-01-26 17:00:00+00:00,124.04,52.12325581395349
2025-01-26 18:00:00+00:00,109.94,52.12325581395349
2025-01-26 19:00:00+00:00,108.37,52.12325581395349
2025-01-26 20:00:00+00:00,93.77,52.12325581395349
2025-01-26 21:00:00+00:00,93.38,52.12325581395349
2025-01-26 22:00:00+00:00,94.16,52.12325581395349
2025-01-26 23:00:00+00:00,52.13,51.98372093023256
2025-01-27 00:00:00+00:00,47.24,51.98372093023256
2025-01-27 01:00:00+00:00,47.67,51.98372093023256
2025-01-27 02:00:00+00:00,54.42,51.98372093023256
2025-01-27 03:00:00+00:00,71.02,51.98372093023256
2025-01-27 04:00:00+00:00,90.04,51.98372093023256
2025-01-27 05:00:00+00:00,110.66,51.98372093023256
2025-01-27 06:00:00+00:00,122.67,51.98372093023256
2025-01-27 07:00:00+00:00,120.55,51.98372093023256
2025-01-27 08:00:00+00:00,100.09,51.98372093023256
2025-01-27 09:00:00+00:00,75.96,51.98372093023256
2025-01-27 10:00:00+00:00,73.76,51.98372093023256
2025-01-27 11:00:00+00:00,73.14,51.98372093023256
2025-01-27 12:00:00+00:00,79.04,51.98372093023256
2025-01-27 13:00:00+00:00,94.62,51.98372093023256
2025-01-27 14:00:00+00:00,118.34,51.98372093023256
2025-01-27 15:00:00+00:00,124.3,51.98372093023256
2025-01-27 16:00:00+00:00,129.88,51.98372093023256
2025-01-27 17:00:00+00:00,125.31,51.98372093023256
2025-01-27 18:00:00+00:00,121.96,51.98372093023256
2025-01-27 19:00:00+00:00,111.97,51.98372093023256
2025-01-27 20:00:00+00:00,96.73,51.98372093023256
2025-01-27 21:00:00+00:00,99.33,51.98372093023256
2025-01-27 22:00:00+00:00,85.88,51.98372093023256
2025-01-27 23:00:00+00:00,82.36,51.830232558139535
2025-01-28 00:00:00+00:00,84.11,51.830232558139535
2025-01-28 01:00:00+00:00,90.64,51.830232558139535
2025-01-28 02:00:00+00:00,100.79,51.830232558139535
2025-01-28 03:00:00+00:00,106.31,51.830232558139535
2025-01-28 04:00:00+00:00,101.98,51.830232558139535
2025-01-28 05:00:00+00:00,124.03,51.830232558139535
2025-01-28 06:00:00+00:00,135.34,51.830232558139535
2025-01-28 07:00:00+00:00,147.58,51.830232558139535
2025-01-28 08:00:00+00:00,133.28,51.830232558139535
2025-01-28 09:00:00+00:00,124.31,51.830232558139535
2025-01-28 10:00:00+00:00,119.75,51.830232558139535
2025-01-28 11:00:00+00:00,117.59,51.830232558139535
2025-01-28 12:00:00+00:00,120.9,51.830232558139535
2025-01-28 13:00:00+00:00,125.04,51.830232558139535
2025-01-28 14:00:00+00:00,136.91,51.830232558139535
2025-01-28 15:00:00+00:00,146.83,51.830232558139535
2025-01-28 16:00:00+00:00,152.2,51.830232558139535
2025-01-28 17:00:00+00:00,140.54,51.830232558139535
2025-01-28 18:00:00+00:00,133.43,51.830232558139535
2025-01-28 19:00:00+00:00,117.92,51.830232558139535
2025-01-28 20:00:00+00:00,97.9,51.830232558139535
2025-01-28 21:00:00+00:00,101.05,51.830232558139535
2025-01-28 22:00:00+00:00,94.48,51.830232558139535
2025-01-28 23:00:00+00:00,87.81,51.83720930232558
2025-01-29 00:00:00+00:00,84.94,51.83720930232558
2025-01-29 01:00:00+00:00,80.49,51.83720930232558
2025-01-29 02:00:00+00:00,78.86,51.83720930232558
2025-01-29 03:00:00+00:00,83.82,51.83720930232558
2025-01-29 04:00:00+00:00,95.92,51.83720930232558
2025-01-29 05:00:00+00:00,115.93,51.83720930232558
2025-01-29 06:00:00+00:00,142.32,51.83720930232558
2025-01-29 07:00:00+00:00,143.81,51.83720930232558
2025-01-29 08:00:00+00:00,132.62,51.83720930232558
2025-01-29 09:00:00+00:00,107.2,51.83720930232558
2025-01-29 10:00:00+00:00,90.79,51.83720930232558
2025-01-29 11:00:00+00:00,85.43,51.83720930232558
2025-01-29 12:00:00+00:00,85.9,51.83720930232558
2025-01-29 13:00:00+00:00,92.59,51.83720930232558
2025-01-29 14:00:00+00:00,115.33,51.83720930232558
2025-01-29 15:00:00+00:00,130.8,51.83720930232558
2025-01-29 16:00:00+00:00,146.92,51.83720930232558
2025-01-29 17:00:00+00:00,145.46,51.83720930232558
2025-01-29 18:00:00+00:00,133.29,51.83720930232558
2025-01-29 19:00:00+00:00,106.71,51.83720930232558
2025-01-29 20:00:00+00:00,90.48,51.83720930232558
2025-01-29 21:00:00+00:00,100.51,51.83720930232558
2025-01-29 22:00:00+00:00,93.02,51.83720930232558
2025-01-29 23:00:00+00:00,95.59,53.12093023255814
2025-01-30 00:00:00+00:00,95.43,53.12093023255814
2025-01-30 01:00:00+00:00,95.25,53.12093023255814
2025-01-30 02:00:00+00:00,96.12,53.12093023255814
2025-01-30 03:00:00+00:00,95.75,53.12093023255814
2025-01-30 04:00:00+00:00,110.72,53.12093023255814
2025-01-30 05:00:00+00:00,139.57,53.12093023255814
2025-01-30 06:00:00+00:00,153.13,53.12093023255814
2025-01-30 07:00:00+00:00,160.3,53.12093023255814
2025-01-30 08:00:00+00:00,151.61,53.12093023255814
2025-01-30 09:00:00+00:00,123.61,53.12093023255814
2025-01-30 10:00:00+00:00,123.25,53.12093023255814
2025-01-30 11:00:00+00:00,113.23,53.12093023255814
2025-01-30 12:00:00+00:00,113.3,53.12093023255814
2025-01-30 13:00:00+00:00,129.74,53.12093023255814
2025-01-30 14:00:00+00:00,153.67,53.12093023255814
2025-01-30 15:00:00+00:00,161.41,53.12093023255814
2025-01-30 16:00:00+00:00,179.34,53.12093023255814
2025-01-30 17:00:00+00:00,175.27,53.12093023255814
2025-01-30 18:00:00+00:00,161.29,53.12093023255814
2025-01-30 19:00:00+00:00,150.54,53.12093023255814
2025-01-30 20:00:00+00:00,134.45,53.12093023255814
2025-01-30 21:00:00+00:00,126.47,53.12093023255814
2025-01-30 22:00:00+00:00,120.2,53.12093023255814
2025-01-30 23:00:00+00:00,120,55.269767441860466
2025-01-31 00:00:00+00:00,117.03,55.269767441860466
2025-01-31 01:00:00+00:00,113.86,55.269767441860466
2025-01-31 02:00:00+00:00,112.95,55.269767441860466
2025-01-31 03:00:00+00:00,116.48,55.269767441860466
2025-01-31 04:00:00+00:00,121.03,55.269767441860466
2025-01-31 05:00:00+00:00,141.32,55.269767441860466
2025-01-31 06:00:00+00:00,158.85,55.269767441860466
2025-01-31 07:00:00+00:00,163.7,55.269767441860466
2025-01-31 08:00:00+00:00,154.82,55.269767441860466
2025-01-31 09:00:00+00:00,130.1,55.269767441860466
2025-01-31 10:00:00+00:00,126.2,55.269767441860466
2025-01-31 11:00:00+00:00,120.06,55.269767441860466
2025-01-31 12:00:00+00:00,121.19,55.269767441860466
2025-01-31 13:00:00+00:00,119.86,55.269767441860466
2025-01-31 14:00:00+00:00,151.11,55.269767441860466
2025-01-31 15:00:00+00:00,168.6,55.269767441860466
2025-01-31 16:00:00+00:00,185.32,55.269767441860466
2025-01-31 17:00:00+00:00,184.48,55.269767441860466
2025-01-31 18:00:00+00:00,178.99,55.269767441860466
2025-01-31 19:00:00+00:00,162.66,55.269767441860466
2025-01-31 20:00:00+00:00,152.7,55.269767441860466
2025-01-31 21:00:00+00:00,129.72,55.269767441860466
2025-01-31 22:00:00+00:00,124.97,55.269767441860466
2025-01-31 23:00:00+00:00,131.89,56.32790697674419
2025-02-01 00:00:00+00:00,125.69,56.32790697674419
2025-02-01 01:00:00+00:00,121.27,56.32790697674419
2025-02-01 02:00:00+00:00,119.16,56.32790697674419
2025-02-01 03:00:00+00:00,119.13,56.32790697674419
2025-02-01 04:00:00+00:00,120.78,56.32790697674419
2025-02-01 05:00:00+00:00,127.16,56.32790697674419
2025-02-01 06:00:00+00:00,144.74,56.32790697674419
2025-02-01 07:00:00+00:00,153.46,56.32790697674419
2025-02-01 08:00:00+00:00,142.44,56.32790697674419
2025-02-01 09:00:00+00:00,128.4,56.32790697674419
2025-02-01 10:00:00+00:00,120.08,56.32790697674419
2025-02-01 11:00:00+00:00,118.83,56.32790697674419
2025-02-01 12:00:00+00:00,121.05,56.32790697674419
2025-02-01 13:00:00+00:00,119.68,56.32790697674419
2025-02-01 14:00:00+00:00,129.82,56.32790697674419
2025-02-01 15:00:00+00:00,154.92,56.32790697674419
2025-02-01 16:00:00+00:00,168.14,56.32790697674419
2025-02-01 17:00:00+00:00,167.45,56.32790697674419
2025-02-01 18:00:00+00:00,162.98,56.32790697674419
2025-02-01 19:00:00+00:00,156.6,56.32790697674419
2025-02-01 20:00:00+00:00,145.24,56.32790697674419
2025-02-01 21:00:00+00:00,141.73,56.32790697674419
2025-02-01 22:00:00+00:00,131.74,56.32790697674419
2025-02-01 23:00:00+00:00,133.26,57.41627906976744
2025-02-02 00:00:00+00:00,126.91,57.41627906976744
2025-02-02 01:00:00+00:00,122.99,57.41627906976744
2025-02-02 02:00:00+00:00,120.66,57.41627906976744
2025-02-02 03:00:00+00:00,122.34,57.41627906976744
2025-02-02 04:00:00+00:00,123.41,57.41627906976744
2025-02-02 05:00:00+00:00,128.09,57.41627906976744
2025-02-02 06:00:00+00:00,135.9,57.41627906976744
2025-02-02 07:00:00+00:00,137.3,57.41627906976744
2025-02-02 08:00:00+00:00,137.7,57.41627906976744
2025-02-02 09:00:00+00:00,130.04,57.41627906976744
2025-02-02 10:00:00+00:00,129.33,57.41627906976744
2025-02-02 11:00:00+00:00,122.24,57.41627906976744
2025-02-02 12:00:00+00:00,119.66,57.41627906976744
2025-02-02 13:00:00+00:00,116.6,57.41627906976744
2025-02-02 14:00:00+00:00,128.71,57.41627906976744
2025-02-02 15:00:00+00:00,152.75,57.41627906976744
2025-02-02 16:00:00+00:00,165.01,57.41627906976744
2025-02-02 17:00:00+00:00,172.36,57.41627906976744
2025-02-02 18:00:00+00:00,173.95,57.41627906976744
2025-02-02 19:00:00+00:00,165.5,57.41627906976744
2025-02-02 20:00:00+00:00,155.77,57.41627906976744
2025-02-02 21:00:00+00:00,148.44,57.41627906976744
2025-02-02 22:00:00+00:00,133.24,57.41627906976744
2025-02-02 23:00:00+00:00,129.54,57.53953488372093
2025-02-03 00:00:00+00:00,126.63,57.53953488372093
2025-02-03 01:00:00+00:00,124.72,57.53953488372093
2025-02-03 02:00:00+00:00,120.04,57.53953488372093
2025-02-03 03:00:00+00:00,123.24,57.53953488372093
2025-02-03 04:00:00+00:00,127.77,57.53953488372093
2025-02-03 05:00:00+00:00,159.18,57.53953488372093
2025-02-03 06:00:00+00:00,204.43,57.53953488372093
2025-02-03 07:00:00+00:00,205.84,57.53953488372093
2025-02-03 08:00:00+00:00,152.45,57.53953488372093
2025-02-03 09:00:00+00:00,132.49,57.53953488372093
2025-02-03 10:00:00+00:00,126.13,57.53953488372093
2025-02-03 11:00:00+00:00,117.27,57.53953488372093
2025-02-03 12:00:00+00:00,115.53,57.53953488372093
2025-02-03 13:00:00+00:00,124.37,57.53953488372093
2025-02-03 14:00:00+00:00,147.22,57.53953488372093
2025-02-03 15:00:00+00:00,169.85,57.53953488372093
2025-02-03 16:00:00+00:00,215.06,57.53953488372093
2025-02-03 17:00:00+00:00,200.73,57.53953488372093
2025-02-03 18:00:00+00:00,201.1,57.53953488372093
2025-02-03 19:00:00+00:00,167.74,57.53953488372093
2025-02-03 20:00:00+00:00,139.31,57.53953488372093
2025-02-03 21:00:00+00:00,144.21,57.53953488372093
2025-02-03 22:00:00+00:00,135.81,57.53953488372093
2025-02-03 23:00:00+00:00,132.4,57.85116279069767
2025-02-04 00:00:00+00:00,125.54,57.85116279069767
2025-02-04 01:00:00+00:00,123.18,57.85116279069767
2025-02-04 02:00:00+00:00,123.99,57.85116279069767
2025-02-04 03:00:00+00:00,123.25,57.85116279069767
2025-02-04 04:00:00+00:00,127.63,57.85116279069767
2025-02-04 05:00:00+00:00,155.39,57.85116279069767
2025-02-04 06:00:00+00:00,191.38,57.85116279069767
2025-02-04 07:00:00+00:00,211.99,57.85116279069767
2025-02-04 08:00:00+00:00,152.44,57.85116279069767
2025-02-04 09:00:00+00:00,126.49,57.85116279069767
2025-02-04 10:00:00+00:00,121.91,57.85116279069767
2025-02-04 11:00:00+00:00,117.42,57.85116279069767
2025-02-04 12:00:00+00:00,113.18,57.85116279069767
2025-02-04 13:00:00+00:00,120.09,57.85116279069767
2025-02-04 14:00:00+00:00,137.06,57.85116279069767
2025-02-04 15:00:00+00:00,177.11,57.85116279069767
2025-02-04 16:00:00+00:00,195.96,57.85116279069767
2025-02-04 17:00:00+00:00,175,57.85116279069767
2025-02-04 18:00:00+00:00,182.16,57.85116279069767
2025-02-04 19:00:00+00:00,165,57.85116279069767
2025-02-04 20:00:00+00:00,131.97,57.85116279069767
2025-02-04 21:00:00+00:00,130.49,57.85116279069767
2025-02-04 22:00:00+00:00,122.57,57.85116279069767
2025-02-04 23:00:00+00:00,114.86,56.43488372093023
2025-02-05 00:00:00+00:00,116.05,56.43488372093023
2025-02-05 01:00:00+00:00,116.81,56.43488372093023
2025-02-05 02:00:00+00:00,118.02,56.43488372093023
2025-02-05 03:00:00+00:00,118.25,56.43488372093023
2025-02-05 04:00:00+00:00,122.48,56.43488372093023
2025-02-05 05:00:00+00:00,152.05,56.43488372093023
2025-02-05 06:00:00+00:00,170.93,56.43488372093023
2025-02-05 07:00:00+00:00,180.81,56.43488372093023
2025-02-05 08:00:00+00:00,118.47,56.43488372093023
2025-02-05 09:00:00+00:00,125.64,56.43488372093023
2025-02-05 10:00:00+00:00,121.6,56.43488372093023
2025-02-05 11:00:00+00:00,116.74,56.43488372093023
2025-02-05 12:00:00+00:00,119.37,56.43488372093023
2025-02-05 13:00:00+00:00,128.85,56.43488372093023
2025-02-05 14:00:00+00:00,144.12,56.43488372093023
2025-02-05 15:00:00+00:00,160.42,56.43488372093023
2025-02-05 16:00:00+00:00,177.18,56.43488372093023
2025-02-05 17:00:00+00:00,189.9,56.43488372093023
2025-02-05 18:00:00+00:00,189.63,56.43488372093023
2025-02-05 19:00:00+00:00,170,56.43488372093023
2025-02-05 20:00:00+00:00,146.23,56.43488372093023
2025-02-05 21:00:00+00:00,143.7,56.43488372093023
2025-02-05 22:00:00+00:00,133.6,56.43488372093023
2025-02-05 23:00:00+00:00,133.67,56.06279069767442
2025-02-06 00:00:00+00:00,129.76,56.06279069767442
2025-02-06 01:00:00+00:00,125.93,56.06279069767442
2025-02-06 02:00:00+00:00,125,56.06279069767442
2025-02-06 03:00:00+00:00,125.01,56.06279069767442
2025-02-06 04:00:00+00:00,134.64,56.06279069767442
2025-02-06 05:00:00+00:00,155.19,56.06279069767442
2025-02-06 06:00:00+00:00,180.09,56.06279069767442
2025-02-06 07:00:00+00:00,219.14,56.06279069767442
2025-02-06 08:00:00+00:00,178.96,56.06279069767442
2025-02-06 09:00:00+00:00,160.35,56.06279069767442
2025-02-06 10:00:00+00:00,151.2,56.06279069767442
2025-02-06 11:00:00+00:00,146.27,56.06279069767442
2025-02-06 12:00:00+00:00,143.46,56.06279069767442
2025-02-06 13:00:00+00:00,138.9,56.06279069767442
2025-02-06 14:00:00+00:00,150.29,56.06279069767442
2025-02-06 15:00:00+00:00,183.19,56.06279069767442
2025-02-06 16:00:00+00:00,183.19,56.06279069767442
2025-02-06 17:00:00+00:00,171.3,56.06279069767442
2025-02-06 18:00:00+00:00,166.54,56.06279069767442
2025-02-06 19:00:00+00:00,145.86,56.06279069767442
2025-02-06 20:00:00+00:00,128.71,56.06279069767442
2025-02-06 21:00:00+00:00,129.42,56.06279069767442
2025-02-06 22:00:00+00:00,121.95,56.06279069767442
2025-02-06 23:00:00+00:00,126.05,57.98604651162791
2025-02-07 00:00:00+00:00,120.19,57.98604651162791
2025-02-07 01:00:00+00:00,119.29,57.98604651162791
2025-02-07 02:00:00+00:00,119.08,57.98604651162791
2025-02-07 03:00:00+00:00,121.54,57.98604651162791
2025-02-07 04:00:00+00:00,119.41,57.98604651162791
2025-02-07 05:00:00+00:00,156.86,57.98604651162791
2025-02-07 06:00:00+00:00,190.07,57.98604651162791
2025-02-07 07:00:00+00:00,166.24,57.98604651162791
2025-02-07 08:00:00+00:00,150.65,57.98604651162791
2025-02-07 09:00:00+00:00,155.96,57.98604651162791
2025-02-07 10:00:00+00:00,143.92,57.98604651162791
2025-02-07 11:00:00+00:00,130.49,57.98604651162791
2025-02-07 12:00:00+00:00,127.06,57.98604651162791
2025-02-07 13:00:00+00:00,124.99,57.98604651162791
2025-02-07 14:00:00+00:00,124.62,57.98604651162791
2025-02-07 15:00:00+00:00,148.7,57.98604651162791
2025-02-07 16:00:00+00:00,148.66,57.98604651162791
2025-02-07 17:00:00+00:00,144.99,57.98604651162791
2025-02-07 18:00:00+00:00,140.55,57.98604651162791
2025-02-07 19:00:00+00:00,122.53,57.98604651162791
2025-02-07 20:00:00+00:00,97.51,57.98604651162791
2025-02-07 21:00:00+00:00,100.62,57.98604651162791
2025-02-07 22:00:00+00:00,101.12,57.98604651162791
2025-02-07 23:00:00+00:00,83.31,58.139534883720934
2025-02-08 00:00:00+00:00,85.98,58.139534883720934
2025-02-08 01:00:00+00:00,86.2,58.139534883720934
2025-02-08 02:00:00+00:00,87.81,58.139534883720934
2025-02-08 03:00:00+00:00,89.69,58.139534883720934
2025-02-08 04:00:00+00:00,90.99,58.139534883720934
2025-02-08 05:00:00+00:00,90.56,58.139534883720934
2025-02-08 06:00:00+00:00,95.22,58.139534883720934
2025-02-08 07:00:00+00:00,111.87,58.139534883720934
2025-02-08 08:00:00+00:00,94.71,58.139534883720934
2025-02-08 09:00:00+00:00,66.96,58.139534883720934
2025-02-08 10:00:00+00:00,54.91,58.139534883720934
2025-02-08 11:00:00+00:00,57.34,58.139534883720934
2025-02-08 12:00:00+00:00,78.9,58.139534883720934
2025-02-08 13:00:00+00:00,91.82,58.139534883720934
2025-02-08 14:00:00+00:00,118,58.139534883720934
2025-02-08 15:00:00+00:00,139.21,58.139534883720934
2025-02-08 16:00:00+00:00,147.7,58.139534883720934
2025-02-08 17:00:00+00:00,160.48,58.139534883720934
2025-02-08 18:00:00+00:00,160.77,58.139534883720934
2025-02-08 19:00:00+00:00,155.9,58.139534883720934
2025-02-08 20:00:00+00:00,149,58.139534883720934
2025-02-08 21:00:00+00:00,143.89,58.139534883720934
2025-02-08 22:00:00+00:00,136.11,58.139534883720934
2025-02-08 23:00:00+00:00,135,59.69767441860465
2025-02-09 00:00:00+00:00,128.6,59.69767441860465
2025-02-09 01:00:00+00:00,125.1,59.69767441860465
2025-02-09 02:00:00+00:00,119.3,59.69767441860465
2025-02-09 03:00:00+00:00,116.8,59.69767441860465
2025-02-09 04:00:00+00:00,117,59.69767441860465
2025-02-09 05:00:00+00:00,117,59.69767441860465
2025-02-09 06:00:00+00:00,133.43,59.69767441860465
2025-02-09 07:00:00+00:00,136.77,59.69767441860465
2025-02-09 08:00:00+00:00,121.11,59.69767441860465
2025-02-09 09:00:00+00:00,110.9,59.69767441860465
2025-02-09 10:00:00+00:00,103.3,59.69767441860465
2025-02-09 11:00:00+00:00,86.98,59.69767441860465
2025-02-09 12:00:00+00:00,97.4,59.69767441860465
2025-02-09 13:00:00+00:00,109.9,59.69767441860465
2025-02-09 14:00:00+00:00,120.4,59.69767441860465
2025-02-09 15:00:00+00:00,140.35,59.69767441860465
2025-02-09 16:00:00+00:00,146.31,59.69767441860465
2025-02-09 17:00:00+00:00,159.91,59.69767441860465
2025-02-09 18:00:00+00:00,154.99,59.69767441860465
2025-02-09 19:00:00+00:00,148.76,59.69767441860465
2025-02-09 20:00:00+00:00,142.67,59.69767441860465
2025-02-09 21:00:00+00:00,143,59.69767441860465
2025-02-09 22:00:00+00:00,128.4,59.69767441860465
2025-02-09 23:00:00+00:00,119.38,59.472093023255816
2025-02-10 00:00:00+00:00,113.66,59.472093023255816
2025-02-10 01:00:00+00:00,111,59.472093023255816
2025-02-10 02:00:00+00:00,107.45,59.472093023255816
2025-02-10 03:00:00+00:00,107.04,59.472093023255816
2025-02-10 04:00:00+00:00,119.09,59.472093023255816
2025-02-10 05:00:00+00:00,153.88,59.472093023255816
2025-02-10 06:00:00+00:00,174.28,59.472093023255816
2025-02-10 07:00:00+00:00,171.92,59.472093023255816
2025-02-10 08:00:00+00:00,124.87,59.472093023255816
2025-02-10 09:00:00+00:00,109.29,59.472093023255816
2025-02-10 10:00:00+00:00,90.46,59.472093023255816
2025-02-10 11:00:00+00:00,84.92,59.472093023255816
2025-02-10 12:00:00+00:00,92.24,59.472093023255816
2025-02-10 13:00:00+00:00,94.88,59.472093023255816
2025-02-10 14:00:00+00:00,140.8,59.472093023255816
2025-02-10 15:00:00+00:00,145.09,59.472093023255816
2025-02-10 16:00:00+00:00,157.09,59.472093023255816
2025-02-10 17:00:00+00:00,149.45,59.472093023255816
2025-02-10 18:00:00+00:00,151.03,59.472093023255816
2025-02-10 19:00:00+00:00,142.69,59.472093023255816
2025-02-10 20:00:00+00:00,102.51,59.472093023255816
2025-02-10 21:00:00+00:00,114.79,59.472093023255816
2025-02-10 22:00:00+00:00,94.98,59.472093023255816
2025-02-10 23:00:00+00:00,115.21,61.27209302325582
2025-02-11 00:00:00+00:00,108.04,61.27209302325582
2025-02-11 01:00:00+00:00,105.54,61.27209302325582
2025-02-11 02:00:00+00:00,106.35,61.27209302325582
2025-02-11 03:00:00+00:00,118.75,61.27209302325582
2025-02-11 04:00:00+00:00,124.49,61.27209302325582
2025-02-11 05:00:00+00:00,149.37,61.27209302325582
2025-02-11 06:00:00+00:00,190.22,61.27209302325582
2025-02-11 07:00:00+00:00,157.62,61.27209302325582
2025-02-11 08:00:00+00:00,110.08,61.27209302325582
2025-02-11 09:00:00+00:00,83.7,61.27209302325582
2025-02-11 10:00:00+00:00,82.91,61.27209302325582
2025-02-11 11:00:00+00:00,86.95,61.27209302325582
2025-02-11 12:00:00+00:00,111.27,61.27209302325582
2025-02-11 13:00:00+00:00,113.65,61.27209302325582
2025-02-11 14:00:00+00:00,135.63,61.27209302325582
2025-02-11 15:00:00+00:00,146.82,61.27209302325582
2025-02-11 16:00:00+00:00,156.06,61.27209302325582
2025-02-11 17:00:00+00:00,160.03,61.27209302325582
2025-02-11 18:00:00+00:00,165.99,61.27209302325582
2025-02-11 19:00:00+00:00,161.35,61.27209302325582
2025-02-11 20:00:00+00:00,145.92,61.27209302325582
2025-02-11 21:00:00+00:00,132.21,61.27209302325582
2025-02-11 22:00:00+00:00,125.86,61.27209302325582
2025-02-11 23:00:00+00:00,129.13,62.883720930232556
2025-02-12 00:00:00+00:00,127.53,62.883720930232556
2025-02-12 01:00:00+00:00,126.82,62.883720930232556
2025-02-12 02:00:00+00:00,126.59,62.883720930232556
2025-02-12 03:00:00+00:00,128.74,62.883720930232556
2025-02-12 04:00:00+00:00,130.62,62.883720930232556
2025-02-12 05:00:00+00:00,148.41,62.883720930232556
2025-02-12 06:00:00+00:00,172.75,62.883720930232556
2025-02-12 07:00:00+00:00,155.64,62.883720930232556
2025-02-12 08:00:00+00:00,99.06,62.883720930232556
2025-02-12 09:00:00+00:00,125.38,62.883720930232556
2025-02-12 10:00:00+00:00,97.35,62.883720930232556
2025-02-12 11:00:00+00:00,97.28,62.883720930232556
2025-02-12 12:00:00+00:00,107.87,62.883720930232556
2025-02-12 13:00:00+00:00,109.73,62.883720930232556
2025-02-12 14:00:00+00:00,119.53,62.883720930232556
2025-02-12 15:00:00+00:00,157.67,62.883720930232556
2025-02-12 16:00:00+00:00,162.2,62.883720930232556
2025-02-12 17:00:00+00:00,152.18,62.883720930232556
2025-02-12 18:00:00+00:00,152.41,62.883720930232556
2025-02-12 19:00:00+00:00,144.99,62.883720930232556
2025-02-12 20:00:00+00:00,133.59,62.883720930232556
2025-02-12 21:00:00+00:00,147.4,62.883720930232556
2025-02-12 22:00:00+00:00,139.6,62.883720930232556
2025-02-12 23:00:00+00:00,138.57,60.15348837209303
2025-02-13 00:00:00+00:00,128.32,60.15348837209303
2025-02-13 01:00:00+00:00,123.37,60.15348837209303
2025-02-13 02:00:00+00:00,124.16,60.15348837209303
2025-02-13 03:00:00+00:00,128.97,60.15348837209303
2025-02-13 04:00:00+00:00,139.56,60.15348837209303
2025-02-13 05:00:00+00:00,152.76,60.15348837209303
2025-02-13 06:00:00+00:00,275.55,60.15348837209303
2025-02-13 07:00:00+00:00,258.12,60.15348837209303
2025-02-13 08:00:00+00:00,231.1,60.15348837209303
2025-02-13 09:00:00+00:00,180.75,60.15348837209303
2025-02-13 10:00:00+00:00,174.18,60.15348837209303
2025-02-13 11:00:00+00:00,177.35,60.15348837209303
2025-02-13 12:00:00+00:00,184.24,60.15348837209303
2025-02-13 13:00:00+00:00,190.61,60.15348837209303
2025-02-13 14:00:00+00:00,208.68,60.15348837209303
2025-02-13 15:00:00+00:00,209.5,60.15348837209303
2025-02-13 16:00:00+00:00,215.74,60.15348837209303
2025-02-13 17:00:00+00:00,206.29,60.15348837209303
2025-02-13 18:00:00+00:00,196.52,60.15348837209303
2025-02-13 19:00:00+00:00,176.83,60.15348837209303
2025-02-13 20:00:00+00:00,153.43,60.15348837209303
2025-02-13 21:00:00+00:00,153.12,60.15348837209303
2025-02-13 22:00:00+00:00,138.37,60.15348837209303
2025-02-13 23:00:00+00:00,139.58,58.2953488372093
2025-02-14 00:00:00+00:00,125.31,58.2953488372093
2025-02-14 01:00:00+00:00,123.32,58.2953488372093
2025-02-14 02:00:00+00:00,122.51,58.2953488372093
2025-02-14 03:00:00+00:00,129.1,58.2953488372093
2025-02-14 04:00:00+00:00,140.02,58.2953488372093
2025-02-14 05:00:00+00:00,160.16,58.2953488372093
2025-02-14 06:00:00+00:00,225.7,58.2953488372093
2025-02-14 07:00:00+00:00,254.14,58.2953488372093
2025-02-14 08:00:00+00:00,202.33,58.2953488372093
2025-02-14 09:00:00+00:00,167.98,58.2953488372093
2025-02-14 10:00:00+00:00,163.56,58.2953488372093
2025-02-14 11:00:00+00:00,150.01,58.2953488372093
2025-02-14 12:00:00+00:00,149.22,58.2953488372093
2025-02-14 13:00:00+00:00,149.85,58.2953488372093
2025-02-14 14:00:00+00:00,161.81,58.2953488372093
2025-02-14 15:00:00+00:00,202.51,58.2953488372093
2025-02-14 16:00:00+00:00,300.14,58.2953488372093
2025-02-14 17:00:00+00:00,291.43,58.2953488372093
2025-02-14 18:00:00+00:00,226.18,58.2953488372093
2025-02-14 19:00:00+00:00,183.55,58.2953488372093
2025-02-14 20:00:00+00:00,163.68,58.2953488372093
2025-02-14 21:00:00+00:00,153,58.2953488372093
2025-02-14 22:00:00+00:00,140.03,58.2953488372093
2025-02-14 23:00:00+00:00,135.57,57.872093023255815
2025-02-15 00:00:00+00:00,130.61,57.872093023255815
2025-02-15 01:00:00+00:00,120.19,57.872093023255815
2025-02-15 02:00:00+00:00,118.59,57.872093023255815
2025-02-15 03:00:00+00:00,118.85,57.872093023255815
2025-02-15 04:00:00+00:00,120.75,57.872093023255815
2025-02-15 05:00:00+00:00,134.36,57.872093023255815
2025-02-15 06:00:00+00:00,149.1,57.872093023255815
2025-02-15 07:00:00+00:00,150.57,57.872093023255815
2025-02-15 08:00:00+00:00,137.04,57.872093023255815
2025-02-15 09:00:00+00:00,124.59,57.872093023255815
2025-02-15 10:00:00+00:00,118.36,57.872093023255815
2025-02-15 11:00:00+00:00,112.39,57.872093023255815
2025-02-15 12:00:00+00:00,110.01,57.872093023255815
2025-02-15 13:00:00+00:00,117.16,57.872093023255815
2025-02-15 14:00:00+00:00,141.66,57.872093023255815
2025-02-15 15:00:00+00:00,145.29,57.872093023255815
2025-02-15 16:00:00+00:00,163.64,57.872093023255815
2025-02-15 17:00:00+00:00,175.04,57.872093023255815
2025-02-15 18:00:00+00:00,163.13,57.872093023255815
2025-02-15 19:00:00+00:00,145.8,57.872093023255815
2025-02-15 20:00:00+00:00,124.83,57.872093023255815
2025-02-15 21:00:00+00:00,131.1,57.872093023255815
2025-02-15 22:00:00+00:00,123.4,57.872093023255815
2025-02-15 23:00:00+00:00,134.11,59.1953488372093
2025-02-16 00:00:00+00:00,128.9,59.1953488372093
2025-02-16 01:00:00+00:00,123.57,59.1953488372093
2025-02-16 02:00:00+00:00,119.9,59.1953488372093
2025-02-16 03:00:00+00:00,119.57,59.1953488372093
2025-02-16 04:00:00+00:00,120.09,59.1953488372093
2025-02-16 05:00:00+00:00,119.46,59.1953488372093
2025-02-16 06:00:00+00:00,126.38,59.1953488372093
2025-02-16 07:00:00+00:00,127.36,59.1953488372093
2025-02-16 08:00:00+00:00,128.72,59.1953488372093
2025-02-16 09:00:00+00:00,121.9,59.1953488372093
2025-02-16 10:00:00+00:00,117.73,59.1953488372093
2025-02-16 11:00:00+00:00,120.04,59.1953488372093
2025-02-16 12:00:00+00:00,120.7,59.1953488372093
2025-02-16 13:00:00+00:00,123,59.1953488372093
2025-02-16 14:00:00+00:00,129.1,59.1953488372093
2025-02-16 15:00:00+00:00,152.4,59.1953488372093
2025-02-16 16:00:00+00:00,191.56,59.1953488372093
2025-02-16 17:00:00+00:00,174.01,59.1953488372093
2025-02-16 18:00:00+00:00,182.41,59.1953488372093
2025-02-16 19:00:00+00:00,162.28,59.1953488372093
2025-02-16 20:00:00+00:00,145.71,59.1953488372093
2025-02-16 21:00:00+00:00,135.94,59.1953488372093
2025-02-16 22:00:00+00:00,131.51,59.1953488372093
2025-02-16 23:00:00+00:00,127.19,59.56279069767442
2025-02-17 00:00:00+00:00,121.06,59.56279069767442
2025-02-17 01:00:00+00:00,120.34,59.56279069767442
2025-02-17 02:00:00+00:00,125.87,59.56279069767442
2025-02-17 03:00:00+00:00,129.4,59.56279069767442
2025-02-17 04:00:00+00:00,129.84,59.56279069767442
2025-02-17 05:00:00+00:00,158.94,59.56279069767442
2025-02-17 06:00:00+00:00,211.68,59.56279069767442
2025-02-17 07:00:00+00:00,168.38,59.56279069767442
2025-02-17 08:00:00+00:00,142.62,59.56279069767442
2025-02-17 09:00:00+00:00,116.72,59.56279069767442
2025-02-17 10:00:00+00:00,115.37,59.56279069767442
2025-02-17 11:00:00+00:00,103.15,59.56279069767442
2025-02-17 12:00:00+00:00,106.66,59.56279069767442
2025-02-17 13:00:00+00:00,117.31,59.56279069767442
2025-02-17 14:00:00+00:00,136.54,59.56279069767442
2025-02-17 15:00:00+00:00,188.57,59.56279069767442
2025-02-17 16:00:00+00:00,228.04,59.56279069767442
2025-02-17 17:00:00+00:00,272.02,59.56279069767442
2025-02-17 18:00:00+00:00,218.2,59.56279069767442
2025-02-17 19:00:00+00:00,180.9,59.56279069767442
2025-02-17 20:00:00+00:00,154.09,59.56279069767442
2025-02-17 21:00:00+00:00,137.24,59.56279069767442
2025-02-17 22:00:00+00:00,127.68,59.56279069767442
2025-02-17 23:00:00+00:00,128.08,58.52325581395349
2025-02-18 00:00:00+00:00,117.14,58.52325581395349
2025-02-18 01:00:00+00:00,116.17,58.52325581395349
2025-02-18 02:00:00+00:00,116.37,58.52325581395349
2025-02-18 03:00:00+00:00,114.21,58.52325581395349
2025-02-18 04:00:00+00:00,117.84,58.52325581395349
2025-02-18 05:00:00+00:00,148.09,58.52325581395349
2025-02-18 06:00:00+00:00,206.69,58.52325581395349
2025-02-18 07:00:00+00:00,168.44,58.52325581395349
2025-02-18 08:00:00+00:00,141.27,58.52325581395349
2025-02-18 09:00:00+00:00,119.23,58.52325581395349
2025-02-18 10:00:00+00:00,105.6,58.52325581395349
2025-02-18 11:00:00+00:00,92.09,58.52325581395349
2025-02-18 12:00:00+00:00,89.72,58.52325581395349
2025-02-18 13:00:00+00:00,103.61,58.52325581395349
2025-02-18 14:00:00+00:00,120.76,58.52325581395349
2025-02-18 15:00:00+00:00,204.21,58.52325581395349
2025-02-18 16:00:00+00:00,209.1,58.52325581395349
2025-02-18 17:00:00+00:00,182.48,58.52325581395349
2025-02-18 18:00:00+00:00,165.76,58.52325581395349
2025-02-18 19:00:00+00:00,147.05,58.52325581395349
2025-02-18 20:00:00+00:00,133,58.52325581395349
2025-02-18 21:00:00+00:00,124.56,58.52325581395349
2025-02-18 22:00:00+00:00,111.55,58.52325581395349
2025-02-18 23:00:00+00:00,107.06,54.720930232558146
2025-02-19 00:00:00+00:00,101.11,54.720930232558146
2025-02-19 01:00:00+00:00,102.41,54.720930232558146
2025-02-19 02:00:00+00:00,101.04,54.720930232558146
2025-02-19 03:00:00+00:00,106.29,54.720930232558146
2025-02-19 04:00:00+00:00,119.72,54.720930232558146
2025-02-19 05:00:00+00:00,161.18,54.720930232558146
2025-02-19 06:00:00+00:00,231.99,54.720930232558146
2025-02-19 07:00:00+00:00,173.18,54.720930232558146
2025-02-19 08:00:00+00:00,132.8,54.720930232558146
2025-02-19 09:00:00+00:00,110.18,54.720930232558146
2025-02-19 10:00:00+00:00,95.62,54.720930232558146
2025-02-19 11:00:00+00:00,90.99,54.720930232558146
2025-02-19 12:00:00+00:00,92.59,54.720930232558146
2025-02-19 13:00:00+00:00,103.91,54.720930232558146
2025-02-19 14:00:00+00:00,122.44,54.720930232558146
2025-02-19 15:00:00+00:00,216.62,54.720930232558146
2025-02-19 16:00:00+00:00,234.49,54.720930232558146
2025-02-19 17:00:00+00:00,215.15,54.720930232558146
2025-02-19 18:00:00+00:00,204.01,54.720930232558146
2025-02-19 19:00:00+00:00,190.9,54.720930232558146
2025-02-19 20:00:00+00:00,144.5,54.720930232558146
2025-02-19 21:00:00+00:00,128.22,54.720930232558146
2025-02-19 22:00:00+00:00,112.58,54.720930232558146
2025-02-19 23:00:00+00:00,111.44,56.95813953488372
2025-02-20 00:00:00+00:00,109.51,56.95813953488372
2025-02-20 01:00:00+00:00,110.13,56.95813953488372
2025-02-20 02:00:00+00:00,110.5,56.95813953488372
2025-02-20 03:00:00+00:00,110.86,56.95813953488372
2025-02-20 04:00:00+00:00,119.79,56.95813953488372
2025-02-20 05:00:00+00:00,147.74,56.95813953488372
2025-02-20 06:00:00+00:00,157.28,56.95813953488372
2025-02-20 07:00:00+00:00,126.78,56.95813953488372
2025-02-20 08:00:00+00:00,105.47,56.95813953488372
2025-02-20 09:00:00+00:00,85.18,56.95813953488372
2025-02-20 10:00:00+00:00,72.63,56.95813953488372
2025-02-20 11:00:00+00:00,64.86,56.95813953488372
2025-02-20 12:00:00+00:00,87.48,56.95813953488372
2025-02-20 13:00:00+00:00,91.45,56.95813953488372
2025-02-20 14:00:00+00:00,104.45,56.95813953488372
2025-02-20 15:00:00+00:00,124.77,56.95813953488372
2025-02-20 16:00:00+00:00,149.44,56.95813953488372
2025-02-20 17:00:00+00:00,125.84,56.95813953488372
2025-02-20 18:00:00+00:00,123.63,56.95813953488372
2025-02-20 19:00:00+00:00,119.09,56.95813953488372
2025-02-20 20:00:00+00:00,103.44,56.95813953488372
2025-02-20 21:00:00+00:00,101.91,56.95813953488372
2025-02-20 22:00:00+00:00,86.78,56.95813953488372
2025-02-20 23:00:00+00:00,74.31,55.41162790697675
2025-02-21 00:00:00+00:00,73.46,55.41162790697675
2025-02-21 01:00:00+00:00,78.97,55.41162790697675
2025-02-21 02:00:00+00:00,81.13,55.41162790697675
2025-02-21 03:00:00+00:00,82.87,55.41162790697675
2025-02-21 04:00:00+00:00,97.57,55.41162790697675
2025-02-21 05:00:00+00:00,147.11,55.41162790697675
2025-02-21 06:00:00+00:00,174.79,55.41162790697675
2025-02-21 07:00:00+00:00,149.99,55.41162790697675
2025-02-21 08:00:00+00:00,109.29,55.41162790697675
2025-02-21 09:00:00+00:00,93.19,55.41162790697675
2025-02-21 10:00:00+00:00,80.71,55.41162790697675
2025-02-21 11:00:00+00:00,78.87,55.41162790697675
2025-02-21 12:00:00+00:00,84.24,55.41162790697675
2025-02-21 13:00:00+00:00,109.44,55.41162790697675
2025-02-21 14:00:00+00:00,142.43,55.41162790697675
2025-02-21 15:00:00+00:00,131.87,55.41162790697675
2025-02-21 16:00:00+00:00,160.64,55.41162790697675
2025-02-21 17:00:00+00:00,130.29,55.41162790697675
2025-02-21 18:00:00+00:00,120.94,55.41162790697675
2025-02-21 19:00:00+00:00,109.09,55.41162790697675
2025-02-21 20:00:00+00:00,116.45,55.41162790697675
2025-02-21 21:00:00+00:00,116.58,55.41162790697675
2025-02-21 22:00:00+00:00,107.16,55.41162790697675
2025-02-21 23:00:00+00:00,93.1,53.10697674418605
2025-02-22 00:00:00+00:00,88.78,53.10697674418605
2025-02-22 01:00:00+00:00,89.56,53.10697674418605
2025-02-22 02:00:00+00:00,90.96,53.10697674418605
2025-02-22 03:00:00+00:00,89.79,53.10697674418605
2025-02-22 04:00:00+00:00,89.13,53.10697674418605
2025-02-22 05:00:00+00:00,99.11,53.10697674418605
2025-02-22 06:00:00+00:00,100.9,53.10697674418605
2025-02-22 07:00:00+00:00,83.5,53.10697674418605
2025-02-22 08:00:00+00:00,63.63,53.10697674418605
2025-02-22 09:00:00+00:00,47.98,53.10697674418605
2025-02-22 10:00:00+00:00,32.89,53.10697674418605
2025-02-22 11:00:00+00:00,20.61,53.10697674418605
2025-02-22 12:00:00+00:00,46.76,53.10697674418605
2025-02-22 13:00:00+00:00,68.07,53.10697674418605
2025-02-22 14:00:00+00:00,83.05,53.10697674418605
2025-02-22 15:00:00+00:00,108.33,53.10697674418605
2025-02-22 16:00:00+00:00,104.89,53.10697674418605
2025-02-22 17:00:00+00:00,100,53.10697674418605
2025-02-22 18:00:00+00:00,104,53.10697674418605
2025-02-22 19:00:00+00:00,101.77,53.10697674418605
2025-02-22 20:00:00+00:00,99.25,53.10697674418605
2025-02-22 21:00:00+00:00,87.4,53.10697674418605
2025-02-22 22:00:00+00:00,81.87,53.10697674418605
2025-02-22 23:00:00+00:00,87.57,50.01627906976744
2025-02-23 00:00:00+00:00,80.15,50.01627906976744
2025-02-23 01:00:00+00:00,82.32,50.01627906976744
2025-02-23 02:00:00+00:00,79.91,50.01627906976744
2025-02-23 03:00:00+00:00,82.36,50.01627906976744
2025-02-23 04:00:00+00:00,83.18,50.01627906976744
2025-02-23 05:00:00+00:00,99.57,50.01627906976744
2025-02-23 06:00:00+00:00,108.74,50.01627906976744
2025-02-23 07:00:00+00:00,113.06,50.01627906976744
2025-02-23 08:00:00+00:00,100.42,50.01627906976744
2025-02-23 09:00:00+00:00,84.17,50.01627906976744
2025-02-23 10:00:00+00:00,84.72,50.01627906976744
2025-02-23 11:00:00+00:00,83.18,50.01627906976744
2025-02-23 12:00:00+00:00,103.46,50.01627906976744
2025-02-23 13:00:00+00:00,116.35,50.01627906976744
2025-02-23 14:00:00+00:00,109.17,50.01627906976744
2025-02-23 15:00:00+00:00,131.95,50.01627906976744
2025-02-23 16:00:00+00:00,159.43,50.01627906976744
2025-02-23 17:00:00+00:00,161.57,50.01627906976744
2025-02-23 18:00:00+00:00,180.29,50.01627906976744
2025-02-23 19:00:00+00:00,185.05,50.01627906976744
2025-02-23 20:00:00+00:00,152.48,50.01627906976744
2025-02-23 21:00:00+00:00,126.21,50.01627906976744
2025-02-23 22:00:00+00:00,114.35,50.01627906976744
2025-02-23 23:00:00+00:00,87.8,50.15581395348837
2025-02-24 00:00:00+00:00,84.53,50.15581395348837
2025-02-24 01:00:00+00:00,69.62,50.15581395348837
2025-02-24 02:00:00+00:00,65.28,50.15581395348837
2025-02-24 03:00:00+00:00,78.9,50.15581395348837
2025-02-24 04:00:00+00:00,105.15,50.15581395348837
2025-02-24 05:00:00+00:00,189.11,50.15581395348837
2025-02-24 06:00:00+00:00,240.09,50.15581395348837
2025-02-24 07:00:00+00:00,199.95,50.15581395348837
2025-02-24 08:00:00+00:00,147.72,50.15581395348837
2025-02-24 09:00:00+00:00,135.19,50.15581395348837
2025-02-24 10:00:00+00:00,110.6,50.15581395348837
2025-02-24 11:00:00+00:00,102.3,50.15581395348837
2025-02-24 12:00:00+00:00,112.53,50.15581395348837
2025-02-24 13:00:00+00:00,101.05,50.15581395348837
2025-02-24 14:00:00+00:00,131.49,50.15581395348837
2025-02-24 15:00:00+00:00,150.87,50.15581395348837
2025-02-24 16:00:00+00:00,168.44,50.15581395348837
2025-02-24 17:00:00+00:00,144.97,50.15581395348837
2025-02-24 18:00:00+00:00,136.52,50.15581395348837
2025-02-24 19:00:00+00:00,118.06,50.15581395348837
2025-02-24 20:00:00+00:00,104.37,50.15581395348837
2025-02-24 21:00:00+00:00,106.77,50.15581395348837
2025-02-24 22:00:00+00:00,103.69,50.15581395348837
2025-02-24 23:00:00+00:00,87.25,49.472093023255816
2025-02-25 00:00:00+00:00,90.92,49.472093023255816
2025-02-25 01:00:00+00:00,90.63,49.472093023255816
2025-02-25 02:00:00+00:00,91.3,49.472093023255816
2025-02-25 03:00:00+00:00,95.73,49.472093023255816
2025-02-25 04:00:00+00:00,102.78,49.472093023255816
2025-02-25 05:00:00+00:00,131.97,49.472093023255816
2025-02-25 06:00:00+00:00,146.17,49.472093023255816
2025-02-25 07:00:00+00:00,171.73,49.472093023255816
2025-02-25 08:00:00+00:00,154.5,49.472093023255816
2025-02-25 09:00:00+00:00,141.29,49.472093023255816
2025-02-25 10:00:00+00:00,127.51,49.472093023255816
2025-02-25 11:00:00+00:00,125.73,49.472093023255816
2025-02-25 12:00:00+00:00,127.29,49.472093023255816
2025-02-25 13:00:00+00:00,136.1,49.472093023255816
2025-02-25 14:00:00+00:00,150.32,49.472093023255816
2025-02-25 15:00:00+00:00,158.71,49.472093023255816
2025-02-25 16:00:00+00:00,185.01,49.472093023255816
2025-02-25 17:00:00+00:00,209.81,49.472093023255816
2025-02-25 18:00:00+00:00,166.55,49.472093023255816
2025-02-25 19:00:00+00:00,145.33,49.472093023255816
2025-02-25 20:00:00+00:00,137.72,49.472093023255816
2025-02-25 21:00:00+00:00,126.69,49.472093023255816
2025-02-25 22:00:00+00:00,114.38,49.472093023255816
2025-02-25 23:00:00+00:00,123.65,49.620930232558145
2025-02-26 00:00:00+00:00,120.87,49.620930232558145
2025-02-26 01:00:00+00:00,117.71,49.620930232558145
2025-02-26 02:00:00+00:00,116.92,49.620930232558145
2025-02-26 03:00:00+00:00,117.45,49.620930232558145
2025-02-26 04:00:00+00:00,116.87,49.620930232558145
2025-02-26 05:00:00+00:00,144.57,49.620930232558145
2025-02-26 06:00:00+00:00,179.14,49.620930232558145
2025-02-26 07:00:00+00:00,178.18,49.620930232558145
2025-02-26 08:00:00+00:00,160.03,49.620930232558145
2025-02-26 09:00:00+00:00,127.33,49.620930232558145
2025-02-26 10:00:00+00:00,127.75,49.620930232558145
2025-02-26 11:00:00+00:00,120.39,49.620930232558145
2025-02-26 12:00:00+00:00,120.31,49.620930232558145
2025-02-26 13:00:00+00:00,126.18,49.620930232558145
2025-02-26 14:00:00+00:00,134.85,49.620930232558145
2025-02-26 15:00:00+00:00,150.45,49.620930232558145
2025-02-26 16:00:00+00:00,157.2,49.620930232558145
2025-02-26 17:00:00+00:00,167.87,49.620930232558145
2025-02-26 18:00:00+00:00,160.35,49.620930232558145
2025-02-26 19:00:00+00:00,144.43,49.620930232558145
2025-02-26 20:00:00+00:00,115.76,49.620930232558145
2025-02-26 21:00:00+00:00,120.96,49.620930232558145
2025-02-26 22:00:00+00:00,112.1,49.620930232558145
2025-02-26 23:00:00+00:00,117.17,46.65348837209303
2025-02-27 00:00:00+00:00,113.96,46.65348837209303
2025-02-27 01:00:00+00:00,107.81,46.65348837209303
2025-02-27 02:00:00+00:00,110.02,46.65348837209303
2025-02-27 03:00:00+00:00,120.47,46.65348837209303
2025-02-27 04:00:00+00:00,119.29,46.65348837209303
2025-02-27 05:00:00+00:00,140.99,46.65348837209303
2025-02-27 06:00:00+00:00,165.19,46.65348837209303
2025-02-27 07:00:00+00:00,158.25,46.65348837209303
2025-02-27 08:00:00+00:00,142.35,46.65348837209303
2025-02-27 09:00:00+00:00,130.07,46.65348837209303
2025-02-27 10:00:00+00:00,108.67,46.65348837209303
2025-02-27 11:00:00+00:00,118.33,46.65348837209303
2025-02-27 12:00:00+00:00,124.41,46.65348837209303
2025-02-27 13:00:00+00:00,127.33,46.65348837209303
2025-02-27 14:00:00+00:00,149.73,46.65348837209303
2025-02-27 15:00:00+00:00,181.14,46.65348837209303
2025-02-27 16:00:00+00:00,192.37,46.65348837209303
2025-02-27 17:00:00+00:00,173.96,46.65348837209303
2025-02-27 18:00:00+00:00,163.11,46.65348837209303
2025-02-27 19:00:00+00:00,163.77,46.65348837209303
2025-02-27 20:00:00+00:00,138.96,46.65348837209303
2025-02-27 21:00:00+00:00,123.32,46.65348837209303
2025-02-27 22:00:00+00:00,114.88,46.65348837209303
2025-02-27 23:00:00+00:00,114.5,47.25116279069768
2025-02-28 00:00:00+00:00,110.54,47.25116279069768
2025-02-28 01:00:00+00:00,109.38,47.25116279069768
2025-02-28 02:00:00+00:00,108.63,47.25116279069768
2025-02-28 03:00:00+00:00,112.26,47.25116279069768
2025-02-28 04:00:00+00:00,112.65,47.25116279069768
2025-02-28 05:00:00+00:00,136.38,47.25116279069768
2025-02-28 06:00:00+00:00,164.38,47.25116279069768
2025-02-28 07:00:00+00:00,162.76,47.25116279069768
2025-02-28 08:00:00+00:00,146.12,47.25116279069768
2025-02-28 09:00:00+00:00,128.3,47.25116279069768
2025-02-28 10:00:00+00:00,116.53,47.25116279069768
2025-02-28 11:00:00+00:00,109.62,47.25116279069768
2025-02-28 12:00:00+00:00,108.85,47.25116279069768
2025-02-28 13:00:00+00:00,111.64,47.25116279069768
2025-02-28 14:00:00+00:00,125.66,47.25116279069768
2025-02-28 15:00:00+00:00,136.22,47.25116279069768
2025-02-28 16:00:00+00:00,164.59,47.25116279069768
2025-02-28 17:00:00+00:00,160.17,47.25116279069768
2025-02-28 18:00:00+00:00,158.38,47.25116279069768
2025-02-28 19:00:00+00:00,136.84,47.25116279069768
2025-02-28 20:00:00+00:00,129.23,47.25116279069768
2025-02-28 21:00:00+00:00,126.09,47.25116279069768
2025-02-28 22:00:00+00:00,118.58,47.25116279069768
2025-02-28 23:00:00+00:00,128.34,48.42093023255814
2025-03-01 00:00:00+00:00,120.48,48.42093023255814
2025-03-01 01:00:00+00:00,117.15,48.42093023255814
2025-03-01 02:00:00+00:00,112.42,48.42093023255814
2025-03-01 03:00:00+00:00,109.94,48.42093023255814
2025-03-01 04:00:00+00:00,114.68,48.42093023255814
2025-03-01 05:00:00+00:00,120.75,48.42093023255814
2025-03-01 06:00:00+00:00,136.23,48.42093023255814
2025-03-01 07:00:00+00:00,139.12,48.42093023255814
2025-03-01 08:00:00+00:00,138.28,48.42093023255814
2025-03-01 09:00:00+00:00,125.81,48.42093023255814
2025-03-01 10:00:00+00:00,119.98,48.42093023255814
2025-03-01 11:00:00+00:00,120.5,48.42093023255814
2025-03-01 12:00:00+00:00,130.07,48.42093023255814
2025-03-01 13:00:00+00:00,128.13,48.42093023255814
2025-03-01 14:00:00+00:00,121.52,48.42093023255814
2025-03-01 15:00:00+00:00,123.28,48.42093023255814
2025-03-01 16:00:00+00:00,138.06,48.42093023255814
2025-03-01 17:00:00+00:00,150.14,48.42093023255814
2025-03-01 18:00:00+00:00,143.42,48.42093023255814
2025-03-01 19:00:00+00:00,134.17,48.42093023255814
2025-03-01 20:00:00+00:00,127.42,48.42093023255814
2025-03-01 21:00:00+00:00,123.61,48.42093023255814
2025-03-01 22:00:00+00:00,119.92,48.42093023255814
2025-03-01 23:00:00+00:00,123.55,49.097674418604655
2025-03-02 00:00:00+00:00,105.44,49.097674418604655
2025-03-02 01:00:00+00:00,98.31,49.097674418604655
2025-03-02 02:00:00+00:00,90.9,49.097674418604655
2025-03-02 03:00:00+00:00,91.06,49.097674418604655
2025-03-02 04:00:00+00:00,90.25,49.097674418604655
2025-03-02 05:00:00+00:00,89.43,49.097674418604655
2025-03-02 06:00:00+00:00,97.97,49.097674418604655
2025-03-02 07:00:00+00:00,101.7,49.097674418604655
2025-03-02 08:00:00+00:00,89,49.097674418604655
2025-03-02 09:00:00+00:00,68.3,49.097674418604655
2025-03-02 10:00:00+00:00,49,49.097674418604655
2025-03-02 11:00:00+00:00,27.5,49.097674418604655
2025-03-02 12:00:00+00:00,9.92,49.097674418604655
2025-03-02 13:00:00+00:00,24.29,49.097674418604655
2025-03-02 14:00:00+00:00,59.37,49.097674418604655
2025-03-02 15:00:00+00:00,93.63,49.097674418604655
2025-03-02 16:00:00+00:00,122.67,49.097674418604655
2025-03-02 17:00:00+00:00,140.25,49.097674418604655
2025-03-02 18:00:00+00:00,143.02,49.097674418604655
2025-03-02 19:00:00+00:00,128.65,49.097674418604655
2025-03-02 20:00:00+00:00,114.66,49.097674418604655
2025-03-02 21:00:00+00:00,119.91,49.097674418604655
2025-03-02 22:00:00+00:00,109.7,49.097674418604655
2025-03-02 23:00:00+00:00,84.08,49.38837209302326
2025-03-03 00:00:00+00:00,86.07,49.38837209302326
2025-03-03 01:00:00+00:00,87.29,49.38837209302326
2025-03-03 02:00:00+00:00,87.42,49.38837209302326
2025-03-03 03:00:00+00:00,91.57,49.38837209302326
2025-03-03 04:00:00+00:00,107.51,49.38837209302326
2025-03-03 05:00:00+00:00,138.53,49.38837209302326
2025-03-03 06:00:00+00:00,163,49.38837209302326
2025-03-03 07:00:00+00:00,147.61,49.38837209302326
2025-03-03 08:00:00+00:00,107.66,49.38837209302326
2025-03-03 09:00:00+00:00,52.87,49.38837209302326
2025-03-03 10:00:00+00:00,13.51,49.38837209302326
2025-03-03 11:00:00+00:00,28.98,49.38837209302326
2025-03-03 12:00:00+00:00,1.66,49.38837209302326
2025-03-03 13:00:00+00:00,72.39,49.38837209302326
2025-03-03 14:00:00+00:00,82.24,49.38837209302326
2025-03-03 15:00:00+00:00,111.3,49.38837209302326
2025-03-03 16:00:00+00:00,143.75,49.38837209302326
2025-03-03 17:00:00+00:00,167.03,49.38837209302326
2025-03-03 18:00:00+00:00,174.15,49.38837209302326
2025-03-03 19:00:00+00:00,148.24,49.38837209302326
2025-03-03 20:00:00+00:00,110.14,49.38837209302326
2025-03-03 21:00:00+00:00,111.91,49.38837209302326
2025-03-03 22:00:00+00:00,107.61,49.38837209302326
2025-03-03 23:00:00+00:00,98.91,49.89302325581395
2025-03-04 00:00:00+00:00,90.29,49.89302325581395
2025-03-04 01:00:00+00:00,90.29,49.89302325581395
2025-03-04 02:00:00+00:00,94.74,49.89302325581395
2025-03-04 03:00:00+00:00,89.57,49.89302325581395
2025-03-04 04:00:00+00:00,84.66,49.89302325581395
2025-03-04 05:00:00+00:00,122.13,49.89302325581395
2025-03-04 06:00:00+00:00,165.16,49.89302325581395
2025-03-04 07:00:00+00:00,141.95,49.89302325581395
2025-03-04 08:00:00+00:00,101.39,49.89302325581395
2025-03-04 09:00:00+00:00,43.53,49.89302325581395
2025-03-04 10:00:00+00:00,1.2,49.89302325581395
2025-03-04 11:00:00+00:00,-10.35,49.89302325581395
2025-03-04 12:00:00+00:00,-16.8,49.89302325581395
2025-03-04 13:00:00+00:00,7.08,49.89302325581395
2025-03-04 14:00:00+00:00,73.21,49.89302325581395
2025-03-04 15:00:00+00:00,99.76,49.89302325581395
2025-03-04 16:00:00+00:00,144.91,49.89302325581395
2025-03-04 17:00:00+00:00,168.76,49.89302325581395
2025-03-04 18:00:00+00:00,158.83,49.89302325581395
2025-03-04 19:00:00+00:00,118.29,49.89302325581395
2025-03-04 20:00:00+00:00,92.04,49.89302325581395
2025-03-04 21:00:00+00:00,97.09,49.89302325581395
2025-03-04 22:00:00+00:00,90.64,49.89302325581395
2025-03-04 23:00:00+00:00,62.96,47.42093023255814
2025-03-05 00:00:00+00:00,56.37,47.42093023255814
2025-03-05 01:00:00+00:00,38.49,47.42093023255814
2025-03-05 02:00:00+00:00,39.34,47.42093023255814
2025-03-05 03:00:00+00:00,55.75,47.42093023255814
2025-03-05 04:00:00+00:00,63.49,47.42093023255814
2025-03-05 05:00:00+00:00,96.25,47.42093023255814
2025-03-05 06:00:00+00:00,104.38,47.42093023255814
2025-03-05 07:00:00+00:00,49.43,47.42093023255814
2025-03-05 08:00:00+00:00,-11.94,47.42093023255814
2025-03-05 09:00:00+00:00,-12.03,47.42093023255814
2025-03-05 10:00:00+00:00,-19.46,47.42093023255814
2025-03-05 11:00:00+00:00,-20.15,47.42093023255814
2025-03-05 12:00:00+00:00,-12.03,47.42093023255814
2025-03-05 13:00:00+00:00,-12.03,47.42093023255814
2025-03-05 14:00:00+00:00,26.59,47.42093023255814
2025-03-05 15:00:00+00:00,85.18,47.42093023255814
2025-03-05 16:00:00+00:00,131.24,47.42093023255814
2025-03-05 17:00:00+00:00,137.59,47.42093023255814
2025-03-05 18:00:00+00:00,140.8,47.42093023255814
2025-03-05 19:00:00+00:00,110.11,47.42093023255814
2025-03-05 20:00:00+00:00,84.2,47.42093023255814
2025-03-05 21:00:00+00:00,97.14,47.42093023255814
2025-03-05 22:00:00+00:00,81.87,47.42093023255814
2025-03-05 23:00:00+00:00,71.74,46.15581395348838
2025-03-06 00:00:00+00:00,73.32,46.15581395348838
2025-03-06 01:00:00+00:00,74.06,46.15581395348838
2025-03-06 02:00:00+00:00,79.44,46.15581395348838
2025-03-06 03:00:00+00:00,86.17,46.15581395348838
2025-03-06 04:00:00+00:00,89.53,46.15581395348838
2025-03-06 05:00:00+00:00,134.04,46.15581395348838
2025-03-06 06:00:00+00:00,152.16,46.15581395348838
2025-03-06 07:00:00+00:00,108.5,46.15581395348838
2025-03-06 08:00:00+00:00,75.73,46.15581395348838
2025-03-06 09:00:00+00:00,28.86,46.15581395348838
2025-03-06 10:00:00+00:00,2.85,46.15581395348838
2025-03-06 11:00:00+00:00,0.59,46.15581395348838
2025-03-06 12:00:00+00:00,0.27,46.15581395348838
2025-03-06 13:00:00+00:00,13.16,46.15581395348838
2025-03-06 14:00:00+00:00,88.75,46.15581395348838
2025-03-06 15:00:00+00:00,118.41,46.15581395348838
2025-03-06 16:00:00+00:00,146.59,46.15581395348838
2025-03-06 17:00:00+00:00,157.35,46.15581395348838
2025-03-06 18:00:00+00:00,140.42,46.15581395348838
2025-03-06 19:00:00+00:00,124.64,46.15581395348838
2025-03-06 20:00:00+00:00,96.18,46.15581395348838
2025-03-06 21:00:00+00:00,91.99,46.15581395348838
2025-03-06 22:00:00+00:00,81.08,46.15581395348838
2025-03-06 23:00:00+00:00,98.22,43.45348837209303
2025-03-07 00:00:00+00:00,99.71,43.45348837209303
2025-03-07 01:00:00+00:00,98.84,43.45348837209303
2025-03-07 02:00:00+00:00,98.41,43.45348837209303
2025-03-07 03:00:00+00:00,100.29,43.45348837209303
2025-03-07 04:00:00+00:00,116.68,43.45348837209303
2025-03-07 05:00:00+00:00,165.83,43.45348837209303
2025-03-07 06:00:00+00:00,150.12,43.45348837209303
2025-03-07 07:00:00+00:00,123.02,43.45348837209303
2025-03-07 08:00:00+00:00,87.13,43.45348837209303
2025-03-07 09:00:00+00:00,65.46,43.45348837209303
2025-03-07 10:00:00+00:00,31.81,43.45348837209303
2025-03-07 11:00:00+00:00,12.79,43.45348837209303
2025-03-07 12:00:00+00:00,61.47,43.45348837209303
2025-03-07 13:00:00+00:00,83.53,43.45348837209303
2025-03-07 14:00:00+00:00,100.91,43.45348837209303
2025-03-07 15:00:00+00:00,129.92,43.45348837209303
2025-03-07 16:00:00+00:00,177.97,43.45348837209303
2025-03-07 17:00:00+00:00,218,43.45348837209303
2025-03-07 18:00:00+00:00,184.49,43.45348837209303
2025-03-07 19:00:00+00:00,154.08,43.45348837209303
2025-03-07 20:00:00+00:00,135.03,43.45348837209303
2025-03-07 21:00:00+00:00,121.29,43.45348837209303
2025-03-07 22:00:00+00:00,112.76,43.45348837209303
2025-03-07 23:00:00+00:00,125.5,42.17906976744187
2025-03-08 00:00:00+00:00,114.95,42.17906976744187
2025-03-08 01:00:00+00:00,119.21,42.17906976744187
2025-03-08 02:00:00+00:00,117.85,42.17906976744187
2025-03-08 03:00:00+00:00,119.65,42.17906976744187
2025-03-08 04:00:00+00:00,122.62,42.17906976744187
2025-03-08 05:00:00+00:00,128.78,42.17906976744187
2025-03-08 06:00:00+00:00,121.01,42.17906976744187
2025-03-08 07:00:00+00:00,98.04,42.17906976744187
2025-03-08 08:00:00+00:00,72.54,42.17906976744187
2025-03-08 09:00:00+00:00,18.05,42.17906976744187
2025-03-08 10:00:00+00:00,2.13,42.17906976744187
2025-03-08 11:00:00+00:00,0.02,42.17906976744187
2025-03-08 12:00:00+00:00,-0.06,42.17906976744187
2025-03-08 13:00:00+00:00,0.07,42.17906976744187
2025-03-08 14:00:00+00:00,93.53,42.17906976744187
2025-03-08 15:00:00+00:00,178.76,42.17906976744187
2025-03-08 16:00:00+00:00,151.72,42.17906976744187
2025-03-08 17:00:00+00:00,175.56,42.17906976744187
2025-03-08 18:00:00+00:00,137.14,42.17906976744187
2025-03-08 19:00:00+00:00,119.4,42.17906976744187
2025-03-08 20:00:00+00:00,111.16,42.17906976744187
2025-03-08 21:00:00+00:00,118.11,42.17906976744187
2025-03-08 22:00:00+00:00,118.01,42.17906976744187
2025-03-08 23:00:00+00:00,93.32,41.032558139534885
2025-03-09 00:00:00+00:00,95.67,41.032558139534885
2025-03-09 01:00:00+00:00,95.75,41.032558139534885
2025-03-09 02:00:00+00:00,98.66,41.032558139534885
2025-03-09 03:00:00+00:00,100.95,41.032558139534885
2025-03-09 04:00:00+00:00,103.98,41.032558139534885
2025-03-09 05:00:00+00:00,102.76,41.032558139534885
2025-03-09 06:00:00+00:00,94.62,41.032558139534885
2025-03-09 07:00:00+00:00,66.26,41.032558139534885
2025-03-09 08:00:00+00:00,29.27,41.032558139534885
2025-03-09 09:00:00+00:00,10.1,41.032558139534885
2025-03-09 10:00:00+00:00,0.71,41.032558139534885
2025-03-09 11:00:00+00:00,-1.17,41.032558139534885
2025-03-09 12:00:00+00:00,-1.4,41.032558139534885
2025-03-09 13:00:00+00:00,0.33,41.032558139534885
2025-03-09 14:00:00+00:00,64.68,41.032558139534885
2025-03-09 15:00:00+00:00,91.85,41.032558139534885
2025-03-09 16:00:00+00:00,127.48,41.032558139534885
2025-03-09 17:00:00+00:00,135.7,41.032558139534885
2025-03-09 18:00:00+00:00,135.71,41.032558139534885
2025-03-09 19:00:00+00:00,129.06,41.032558139534885
2025-03-09 20:00:00+00:00,121.91,41.032558139534885
2025-03-09 21:00:00+00:00,112.97,41.032558139534885
2025-03-09 22:00:00+00:00,107.04,41.032558139534885
2025-03-09 23:00:00+00:00,97.17,40.88139534883721
2025-03-10 00:00:00+00:00,95.44,40.88139534883721
2025-03-10 01:00:00+00:00,97.02,40.88139534883721
2025-03-10 02:00:00+00:00,97.19,40.88139534883721
2025-03-10 03:00:00+00:00,95.45,40.88139534883721
2025-03-10 04:00:00+00:00,107.24,40.88139534883721
2025-03-10 05:00:00+00:00,149.61,40.88139534883721
2025-03-10 06:00:00+00:00,159.8,40.88139534883721
2025-03-10 07:00:00+00:00,133.92,40.88139534883721
2025-03-10 08:00:00+00:00,98.9,40.88139534883721
2025-03-10 09:00:00+00:00,79.15,40.88139534883721
2025-03-10 10:00:00+00:00,74.56,40.88139534883721
2025-03-10 11:00:00+00:00,76.02,40.88139534883721
2025-03-10 12:00:00+00:00,77.32,40.88139534883721
2025-03-10 13:00:00+00:00,84.28,40.88139534883721
2025-03-10 14:00:00+00:00,98.46,40.88139534883721
2025-03-10 15:00:00+00:00,128.98,40.88139534883721
2025-03-10 16:00:00+00:00,147.88,40.88139534883721
2025-03-10 17:00:00+00:00,180.07,40.88139534883721
2025-03-10 18:00:00+00:00,160.08,40.88139534883721
2025-03-10 19:00:00+00:00,142.04,40.88139534883721
2025-03-10 20:00:00+00:00,127.2,40.88139534883721
2025-03-10 21:00:00+00:00,107.19,40.88139534883721
2025-03-10 22:00:00+00:00,98.2,40.88139534883721
2025-03-10 23:00:00+00:00,104.93,43.074418604651164
2025-03-11 00:00:00+00:00,102.38,43.074418604651164
2025-03-11 01:00:00+00:00,100.04,43.074418604651164
2025-03-11 02:00:00+00:00,100.94,43.074418604651164
2025-03-11 03:00:00+00:00,103.32,43.074418604651164
2025-03-11 04:00:00+00:00,111.6,43.074418604651164
2025-03-11 05:00:00+00:00,147.18,43.074418604651164
2025-03-11 06:00:00+00:00,152.03,43.074418604651164
2025-03-11 07:00:00+00:00,128.55,43.074418604651164
2025-03-11 08:00:00+00:00,105.23,43.074418604651164
2025-03-11 09:00:00+00:00,102,43.074418604651164
2025-03-11 10:00:00+00:00,97.73,43.074418604651164
2025-03-11 11:00:00+00:00,96.8,43.074418604651164
2025-03-11 12:00:00+00:00,98.96,43.074418604651164
2025-03-11 13:00:00+00:00,103.08,43.074418604651164
2025-03-11 14:00:00+00:00,113.8,43.074418604651164
2025-03-11 15:00:00+00:00,135.01,43.074418604651164
2025-03-11 16:00:00+00:00,169.85,43.074418604651164
2025-03-11 17:00:00+00:00,202.46,43.074418604651164
2025-03-11 18:00:00+00:00,180.25,43.074418604651164
2025-03-11 19:00:00+00:00,149.41,43.074418604651164
2025-03-11 20:00:00+00:00,133.42,43.074418604651164
2025-03-11 21:00:00+00:00,121.79,43.074418604651164
2025-03-11 22:00:00+00:00,107.38,43.074418604651164
2025-03-11 23:00:00+00:00,101.84,43.44883720930233
2025-03-12 00:00:00+00:00,100.29,43.44883720930233
2025-03-12 01:00:00+00:00,97.9,43.44883720930233
2025-03-12 02:00:00+00:00,97.57,43.44883720930233
2025-03-12 03:00:00+00:00,102.36,43.44883720930233
2025-03-12 04:00:00+00:00,111.28,43.44883720930233
2025-03-12 05:00:00+00:00,143.22,43.44883720930233
2025-03-12 06:00:00+00:00,159.68,43.44883720930233
2025-03-12 07:00:00+00:00,139.57,43.44883720930233
2025-03-12 08:00:00+00:00,125,43.44883720930233
2025-03-12 09:00:00+00:00,101.99,43.44883720930233
2025-03-12 10:00:00+00:00,99.6,43.44883720930233
2025-03-12 11:00:00+00:00,98.06,43.44883720930233
2025-03-12 12:00:00+00:00,99.62,43.44883720930233
2025-03-12 13:00:00+00:00,101.59,43.44883720930233
2025-03-12 14:00:00+00:00,114.22,43.44883720930233
2025-03-12 15:00:00+00:00,140.1,43.44883720930233
2025-03-12 16:00:00+00:00,155.42,43.44883720930233
2025-03-12 17:00:00+00:00,204.15,43.44883720930233
2025-03-12 18:00:00+00:00,179.94,43.44883720930233
2025-03-12 19:00:00+00:00,148.24,43.44883720930233
2025-03-12 20:00:00+00:00,131.99,43.44883720930233
2025-03-12 21:00:00+00:00,120,43.44883720930233
2025-03-12 22:00:00+00:00,109.91,43.44883720930233
2025-03-12 23:00:00+00:00,108.24,45.800000000000004
2025-03-13 00:00:00+00:00,98.61,45.800000000000004
2025-03-13 01:00:00+00:00,92.39,45.800000000000004
2025-03-13 02:00:00+00:00,91.23,45.800000000000004
2025-03-13 03:00:00+00:00,95.73,45.800000000000004
2025-03-13 04:00:00+00:00,105.93,45.800000000000004
2025-03-13 05:00:00+00:00,133.09,45.800000000000004
2025-03-13 06:00:00+00:00,161.3,45.800000000000004
2025-03-13 07:00:00+00:00,161.05,45.800000000000004
2025-03-13 08:00:00+00:00,163.48,45.800000000000004
2025-03-13 09:00:00+00:00,127.35,45.800000000000004
2025-03-13 10:00:00+00:00,114.07,45.800000000000004
2025-03-13 11:00:00+00:00,114.2,45.800000000000004
2025-03-13 12:00:00+00:00,109.73,45.800000000000004
2025-03-13 13:00:00+00:00,109.97,45.800000000000004
2025-03-13 14:00:00+00:00,110.23,45.800000000000004
2025-03-13 15:00:00+00:00,121.67,45.800000000000004
2025-03-13 16:00:00+00:00,142.69,45.800000000000004
2025-03-13 17:00:00+00:00,159.4,45.800000000000004
2025-03-13 18:00:00+00:00,154.64,45.800000000000004
2025-03-13 19:00:00+00:00,133.94,45.800000000000004
2025-03-13 20:00:00+00:00,134.84,45.800000000000004
2025-03-13 21:00:00+00:00,119.98,45.800000000000004
2025-03-13 22:00:00+00:00,109.73,45.800000000000004
2025-03-13 23:00:00+00:00,109.09,46.80697674418605
2025-03-14 00:00:00+00:00,106,46.80697674418605
2025-03-14 01:00:00+00:00,105.9,46.80697674418605
2025-03-14 02:00:00+00:00,103.83,46.80697674418605
2025-03-14 03:00:00+00:00,105.3,46.80697674418605
2025-03-14 04:00:00+00:00,114.05,46.80697674418605
2025-03-14 05:00:00+00:00,143.15,46.80697674418605
2025-03-14 06:00:00+00:00,155.44,46.80697674418605
2025-03-14 07:00:00+00:00,158.17,46.80697674418605
2025-03-14 08:00:00+00:00,134.61,46.80697674418605
2025-03-14 09:00:00+00:00,114.54,46.80697674418605
2025-03-14 10:00:00+00:00,109.16,46.80697674418605
2025-03-14 11:00:00+00:00,106.54,46.80697674418605
2025-03-14 12:00:00+00:00,106.62,46.80697674418605
2025-03-14 13:00:00+00:00,108.53,46.80697674418605
2025-03-14 14:00:00+00:00,109.84,46.80697674418605
2025-03-14 15:00:00+00:00,125.67,46.80697674418605
2025-03-14 16:00:00+00:00,145.62,46.80697674418605
2025-03-14 17:00:00+00:00,154.86,46.80697674418605
2025-03-14 18:00:00+00:00,151.25,46.80697674418605
2025-03-14 19:00:00+00:00,130.01,46.80697674418605
2025-03-14 20:00:00+00:00,111.39,46.80697674418605
2025-03-14 21:00:00+00:00,114,46.80697674418605
2025-03-14 22:00:00+00:00,105.17,46.80697674418605
2025-03-14 23:00:00+00:00,127.51,45.895348837209305
2025-03-15 00:00:00+00:00,123.21,45.895348837209305
2025-03-15 01:00:00+00:00,117.32,45.895348837209305
2025-03-15 02:00:00+00:00,115.72,45.895348837209305
2025-03-15 03:00:00+00:00,115.68,45.895348837209305
2025-03-15 04:00:00+00:00,118.27,45.895348837209305
2025-03-15 05:00:00+00:00,124.56,45.895348837209305
2025-03-15 06:00:00+00:00,128.85,45.895348837209305
2025-03-15 07:00:00+00:00,105,45.895348837209305
2025-03-15 08:00:00+00:00,88.58,45.895348837209305
2025-03-15 09:00:00+00:00,70.85,45.895348837209305
2025-03-15 10:00:00+00:00,55.74,45.895348837209305
2025-03-15 11:00:00+00:00,56.75,45.895348837209305
2025-03-15 12:00:00+00:00,48.55,45.895348837209305
2025-03-15 13:00:00+00:00,68.06,45.895348837209305
2025-03-15 14:00:00+00:00,98.55,45.895348837209305
2025-03-15 15:00:00+00:00,149.34,45.895348837209305
2025-03-15 16:00:00+00:00,139.23,45.895348837209305
2025-03-15 17:00:00+00:00,158.51,45.895348837209305
2025-03-15 18:00:00+00:00,132.96,45.895348837209305
2025-03-15 19:00:00+00:00,121.46,45.895348837209305
2025-03-15 20:00:00+00:00,111.35,45.895348837209305
2025-03-15 21:00:00+00:00,130.63,45.895348837209305
2025-03-15 22:00:00+00:00,119.54,45.895348837209305
2025-03-15 23:00:00+00:00,102.22,46.01860465116279
2025-03-16 00:00:00+00:00,102.21,46.01860465116279
2025-03-16 01:00:00+00:00,100.57,46.01860465116279
2025-03-16 02:00:00+00:00,102.78,46.01860465116279
2025-03-16 03:00:00+00:00,102.17,46.01860465116279
2025-03-16 04:00:00+00:00,104.1,46.01860465116279
2025-03-16 05:00:00+00:00,107.8,46.01860465116279
2025-03-16 06:00:00+00:00,82.07,46.01860465116279
2025-03-16 07:00:00+00:00,77.95,46.01860465116279
2025-03-16 08:00:00+00:00,16.77,46.01860465116279
2025-03-16 09:00:00+00:00,-0.18,46.01860465116279
2025-03-16 10:00:00+00:00,-23.95,46.01860465116279
2025-03-16 11:00:00+00:00,-11.99,46.01860465116279
2025-03-16 12:00:00+00:00,-11.99,46.01860465116279
2025-03-16 13:00:00+00:00,-17.97,46.01860465116279
2025-03-16 14:00:00+00:00,31,46.01860465116279
2025-03-16 15:00:00+00:00,92.21,46.01860465116279
2025-03-16 16:00:00+00:00,137.41,46.01860465116279
2025-03-16 17:00:00+00:00,131.73,46.01860465116279
2025-03-16 18:00:00+00:00,140,46.01860465116279
2025-03-16 19:00:00+00:00,125.67,46.01860465116279
2025-03-16 20:00:00+00:00,108.16,46.01860465116279
2025-03-16 21:00:00+00:00,101.25,46.01860465116279
2025-03-16 22:00:00+00:00,80.58,46.01860465116279
2025-03-16 23:00:00+00:00,79.23,46.086046511627906
2025-03-17 00:00:00+00:00,79.9,46.086046511627906
2025-03-17 01:00:00+00:00,79.17,46.086046511627906
2025-03-17 02:00:00+00:00,80.91,46.086046511627906
2025-03-17 03:00:00+00:00,85.85,46.086046511627906
2025-03-17 04:00:00+00:00,103.3,46.086046511627906
2025-03-17 05:00:00+00:00,135.18,46.086046511627906
2025-03-17 06:00:00+00:00,152.87,46.086046511627906
2025-03-17 07:00:00+00:00,135.8,46.086046511627906
2025-03-17 08:00:00+00:00,91.14,46.086046511627906
2025-03-17 09:00:00+00:00,28.75,46.086046511627906
2025-03-17 10:00:00+00:00,-16.71,46.086046511627906
2025-03-17 11:00:00+00:00,-3.59,46.086046511627906
2025-03-17 12:00:00+00:00,36.35,46.086046511627906
2025-03-17 13:00:00+00:00,50.21,46.086046511627906
2025-03-17 14:00:00+00:00,82.54,46.086046511627906
2025-03-17 15:00:00+00:00,101.09,46.086046511627906
2025-03-17 16:00:00+00:00,146.56,46.086046511627906
2025-03-17 17:00:00+00:00,176.76,46.086046511627906
2025-03-17 18:00:00+00:00,170,46.086046511627906
2025-03-17 19:00:00+00:00,141.5,46.086046511627906
2025-03-17 20:00:00+00:00,119.14,46.086046511627906
2025-03-17 21:00:00+00:00,108.07,46.086046511627906
2025-03-17 22:00:00+00:00,93.5,46.086046511627906
2025-03-17 23:00:00+00:00,115.88,45.29767441860465
2025-03-18 00:00:00+00:00,101.07,45.29767441860465
2025-03-18 01:00:00+00:00,96.47,45.29767441860465
2025-03-18 02:00:00+00:00,89.75,45.29767441860465
2025-03-18 03:00:00+00:00,96.32,45.29767441860465
2025-03-18 04:00:00+00:00,111.85,45.29767441860465
2025-03-18 05:00:00+00:00,140.02,45.29767441860465
2025-03-18 06:00:00+00:00,136.68,45.29767441860465
2025-03-18 07:00:00+00:00,98.87,45.29767441860465
2025-03-18 08:00:00+00:00,62.71,45.29767441860465
2025-03-18 09:00:00+00:00,11.96,45.29767441860465
2025-03-18 10:00:00+00:00,-6.78,45.29767441860465
2025-03-18 11:00:00+00:00,-8.46,45.29767441860465
2025-03-18 12:00:00+00:00,0.22,45.29767441860465
2025-03-18 13:00:00+00:00,43.77,45.29767441860465
2025-03-18 14:00:00+00:00,97.29,45.29767441860465
2025-03-18 15:00:00+00:00,143.83,45.29767441860465
2025-03-18 16:00:00+00:00,172.09,45.29767441860465
2025-03-18 17:00:00+00:00,167.2,45.29767441860465
2025-03-18 18:00:00+00:00,145.17,45.29767441860465
2025-03-18 19:00:00+00:00,123.65,45.29767441860465
2025-03-18 20:00:00+00:00,116.98,45.29767441860465
2025-03-18 21:00:00+00:00,113.11,45.29767441860465
2025-03-18 22:00:00+00:00,108.54,45.29767441860465
2025-03-18 23:00:00+00:00,101.39,44.788372093023256
2025-03-19 00:00:00+00:00,99.69,44.788372093023256
2025-03-19 01:00:00+00:00,102.48,44.788372093023256
2025-03-19 02:00:00+00:00,107.17,44.788372093023256
2025-03-19 03:00:00+00:00,124.16,44.788372093023256
2025-03-19 04:00:00+00:00,159.78,44.788372093023256
2025-03-19 05:00:00+00:00,148.11,44.788372093023256
2025-03-19 06:00:00+00:00,109.12,44.788372093023256
2025-03-19 07:00:00+00:00,45.87,44.788372093023256
2025-03-19 08:00:00+00:00,-17.18,44.788372093023256
2025-03-19 09:00:00+00:00,-4.76,44.788372093023256
2025-03-19 10:00:00+00:00,-6.25,44.788372093023256
2025-03-19 11:00:00+00:00,-4.78,44.788372093023256
2025-03-19 12:00:00+00:00,-7.63,44.788372093023256
2025-03-19 13:00:00+00:00,66.06,44.788372093023256
2025-03-19 14:00:00+00:00,112.65,44.788372093023256
2025-03-19 15:00:00+00:00,172.18,44.788372093023256
2025-03-19 16:00:00+00:00,254.2,44.788372093023256
2025-03-19 17:00:00+00:00,221.63,44.788372093023256
2025-03-19 18:00:00+00:00,177.64,44.788372093023256
2025-03-19 19:00:00+00:00,141.82,44.788372093023256
2025-03-19 20:00:00+00:00,127.29,44.788372093023256
2025-03-19 21:00:00+00:00,112.2,44.788372093023256
2025-03-19 22:00:00+00:00,119.96,44.788372093023256
2025-03-19 23:00:00+00:00,104.77,46.16744186046512
2025-03-20 00:00:00+00:00,101.13,46.16744186046512
2025-03-20 01:00:00+00:00,102.11,46.16744186046512
2025-03-20 02:00:00+00:00,105.77,46.16744186046512
2025-03-20 03:00:00+00:00,122.24,46.16744186046512
2025-03-20 04:00:00+00:00,148.24,46.16744186046512
2025-03-20 05:00:00+00:00,141.82,46.16744186046512
2025-03-20 06:00:00+00:00,100.28,46.16744186046512
2025-03-20 07:00:00+00:00,79.16,46.16744186046512
2025-03-20 08:00:00+00:00,38.56,46.16744186046512
2025-03-20 09:00:00+00:00,3.42,46.16744186046512
2025-03-20 10:00:00+00:00,0.43,46.16744186046512
2025-03-20 11:00:00+00:00,0.65,46.16744186046512
2025-03-20 12:00:00+00:00,16.78,46.16744186046512
2025-03-20 13:00:00+00:00,79.89,46.16744186046512
2025-03-20 14:00:00+00:00,121.3,46.16744186046512
2025-03-20 15:00:00+00:00,162.79,46.16744186046512
2025-03-20 16:00:00+00:00,280,46.16744186046512
2025-03-20 17:00:00+00:00,253.77,46.16744186046512
2025-03-20 18:00:00+00:00,168.84,46.16744186046512
2025-03-20 19:00:00+00:00,138.19,46.16744186046512
2025-03-20 20:00:00+00:00,127.12,46.16744186046512
2025-03-20 21:00:00+00:00,116.75,46.16744186046512
2025-03-20 22:00:00+00:00,126.68,46.16744186046512
2025-03-20 23:00:00+00:00,117.18,46.960465116279074
2025-03-21 00:00:00+00:00,116.49,46.960465116279074
2025-03-21 01:00:00+00:00,117.24,46.960465116279074
2025-03-21 02:00:00+00:00,115.16,46.960465116279074
2025-03-21 03:00:00+00:00,132.33,46.960465116279074
2025-03-21 04:00:00+00:00,165.09,46.960465116279074
2025-03-21 05:00:00+00:00,148.46,46.960465116279074
2025-03-21 06:00:00+00:00,111.22,46.960465116279074
2025-03-21 07:00:00+00:00,74.68,46.960465116279074
2025-03-21 08:00:00+00:00,43.74,46.960465116279074
2025-03-21 09:00:00+00:00,7.37,46.960465116279074
2025-03-21 10:00:00+00:00,1.19,46.960465116279074
2025-03-21 11:00:00+00:00,0.1,46.960465116279074
2025-03-21 12:00:00+00:00,30.03,46.960465116279074
2025-03-21 13:00:00+00:00,98.39,46.960465116279074
2025-03-21 14:00:00+00:00,124.88,46.960465116279074
2025-03-21 15:00:00+00:00,179.54,46.960465116279074
2025-03-21 16:00:00+00:00,195.45,46.960465116279074
2025-03-21 17:00:00+00:00,152.01,46.960465116279074
2025-03-21 18:00:00+00:00,116.57,46.960465116279074
2025-03-21 19:00:00+00:00,88.2,46.960465116279074
2025-03-21 20:00:00+00:00,103.91,46.960465116279074
2025-03-21 21:00:00+00:00,99.94,46.960465116279074
2025-03-21 22:00:00+00:00,102.9,46.960465116279074
2025-03-21 23:00:00+00:00,102.42,44.46511627906977
2025-03-22 00:00:00+00:00,92.91,44.46511627906977
2025-03-22 01:00:00+00:00,87.69,44.46511627906977
2025-03-22 02:00:00+00:00,88.97,44.46511627906977
2025-03-22 03:00:00+00:00,90.44,44.46511627906977
2025-03-22 04:00:00+00:00,88.38,44.46511627906977
2025-03-22 05:00:00+00:00,37.18,44.46511627906977
2025-03-22 06:00:00+00:00,-8.14,44.46511627906977
2025-03-22 07:00:00+00:00,-5.05,44.46511627906977
2025-03-22 08:00:00+00:00,-1.61,44.46511627906977
2025-03-22 09:00:00+00:00,-19.53,44.46511627906977
2025-03-22 10:00:00+00:00,-18.47,44.46511627906977
2025-03-22 11:00:00+00:00,-11.92,44.46511627906977
2025-03-22 12:00:00+00:00,-27.63,44.46511627906977
2025-03-22 13:00:00+00:00,-9.53,44.46511627906977
2025-03-22 14:00:00+00:00,20.83,44.46511627906977
2025-03-22 15:00:00+00:00,91.4,44.46511627906977
2025-03-22 16:00:00+00:00,99.07,44.46511627906977
2025-03-22 17:00:00+00:00,98.24,44.46511627906977
2025-03-22 18:00:00+00:00,78.19,44.46511627906977
2025-03-22 19:00:00+00:00,62.27,44.46511627906977
2025-03-22 20:00:00+00:00,50.65,44.46511627906977
2025-03-22 21:00:00+00:00,18.59,44.46511627906977
2025-03-22 22:00:00+00:00,3.27,44.46511627906977
2025-03-22 23:00:00+00:00,4.19,43.01162790697674
2025-03-23 00:00:00+00:00,2.98,43.01162790697674
2025-03-23 01:00:00+00:00,4.44,43.01162790697674
2025-03-23 02:00:00+00:00,9.18,43.01162790697674
2025-03-23 03:00:00+00:00,9.03,43.01162790697674
2025-03-23 04:00:00+00:00,5,43.01162790697674
2025-03-23 05:00:00+00:00,3.87,43.01162790697674
2025-03-23 06:00:00+00:00,5.81,43.01162790697674
2025-03-23 07:00:00+00:00,23.33,43.01162790697674
2025-03-23 08:00:00+00:00,13.78,43.01162790697674
2025-03-23 09:00:00+00:00,9.6,43.01162790697674
2025-03-23 10:00:00+00:00,13.49,43.01162790697674
2025-03-23 11:00:00+00:00,5.01,43.01162790697674
2025-03-23 12:00:00+00:00,33.73,43.01162790697674
2025-03-23 13:00:00+00:00,85.77,43.01162790697674
2025-03-23 14:00:00+00:00,106.25,43.01162790697674
2025-03-23 15:00:00+00:00,126.31,43.01162790697674
2025-03-23 16:00:00+00:00,141.61,43.01162790697674
2025-03-23 17:00:00+00:00,142.95,43.01162790697674
2025-03-23 18:00:00+00:00,141.46,43.01162790697674
2025-03-23 19:00:00+00:00,130.6,43.01162790697674
2025-03-23 20:00:00+00:00,126.29,43.01162790697674
2025-03-23 21:00:00+00:00,114.24,43.01162790697674
2025-03-23 22:00:00+00:00,111.28,43.01162790697674
2025-03-23 23:00:00+00:00,107.1,46.00000000000001
2025-03-24 00:00:00+00:00,101.78,46.00000000000001
2025-03-24 01:00:00+00:00,98.72,46.00000000000001
2025-03-24 02:00:00+00:00,101.72,46.00000000000001
2025-03-24 03:00:00+00:00,119.6,46.00000000000001
2025-03-24 04:00:00+00:00,141.7,46.00000000000001
2025-03-24 05:00:00+00:00,164.44,46.00000000000001
2025-03-24 06:00:00+00:00,162.16,46.00000000000001
2025-03-24 07:00:00+00:00,135.39,46.00000000000001
2025-03-24 08:00:00+00:00,111.3,46.00000000000001
2025-03-24 09:00:00+00:00,108.37,46.00000000000001
2025-03-24 10:00:00+00:00,103.27,46.00000000000001
2025-03-24 11:00:00+00:00,104.17,46.00000000000001
2025-03-24 12:00:00+00:00,110.93,46.00000000000001
2025-03-24 13:00:00+00:00,119.6,46.00000000000001
2025-03-24 14:00:00+00:00,132.76,46.00000000000001
2025-03-24 15:00:00+00:00,154.98,46.00000000000001
2025-03-24 16:00:00+00:00,219.76,46.00000000000001
2025-03-24 17:00:00+00:00,193.78,46.00000000000001
2025-03-24 18:00:00+00:00,161.92,46.00000000000001
2025-03-24 19:00:00+00:00,138.84,46.00000000000001
2025-03-24 20:00:00+00:00,125.76,46.00000000000001
2025-03-24 21:00:00+00:00,115.17,46.00000000000001
2025-03-24 22:00:00+00:00,102.55,46.00000000000001
2025-03-24 23:00:00+00:00,101.94,45.269767441860466
2025-03-25 00:00:00+00:00,100.33,45.269767441860466
2025-03-25 01:00:00+00:00,103.6,45.269767441860466
2025-03-25 02:00:00+00:00,103.08,45.269767441860466
2025-03-25 03:00:00+00:00,108.38,45.269767441860466
2025-03-25 04:00:00+00:00,137.57,45.269767441860466
2025-03-25 05:00:00+00:00,142.74,45.269767441860466
2025-03-25 06:00:00+00:00,127.41,45.269767441860466
2025-03-25 07:00:00+00:00,99.09,45.269767441860466
2025-03-25 08:00:00+00:00,73.26,45.269767441860466
2025-03-25 09:00:00+00:00,45.39,45.269767441860466
2025-03-25 10:00:00+00:00,39.13,45.269767441860466
2025-03-25 11:00:00+00:00,40.66,45.269767441860466
2025-03-25 12:00:00+00:00,70.57,45.269767441860466
2025-03-25 13:00:00+00:00,94.57,45.269767441860466
2025-03-25 14:00:00+00:00,109.89,45.269767441860466
2025-03-25 15:00:00+00:00,145.95,45.269767441860466
2025-03-25 16:00:00+00:00,194.71,45.269767441860466
2025-03-25 17:00:00+00:00,182.12,45.269767441860466
2025-03-25 18:00:00+00:00,148.6,45.269767441860466
2025-03-25 19:00:00+00:00,119.25,45.269767441860466
2025-03-25 20:00:00+00:00,115.35,45.269767441860466
2025-03-25 21:00:00+00:00,102.05,45.269767441860466
2025-03-25 22:00:00+00:00,101.02,45.269767441860466
2025-03-25 23:00:00+00:00,98.22,45.29302325581396
2025-03-26 00:00:00+00:00,97.72,45.29302325581396
2025-03-26 01:00:00+00:00,97.06,45.29302325581396
2025-03-26 02:00:00+00:00,98.18,45.29302325581396
2025-03-26 03:00:00+00:00,99.69,45.29302325581396
2025-03-26 04:00:00+00:00,128.34,45.29302325581396
2025-03-26 05:00:00+00:00,142.85,45.29302325581396
2025-03-26 06:00:00+00:00,137.4,45.29302325581396
2025-03-26 07:00:00+00:00,111.85,45.29302325581396
2025-03-26 08:00:00+00:00,99.97,45.29302325581396
2025-03-26 09:00:00+00:00,96.59,45.29302325581396
2025-03-26 10:00:00+00:00,99.79,45.29302325581396
2025-03-26 11:00:00+00:00,101.15,45.29302325581396
2025-03-26 12:00:00+00:00,108.3,45.29302325581396
2025-03-26 13:00:00+00:00,104.98,45.29302325581396
2025-03-26 14:00:00+00:00,123.08,45.29302325581396
2025-03-26 15:00:00+00:00,138.4,45.29302325581396
2025-03-26 16:00:00+00:00,164.62,45.29302325581396
2025-03-26 17:00:00+00:00,170.72,45.29302325581396
2025-03-26 18:00:00+00:00,155.22,45.29302325581396
2025-03-26 19:00:00+00:00,130.41,45.29302325581396
2025-03-26 20:00:00+00:00,122.06,45.29302325581396
2025-03-26 21:00:00+00:00,109.71,45.29302325581396
2025-03-26 22:00:00+00:00,104.91,45.29302325581396
2025-03-26 23:00:00+00:00,99,44.593023255813954
2025-03-27 00:00:00+00:00,97.77,44.593023255813954
2025-03-27 01:00:00+00:00,98.78,44.593023255813954
2025-03-27 02:00:00+00:00,97.33,44.593023255813954
2025-03-27 03:00:00+00:00,105.05,44.593023255813954
2025-03-27 04:00:00+00:00,130.45,44.593023255813954
2025-03-27 05:00:00+00:00,140.1,44.593023255813954
2025-03-27 06:00:00+00:00,123.5,44.593023255813954
2025-03-27 07:00:00+00:00,111.24,44.593023255813954
2025-03-27 08:00:00+00:00,103.11,44.593023255813954
2025-03-27 09:00:00+00:00,95.07,44.593023255813954
2025-03-27 10:00:00+00:00,87.11,44.593023255813954
2025-03-27 11:00:00+00:00,87.52,44.593023255813954
2025-03-27 12:00:00+00:00,87.43,44.593023255813954
2025-03-27 13:00:00+00:00,98.78,44.593023255813954
2025-03-27 14:00:00+00:00,95.91,44.593023255813954
2025-03-27 15:00:00+00:00,130.42,44.593023255813954
2025-03-27 16:00:00+00:00,160.51,44.593023255813954
2025-03-27 17:00:00+00:00,172.33,44.593023255813954
2025-03-27 18:00:00+00:00,141.9,44.593023255813954
2025-03-27 19:00:00+00:00,124.64,44.593023255813954
2025-03-27 20:00:00+00:00,113.3,44.593023255813954
2025-03-27 21:00:00+00:00,100.93,44.593023255813954
2025-03-27 22:00:00+00:00,125.13,44.593023255813954
2025-03-27 23:00:00+00:00,112.13,44.77441860465117
2025-03-28 00:00:00+00:00,112.14,44.77441860465117
2025-03-28 01:00:00+00:00,107.49,44.77441860465117
2025-03-28 02:00:00+00:00,113.71,44.77441860465117
2025-03-28 03:00:00+00:00,118.7,44.77441860465117
2025-03-28 04:00:00+00:00,130.25,44.77441860465117
2025-03-28 05:00:00+00:00,131.69,44.77441860465117
2025-03-28 06:00:00+00:00,102.08,44.77441860465117
2025-03-28 07:00:00+00:00,74.17,44.77441860465117
2025-03-28 08:00:00+00:00,-10.96,44.77441860465117
2025-03-28 09:00:00+00:00,-32.9,44.77441860465117
2025-03-28 10:00:00+00:00,-28.43,44.77441860465117
2025-03-28 11:00:00+00:00,-24.88,44.77441860465117
2025-03-28 12:00:00+00:00,-22.42,44.77441860465117
2025-03-28 13:00:00+00:00,69.54,44.77441860465117
2025-03-28 14:00:00+00:00,104.12,44.77441860465117
2025-03-28 15:00:00+00:00,132.4,44.77441860465117
2025-03-28 16:00:00+00:00,166.77,44.77441860465117
2025-03-28 17:00:00+00:00,166.38,44.77441860465117
2025-03-28 18:00:00+00:00,149.12,44.77441860465117
2025-03-28 19:00:00+00:00,125.96,44.77441860465117
2025-03-28 20:00:00+00:00,118.61,44.77441860465117
2025-03-28 21:00:00+00:00,110.44,44.77441860465117
2025-03-28 22:00:00+00:00,115.32,44.77441860465117
2025-03-28 23:00:00+00:00,105.31,42.85813953488372
2025-03-29 00:00:00+00:00,97.91,42.85813953488372
2025-03-29 01:00:00+00:00,97.66,42.85813953488372
2025-03-29 02:00:00+00:00,97.59,42.85813953488372
2025-03-29 03:00:00+00:00,93.58,42.85813953488372
2025-03-29 04:00:00+00:00,99.69,42.85813953488372
2025-03-29 05:00:00+00:00,99.72,42.85813953488372
2025-03-29 06:00:00+00:00,87.7,42.85813953488372
2025-03-29 07:00:00+00:00,71.08,42.85813953488372
2025-03-29 08:00:00+00:00,2.79,42.85813953488372
2025-03-29 09:00:00+00:00,1.08,42.85813953488372
2025-03-29 10:00:00+00:00,5.24,42.85813953488372
2025-03-29 11:00:00+00:00,-19.12,42.85813953488372
2025-03-29 12:00:00+00:00,15.5,42.85813953488372
2025-03-29 13:00:00+00:00,82.14,42.85813953488372
2025-03-29 14:00:00+00:00,137.05,42.85813953488372
2025-03-29 15:00:00+00:00,138.31,42.85813953488372
2025-03-29 16:00:00+00:00,149.53,42.85813953488372
2025-03-29 17:00:00+00:00,154.86,42.85813953488372
2025-03-29 18:00:00+00:00,137.38,42.85813953488372
2025-03-29 19:00:00+00:00,137.57,42.85813953488372
2025-03-29 20:00:00+00:00,143.55,42.85813953488372
2025-03-29 21:00:00+00:00,101.03,42.85813953488372
2025-03-29 22:00:00+00:00,107.65,42.85813953488372
2025-03-29 23:00:00+00:00,102.38,41.35116279069768
2025-03-30 00:00:00+00:00,101.09,41.35116279069768
2025-03-30 01:00:00+00:00,100.38,41.35116279069768
2025-03-30 02:00:00+00:00,97.78,41.35116279069768
2025-03-30 03:00:00+00:00,98.78,41.35116279069768
2025-03-30 04:00:00+00:00,100.99,41.35116279069768
2025-03-30 05:00:00+00:00,82.74,41.35116279069768
2025-03-30 06:00:00+00:00,22.29,41.35116279069768
2025-03-30 07:00:00+00:00,-2.24,41.35116279069768
2025-03-30 08:00:00+00:00,-6.47,41.35116279069768
2025-03-30 09:00:00+00:00,-17.29,41.35116279069768
2025-03-30 10:00:00+00:00,-24.67,41.35116279069768
2025-03-30 11:00:00+00:00,-9.25,41.35116279069768
2025-03-30 12:00:00+00:00,31.26,41.35116279069768
2025-03-30 13:00:00+00:00,88.49,41.35116279069768
2025-03-30 14:00:00+00:00,119.24,41.35116279069768
2025-03-30 15:00:00+00:00,136.36,41.35116279069768
2025-03-30 16:00:00+00:00,149.5,41.35116279069768
2025-03-30 17:00:00+00:00,161.52,41.35116279069768
2025-03-30 18:00:00+00:00,149.19,41.35116279069768
2025-03-30 19:00:00+00:00,119.6,41.35116279069768
2025-03-30 20:00:00+00:00,100.06,41.35116279069768
2025-03-30 21:00:00+00:00,82.3,41.35116279069768
2025-03-30 22:00:00+00:00,78.66,42.876744186046515
2025-03-30 23:00:00+00:00,83.72,42.876744186046515
2025-03-31 00:00:00+00:00,89.44,42.876744186046515
2025-03-31 01:00:00+00:00,82.36,42.876744186046515
2025-03-31 02:00:00+00:00,101.08,42.876744186046515
2025-03-31 03:00:00+00:00,154.25,42.876744186046515
2025-03-31 04:00:00+00:00,215.52,42.876744186046515
2025-03-31 05:00:00+00:00,179.46,42.876744186046515
2025-03-31 06:00:00+00:00,135.07,42.876744186046515
2025-03-31 07:00:00+00:00,111.81,42.876744186046515
2025-03-31 08:00:00+00:00,101.34,42.876744186046515
2025-03-31 09:00:00+00:00,89.92,42.876744186046515
2025-03-31 10:00:00+00:00,87.94,42.876744186046515
2025-03-31 11:00:00+00:00,82.61,42.876744186046515
2025-03-31 12:00:00+00:00,79.73,42.876744186046515
2025-03-31 13:00:00+00:00,81.56,42.876744186046515
2025-03-31 14:00:00+00:00,106.71,42.876744186046515
2025-03-31 15:00:00+00:00,137.48,42.876744186046515
2025-03-31 16:00:00+00:00,206.68,42.876744186046515
2025-03-31 17:00:00+00:00,186.94,42.876744186046515
2025-03-31 18:00:00+00:00,135.48,42.876744186046515
2025-03-31 19:00:00+00:00,115.53,42.876744186046515
2025-03-31 20:00:00+00:00,102.39,42.876744186046515
2025-03-31 21:00:00+00:00,102,42.876744186046515
2025-03-31 22:00:00+00:00,95.76,42.75581395348837
2025-03-31 23:00:00+00:00,93.72,42.75581395348837
2025-04-01 00:00:00+00:00,97.34,42.75581395348837
2025-04-01 01:00:00+00:00,98.18,42.75581395348837
2025-04-01 02:00:00+00:00,101.88,42.75581395348837
2025-04-01 03:00:00+00:00,130.72,42.75581395348837
2025-04-01 04:00:00+00:00,178.89,42.75581395348837
2025-04-01 05:00:00+00:00,159.37,42.75581395348837
2025-04-01 06:00:00+00:00,142.8,42.75581395348837
2025-04-01 07:00:00+00:00,98.02,42.75581395348837
2025-04-01 08:00:00+00:00,99.29,42.75581395348837
2025-04-01 09:00:00+00:00,99.52,42.75581395348837
2025-04-01 10:00:00+00:00,95.58,42.75581395348837
2025-04-01 11:00:00+00:00,98.06,42.75581395348837
2025-04-01 12:00:00+00:00,99.64,42.75581395348837
2025-04-01 13:00:00+00:00,107.54,42.75581395348837
2025-04-01 14:00:00+00:00,130.13,42.75581395348837
2025-04-01 15:00:00+00:00,128.96,42.75581395348837
2025-04-01 16:00:00+00:00,162.6,42.75581395348837
2025-04-01 17:00:00+00:00,140.19,42.75581395348837
2025-04-01 18:00:00+00:00,112.72,42.75581395348837
2025-04-01 19:00:00+00:00,103.15,42.75581395348837
2025-04-01 20:00:00+00:00,100.44,42.75581395348837
2025-04-01 21:00:00+00:00,108.92,42.75581395348837
2025-04-01 22:00:00+00:00,107.48,43.52325581395349
2025-04-01 23:00:00+00:00,101.39,43.52325581395349
2025-04-02 00:00:00+00:00,101.21,43.52325581395349
2025-04-02 01:00:00+00:00,108.05,43.52325581395349
2025-04-02 02:00:00+00:00,105.07,43.52325581395349
2025-04-02 03:00:00+00:00,119.57,43.52325581395349
2025-04-02 04:00:00+00:00,152.45,43.52325581395349
2025-04-02 05:00:00+00:00,125.33,43.52325581395349
2025-04-02 06:00:00+00:00,84.45,43.52325581395349
2025-04-02 07:00:00+00:00,41.89,43.52325581395349
2025-04-02 08:00:00+00:00,-33.95,43.52325581395349
2025-04-02 09:00:00+00:00,-21.56,43.52325581395349
2025-04-02 10:00:00+00:00,-17.43,43.52325581395349
2025-04-02 11:00:00+00:00,-7.8,43.52325581395349
2025-04-02 12:00:00+00:00,-11.56,43.52325581395349
2025-04-02 13:00:00+00:00,16.94,43.52325581395349
2025-04-02 14:00:00+00:00,93.13,43.52325581395349
2025-04-02 15:00:00+00:00,129.51,43.52325581395349
2025-04-02 16:00:00+00:00,166.84,43.52325581395349
2025-04-02 17:00:00+00:00,146.74,43.52325581395349
2025-04-02 18:00:00+00:00,108.25,43.52325581395349
2025-04-02 19:00:00+00:00,100.93,43.52325581395349
2025-04-02 20:00:00+00:00,107.25,43.52325581395349
2025-04-02 21:00:00+00:00,107.69,43.52325581395349
2025-04-02 22:00:00+00:00,103,44.1139534883721
2025-04-02 23:00:00+00:00,103.78,44.1139534883721
2025-04-03 00:00:00+00:00,105.87,44.1139534883721
2025-04-03 01:00:00+00:00,109.66,44.1139534883721
2025-04-03 02:00:00+00:00,107.69,44.1139534883721
2025-04-03 03:00:00+00:00,137.43,44.1139534883721
2025-04-03 04:00:00+00:00,164.31,44.1139534883721
2025-04-03 05:00:00+00:00,133.3,44.1139534883721
2025-04-03 06:00:00+00:00,79.11,44.1139534883721
2025-04-03 07:00:00+00:00,40.9,44.1139534883721
2025-04-03 08:00:00+00:00,-3.69,44.1139534883721
2025-04-03 09:00:00+00:00,-1.46,44.1139534883721
2025-04-03 10:00:00+00:00,-8.11,44.1139534883721
2025-04-03 11:00:00+00:00,-5.38,44.1139534883721
2025-04-03 12:00:00+00:00,-0.58,44.1139534883721
2025-04-03 13:00:00+00:00,89.91,44.1139534883721
2025-04-03 14:00:00+00:00,152.59,44.1139534883721
2025-04-03 15:00:00+00:00,142.82,44.1139534883721
2025-04-03 16:00:00+00:00,225.11,44.1139534883721
2025-04-03 17:00:00+00:00,211.26,44.1139534883721
2025-04-03 18:00:00+00:00,141.41,44.1139534883721
2025-04-03 19:00:00+00:00,115.24,44.1139534883721
2025-04-03 20:00:00+00:00,105.61,44.1139534883721
2025-04-03 21:00:00+00:00,109.71,44.1139534883721
2025-04-03 22:00:00+00:00,104.58,41.75581395348838
2025-04-03 23:00:00+00:00,104.75,41.75581395348838
2025-04-04 00:00:00+00:00,105.02,41.75581395348838
2025-04-04 01:00:00+00:00,107.99,41.75581395348838
2025-04-04 02:00:00+00:00,113.89,41.75581395348838
2025-04-04 03:00:00+00:00,154.02,41.75581395348838
2025-04-04 04:00:00+00:00,181.59,41.75581395348838
2025-04-04 05:00:00+00:00,140.55,41.75581395348838
2025-04-04 06:00:00+00:00,96.16,41.75581395348838
2025-04-04 07:00:00+00:00,64.96,41.75581395348838
2025-04-04 08:00:00+00:00,7.82,41.75581395348838
2025-04-04 09:00:00+00:00,-1.27,41.75581395348838
2025-04-04 10:00:00+00:00,-1.14,41.75581395348838
2025-04-04 11:00:00+00:00,-0.81,41.75581395348838
2025-04-04 12:00:00+00:00,70.62,41.75581395348838
2025-04-04 13:00:00+00:00,112.93,41.75581395348838
2025-04-04 14:00:00+00:00,128.19,41.75581395348838
2025-04-04 15:00:00+00:00,172.74,41.75581395348838
2025-04-04 16:00:00+00:00,161,41.75581395348838
2025-04-04 17:00:00+00:00,122.14,41.75581395348838
2025-04-04 18:00:00+00:00,105.24,41.75581395348838
2025-04-04 19:00:00+00:00,97.11,41.75581395348838
2025-04-04 20:00:00+00:00,110.68,41.75581395348838
2025-04-04 21:00:00+00:00,103.78,41.75581395348838
2025-04-04 22:00:00+00:00,100.67,39.513953488372096
2025-04-04 23:00:00+00:00,100.99,39.513953488372096
2025-04-05 00:00:00+00:00,100.01,39.513953488372096
2025-04-05 01:00:00+00:00,99.08,39.513953488372096
2025-04-05 02:00:00+00:00,105.2,39.513953488372096
2025-04-05 03:00:00+00:00,107.81,39.513953488372096
2025-04-05 04:00:00+00:00,100.17,39.513953488372096
2025-04-05 05:00:00+00:00,57.39,39.513953488372096
2025-04-05 06:00:00+00:00,0.66,39.513953488372096
2025-04-05 07:00:00+00:00,-0.87,39.513953488372096
2025-04-05 08:00:00+00:00,-21.66,39.513953488372096
2025-04-05 09:00:00+00:00,-49.02,39.513953488372096
2025-04-05 10:00:00+00:00,-51.49,39.513953488372096
2025-04-05 11:00:00+00:00,-29.19,39.513953488372096
2025-04-05 12:00:00+00:00,-0.73,39.513953488372096
2025-04-05 13:00:00+00:00,18.2,39.513953488372096
2025-04-05 14:00:00+00:00,76.79,39.513953488372096
2025-04-05 15:00:00+00:00,109.45,39.513953488372096
2025-04-05 16:00:00+00:00,101.66,39.513953488372096
2025-04-05 17:00:00+00:00,84.26,39.513953488372096
2025-04-05 18:00:00+00:00,78.99,39.513953488372096
2025-04-05 19:00:00+00:00,68.75,39.513953488372096
2025-04-05 20:00:00+00:00,70.45,39.513953488372096
2025-04-05 21:00:00+00:00,61.37,39.513953488372096
2025-04-05 22:00:00+00:00,62.5,39.45813953488372
2025-04-05 23:00:00+00:00,67.76,39.45813953488372
2025-04-06 00:00:00+00:00,70.97,39.45813953488372
2025-04-06 01:00:00+00:00,77.89,39.45813953488372
2025-04-06 02:00:00+00:00,77.98,39.45813953488372
2025-04-06 03:00:00+00:00,79.56,39.45813953488372
2025-04-06 04:00:00+00:00,42.38,39.45813953488372
2025-04-06 05:00:00+00:00,0.1,39.45813953488372
2025-04-06 06:00:00+00:00,-2,39.45813953488372
2025-04-06 07:00:00+00:00,-27.58,39.45813953488372
2025-04-06 08:00:00+00:00,-59.97,39.45813953488372
2025-04-06 09:00:00+00:00,-92.6,39.45813953488372
2025-04-06 10:00:00+00:00,-80.65,39.45813953488372
2025-04-06 11:00:00+00:00,-46.05,39.45813953488372
2025-04-06 12:00:00+00:00,-10.96,39.45813953488372
2025-04-06 13:00:00+00:00,32.76,39.45813953488372
2025-04-06 14:00:00+00:00,125.04,39.45813953488372
2025-04-06 15:00:00+00:00,159.97,39.45813953488372
2025-04-06 16:00:00+00:00,138.21,39.45813953488372
2025-04-06 17:00:00+00:00,123.41,39.45813953488372
2025-04-06 18:00:00+00:00,113.04,39.45813953488372
2025-04-06 19:00:00+00:00,101.06,39.45813953488372
2025-04-06 20:00:00+00:00,88.2,39.45813953488372
2025-04-06 21:00:00+00:00,86.68,39.45813953488372
2025-04-06 22:00:00+00:00,83.22,39.66976744186047
2025-04-06 23:00:00+00:00,85.22,39.66976744186047
2025-04-07 00:00:00+00:00,87.02,39.66976744186047
2025-04-07 01:00:00+00:00,100.19,39.66976744186047
2025-04-07 02:00:00+00:00,131.96,39.66976744186047
2025-04-07 03:00:00+00:00,182.83,39.66976744186047
2025-04-07 04:00:00+00:00,144.53,39.66976744186047
2025-04-07 05:00:00+00:00,107.84,39.66976744186047
2025-04-07 06:00:00+00:00,84.07,39.66976744186047
2025-04-07 07:00:00+00:00,65.14,39.66976744186047
2025-04-07 08:00:00+00:00,62.53,39.66976744186047
2025-04-07 09:00:00+00:00,69.3,39.66976744186047
2025-04-07 10:00:00+00:00,79.1,39.66976744186047
2025-04-07 11:00:00+00:00,72.62,39.66976744186047
2025-04-07 12:00:00+00:00,83.44,39.66976744186047
2025-04-07 13:00:00+00:00,108.15,39.66976744186047
2025-04-07 14:00:00+00:00,143.56,39.66976744186047
2025-04-07 15:00:00+00:00,179,39.66976744186047
2025-04-07 16:00:00+00:00,177.99,39.66976744186047
2025-04-07 17:00:00+00:00,142.23,39.66976744186047
2025-04-07 18:00:00+00:00,122.62,39.66976744186047
2025-04-07 19:00:00+00:00,106.74,39.66976744186047
2025-04-07 20:00:00+00:00,94.97,39.66976744186047
2025-04-07 21:00:00+00:00,88.64,39.66976744186047
2025-04-07 22:00:00+00:00,89.99,38.758139534883725
2025-04-07 23:00:00+00:00,91.14,38.758139534883725
2025-04-08 00:00:00+00:00,92.91,38.758139534883725
2025-04-08 01:00:00+00:00,108.21,38.758139534883725
2025-04-08 02:00:00+00:00,147.16,38.758139534883725
2025-04-08 03:00:00+00:00,181.54,38.758139534883725
2025-04-08 04:00:00+00:00,136.77,38.758139534883725
2025-04-08 05:00:00+00:00,91.28,38.758139534883725
2025-04-08 06:00:00+00:00,72.97,38.758139534883725
2025-04-08 07:00:00+00:00,34.5,38.758139534883725
2025-04-08 08:00:00+00:00,-6.82,38.758139534883725
2025-04-08 09:00:00+00:00,-11.63,38.758139534883725
2025-04-08 10:00:00+00:00,1.98,38.758139534883725
2025-04-08 11:00:00+00:00,44.66,38.758139534883725
2025-04-08 12:00:00+00:00,75.02,38.758139534883725
2025-04-08 13:00:00+00:00,94.88,38.758139534883725
2025-04-08 14:00:00+00:00,125.59,38.758139534883725
2025-04-08 15:00:00+00:00,209.31,38.758139534883725
2025-04-08 16:00:00+00:00,227.44,38.758139534883725
2025-04-08 17:00:00+00:00,145.39,38.758139534883725
2025-04-08 18:00:00+00:00,122.5,38.758139534883725
2025-04-08 19:00:00+00:00,107.6,38.758139534883725
2025-04-08 20:00:00+00:00,109.1,38.758139534883725
2025-04-08 21:00:00+00:00,99.9,38.758139534883725
2025-04-08 22:00:00+00:00,97.22,39.7046511627907
2025-04-08 23:00:00+00:00,97.5,39.7046511627907
2025-04-09 00:00:00+00:00,98.4,39.7046511627907
2025-04-09 01:00:00+00:00,114.47,39.7046511627907
2025-04-09 02:00:00+00:00,157.54,39.7046511627907
2025-04-09 03:00:00+00:00,177.66,39.7046511627907
2025-04-09 04:00:00+00:00,131.3,39.7046511627907
2025-04-09 05:00:00+00:00,98.35,39.7046511627907
2025-04-09 06:00:00+00:00,83.34,39.7046511627907
2025-04-09 07:00:00+00:00,53.24,39.7046511627907
2025-04-09 08:00:00+00:00,11.97,39.7046511627907
2025-04-09 09:00:00+00:00,11.81,39.7046511627907
2025-04-09 10:00:00+00:00,36.45,39.7046511627907
2025-04-09 11:00:00+00:00,65.62,39.7046511627907
2025-04-09 12:00:00+00:00,77.17,39.7046511627907
2025-04-09 13:00:00+00:00,92.77,39.7046511627907
2025-04-09 14:00:00+00:00,115.83,39.7046511627907
2025-04-09 15:00:00+00:00,133.31,39.7046511627907
2025-04-09 16:00:00+00:00,147.32,39.7046511627907
2025-04-09 17:00:00+00:00,113.08,39.7046511627907
2025-04-09 18:00:00+00:00,100.42,39.7046511627907
2025-04-09 19:00:00+00:00,94.97,39.7046511627907
2025-04-09 20:00:00+00:00,94.75,39.7046511627907
2025-04-09 21:00:00+00:00,91,39.7046511627907
2025-04-09 22:00:00+00:00,90.53,38.00232558139535
2025-04-09 23:00:00+00:00,89.78,38.00232558139535
2025-04-10 00:00:00+00:00,91.97,38.00232558139535
2025-04-10 01:00:00+00:00,99.99,38.00232558139535
2025-04-10 02:00:00+00:00,139.05,38.00232558139535
2025-04-10 03:00:00+00:00,173.14,38.00232558139535
2025-04-10 04:00:00+00:00,136.58,38.00232558139535
2025-04-10 05:00:00+00:00,103.19,38.00232558139535
2025-04-10 06:00:00+00:00,87.32,38.00232558139535
2025-04-10 07:00:00+00:00,67.94,38.00232558139535
2025-04-10 08:00:00+00:00,34.47,38.00232558139535
2025-04-10 09:00:00+00:00,2.07,38.00232558139535
2025-04-10 10:00:00+00:00,0.08,38.00232558139535
2025-04-10 11:00:00+00:00,1.57,38.00232558139535
2025-04-10 12:00:00+00:00,55.2,38.00232558139535
2025-04-10 13:00:00+00:00,94.9,38.00232558139535
2025-04-10 14:00:00+00:00,113.16,38.00232558139535
2025-04-10 15:00:00+00:00,179.43,38.00232558139535
2025-04-10 16:00:00+00:00,206.05,38.00232558139535
2025-04-10 17:00:00+00:00,138.98,38.00232558139535
2025-04-10 18:00:00+00:00,98.11,38.00232558139535
2025-04-10 19:00:00+00:00,87.77,38.00232558139535
2025-04-10 20:00:00+00:00,71.06,38.00232558139535
2025-04-10 21:00:00+00:00,66.8,38.00232558139535
2025-04-10 22:00:00+00:00,61.78,38.05348837209302
2025-04-10 23:00:00+00:00,62.41,38.05348837209302
2025-04-11 00:00:00+00:00,62.58,38.05348837209302
2025-04-11 01:00:00+00:00,76.75,38.05348837209302
2025-04-11 02:00:00+00:00,99.68,38.05348837209302
2025-04-11 03:00:00+00:00,111.53,38.05348837209302
2025-04-11 04:00:00+00:00,87.31,38.05348837209302
2025-04-11 05:00:00+00:00,90.91,38.05348837209302
2025-04-11 06:00:00+00:00,92.48,38.05348837209302
2025-04-11 07:00:00+00:00,91.59,38.05348837209302
2025-04-11 08:00:00+00:00,95.74,38.05348837209302
2025-04-11 09:00:00+00:00,102.12,38.05348837209302
2025-04-11 10:00:00+00:00,111.32,38.05348837209302
2025-04-11 11:00:00+00:00,120.92,38.05348837209302
2025-04-11 12:00:00+00:00,127.28,38.05348837209302
2025-04-11 13:00:00+00:00,156.41,38.05348837209302
2025-04-11 14:00:00+00:00,127.84,38.05348837209302
2025-04-11 15:00:00+00:00,165.93,38.05348837209302
2025-04-11 16:00:00+00:00,176.85,38.05348837209302
2025-04-11 17:00:00+00:00,147.83,38.05348837209302
2025-04-11 18:00:00+00:00,130.03,38.05348837209302
2025-04-11 19:00:00+00:00,107.72,38.05348837209302
2025-04-11 20:00:00+00:00,108.76,38.05348837209302
2025-04-11 21:00:00+00:00,105.39,38.05348837209302
2025-04-11 22:00:00+00:00,101.84,36.32790697674419
2025-04-11 23:00:00+00:00,99.3,36.32790697674419
2025-04-12 00:00:00+00:00,100.16,36.32790697674419
2025-04-12 01:00:00+00:00,100.3,36.32790697674419
2025-04-12 02:00:00+00:00,106.16,36.32790697674419
2025-04-12 03:00:00+00:00,101.5,36.32790697674419
2025-04-12 04:00:00+00:00,96.54,36.32790697674419
2025-04-12 05:00:00+00:00,75.2,36.32790697674419
2025-04-12 06:00:00+00:00,51,36.32790697674419
2025-04-12 07:00:00+00:00,-8.7,36.32790697674419
2025-04-12 08:00:00+00:00,-32.66,36.32790697674419
2025-04-12 09:00:00+00:00,-24.07,36.32790697674419
2025-04-12 10:00:00+00:00,4.04,36.32790697674419
2025-04-12 11:00:00+00:00,64.18,36.32790697674419
2025-04-12 12:00:00+00:00,109.15,36.32790697674419
2025-04-12 13:00:00+00:00,116.3,36.32790697674419
2025-04-12 14:00:00+00:00,162.18,36.32790697674419
2025-04-12 15:00:00+00:00,209.38,36.32790697674419
2025-04-12 16:00:00+00:00,140.17,36.32790697674419
2025-04-12 17:00:00+00:00,104.71,36.32790697674419
2025-04-12 18:00:00+00:00,82.12,36.32790697674419
2025-04-12 19:00:00+00:00,86.61,36.32790697674419
2025-04-12 20:00:00+00:00,76.36,36.32790697674419
2025-04-12 21:00:00+00:00,70.83,36.32790697674419
2025-04-12 22:00:00+00:00,70.41,34.979069767441864
2025-04-12 23:00:00+00:00,69.87,34.979069767441864
2025-04-13 00:00:00+00:00,73.86,34.979069767441864
2025-04-13 01:00:00+00:00,54.18,34.979069767441864
2025-04-13 02:00:00+00:00,53.74,34.979069767441864
2025-04-13 03:00:00+00:00,12.71,34.979069767441864
2025-04-13 04:00:00+00:00,8.43,34.979069767441864
2025-04-13 05:00:00+00:00,-0.02,34.979069767441864
2025-04-13 06:00:00+00:00,-3.17,34.979069767441864
2025-04-13 07:00:00+00:00,-18.84,34.979069767441864
2025-04-13 08:00:00+00:00,-25.38,34.979069767441864
2025-04-13 09:00:00+00:00,-9.93,34.979069767441864
2025-04-13 10:00:00+00:00,-0.01,34.979069767441864
2025-04-13 11:00:00+00:00,52.2,34.979069767441864
2025-04-13 12:00:00+00:00,103.55,34.979069767441864
2025-04-13 13:00:00+00:00,133.96,34.979069767441864
2025-04-13 14:00:00+00:00,121.28,34.979069767441864
2025-04-13 15:00:00+00:00,126.24,34.979069767441864
2025-04-13 16:00:00+00:00,104.55,34.979069767441864
2025-04-13 17:00:00+00:00,96.25,34.979069767441864
2025-04-13 18:00:00+00:00,89.52,34.979069767441864
2025-04-13 19:00:00+00:00,84.47,34.979069767441864
2025-04-13 20:00:00+00:00,83.81,34.979069767441864
2025-04-13 21:00:00+00:00,89.45,34.979069767441864
2025-04-13 22:00:00+00:00,90.33,35.830232558139535
2025-04-13 23:00:00+00:00,99.8,35.830232558139535
2025-04-14 00:00:00+00:00,125.06,35.830232558139535
2025-04-14 01:00:00+00:00,152.68,35.830232558139535
2025-04-14 02:00:00+00:00,144.12,35.830232558139535
2025-04-14 03:00:00+00:00,100.93,35.830232558139535
2025-04-14 04:00:00+00:00,80.51,35.830232558139535
2025-04-14 05:00:00+00:00,67.23,35.830232558139535
2025-04-14 06:00:00+00:00,55.19,35.830232558139535
2025-04-14 07:00:00+00:00,54.99,35.830232558139535
2025-04-14 08:00:00+00:00,62.02,35.830232558139535
2025-04-14 09:00:00+00:00,80.33,35.830232558139535
2025-04-14 10:00:00+00:00,92.43,35.830232558139535
2025-04-14 11:00:00+00:00,102.94,35.830232558139535
2025-04-14 12:00:00+00:00,128.8,35.830232558139535
2025-04-14 13:00:00+00:00,229.5,35.830232558139535
2025-04-14 14:00:00+00:00,219.43,35.830232558139535
2025-04-14 15:00:00+00:00,107.51,35.830232558139535
2025-04-14 16:00:00+00:00,87.06,35.830232558139535
2025-04-14 17:00:00+00:00,79.46,35.830232558139535
2025-04-14 18:00:00+00:00,78.61,35.830232558139535
2025-04-14 19:00:00+00:00,81.9,35.830232558139535
2025-04-14 20:00:00+00:00,88.92,35.830232558139535
2025-04-14 21:00:00+00:00,90.31,35.830232558139535
2025-04-14 22:00:00+00:00,91.37,36.94418604651163
2025-04-14 23:00:00+00:00,79.75,36.94418604651163
2025-04-15 00:00:00+00:00,114.65,36.94418604651163
2025-04-15 01:00:00+00:00,114.82,36.94418604651163
2025-04-15 02:00:00+00:00,102.73,36.94418604651163
2025-04-15 03:00:00+00:00,94.6,36.94418604651163
2025-04-15 04:00:00+00:00,66.25,36.94418604651163
2025-04-15 05:00:00+00:00,9.69,36.94418604651163
2025-04-15 06:00:00+00:00,1.17,36.94418604651163
2025-04-15 07:00:00+00:00,2.38,36.94418604651163
2025-04-15 08:00:00+00:00,34.74,36.94418604651163
2025-04-15 09:00:00+00:00,74.82,36.94418604651163
2025-04-15 10:00:00+00:00,93,36.94418604651163
2025-04-15 11:00:00+00:00,93.43,36.94418604651163
2025-04-15 12:00:00+00:00,108.15,36.94418604651163
2025-04-15 13:00:00+00:00,138.04,36.94418604651163
2025-04-15 14:00:00+00:00,145.58,36.94418604651163
2025-04-15 15:00:00+00:00,112.99,36.94418604651163
2025-04-15 16:00:00+00:00,105.95,36.94418604651163
2025-04-15 17:00:00+00:00,93.11,36.94418604651163
2025-04-15 18:00:00+00:00,89.35,36.94418604651163
2025-04-15 19:00:00+00:00,83.68,36.94418604651163
2025-04-15 20:00:00+00:00,84.06,36.94418604651163
2025-04-15 21:00:00+00:00,84.18,36.94418604651163
2025-04-15 22:00:00+00:00,94.32,37.47674418604652
2025-04-15 23:00:00+00:00,102.49,37.47674418604652
2025-04-16 00:00:00+00:00,123.28,37.47674418604652
2025-04-16 01:00:00+00:00,135.71,37.47674418604652
2025-04-16 02:00:00+00:00,140.59,37.47674418604652
2025-04-16 03:00:00+00:00,85.08,37.47674418604652
2025-04-16 04:00:00+00:00,49.41,37.47674418604652
2025-04-16 05:00:00+00:00,32.82,37.47674418604652
2025-04-16 06:00:00+00:00,17.4,37.47674418604652
2025-04-16 07:00:00+00:00,10.41,37.47674418604652
2025-04-16 08:00:00+00:00,11.59,37.47674418604652
2025-04-16 09:00:00+00:00,46.41,37.47674418604652
2025-04-16 10:00:00+00:00,93.77,37.47674418604652
2025-04-16 11:00:00+00:00,134.44,37.47674418604652
2025-04-16 12:00:00+00:00,118.88,37.47674418604652
2025-04-16 13:00:00+00:00,198.7,37.47674418604652
2025-04-16 14:00:00+00:00,204.59,37.47674418604652
2025-04-16 15:00:00+00:00,121.72,37.47674418604652
2025-04-16 16:00:00+00:00,109.99,37.47674418604652
2025-04-16 17:00:00+00:00,99.52,37.47674418604652
2025-04-16 18:00:00+00:00,96.09,37.47674418604652
2025-04-16 19:00:00+00:00,93.38,37.47674418604652
2025-04-16 20:00:00+00:00,89.67,37.47674418604652
2025-04-16 21:00:00+00:00,90.75,37.47674418604652
2025-04-16 22:00:00+00:00,95.68,37.55813953488372
2025-04-16 23:00:00+00:00,92.46,37.55813953488372
2025-04-17 00:00:00+00:00,136.74,37.55813953488372
2025-04-17 01:00:00+00:00,124.08,37.55813953488372
2025-04-17 02:00:00+00:00,125.44,37.55813953488372
2025-04-17 03:00:00+00:00,93.53,37.55813953488372
2025-04-17 04:00:00+00:00,65.79,37.55813953488372
2025-04-17 05:00:00+00:00,11.58,37.55813953488372
2025-04-17 06:00:00+00:00,-11.92,37.55813953488372
2025-04-17 07:00:00+00:00,-18.16,37.55813953488372
2025-04-17 08:00:00+00:00,10.3,37.55813953488372
2025-04-17 09:00:00+00:00,73.1,37.55813953488372
2025-04-17 10:00:00+00:00,86.51,37.55813953488372
2025-04-17 11:00:00+00:00,99.64,37.55813953488372
2025-04-17 12:00:00+00:00,114.13,37.55813953488372
2025-04-17 13:00:00+00:00,131.11,37.55813953488372
2025-04-17 14:00:00+00:00,124.05,37.55813953488372
2025-04-17 15:00:00+00:00,114.32,37.55813953488372
2025-04-17 16:00:00+00:00,104.11,37.55813953488372
2025-04-17 17:00:00+00:00,96.69,37.55813953488372
2025-04-17 18:00:00+00:00,90.55,37.55813953488372
2025-04-17 19:00:00+00:00,81.31,37.55813953488372
2025-04-17 20:00:00+00:00,78.72,37.55813953488372
2025-04-17 21:00:00+00:00,77.89,37.55813953488372
2025-04-17 22:00:00+00:00,93.51,37.872093023255815
2025-04-17 23:00:00+00:00,95.79,37.872093023255815
2025-04-18 00:00:00+00:00,91.94,37.872093023255815
2025-04-18 01:00:00+00:00,86.9,37.872093023255815
2025-04-18 02:00:00+00:00,89.21,37.872093023255815
2025-04-18 03:00:00+00:00,89.92,37.872093023255815
2025-04-18 04:00:00+00:00,89.34,37.872093023255815
2025-04-18 05:00:00+00:00,86.18,37.872093023255815
2025-04-18 06:00:00+00:00,77.62,37.872093023255815
2025-04-18 07:00:00+00:00,67.12,37.872093023255815
2025-04-18 08:00:00+00:00,70.03,37.872093023255815
2025-04-18 09:00:00+00:00,93.04,37.872093023255815
2025-04-18 10:00:00+00:00,105.5,37.872093023255815
2025-04-18 11:00:00+00:00,91.47,37.872093023255815
2025-04-18 12:00:00+00:00,105.69,37.872093023255815
2025-04-18 13:00:00+00:00,127.75,37.872093023255815
2025-04-18 14:00:00+00:00,146.17,37.872093023255815
2025-04-18 15:00:00+00:00,118.37,37.872093023255815
2025-04-18 16:00:00+00:00,108.43,37.872093023255815
2025-04-18 17:00:00+00:00,101.29,37.872093023255815
2025-04-18 18:00:00+00:00,121.54,37.872093023255815
2025-04-18 19:00:00+00:00,103.92,37.872093023255815
2025-04-18 20:00:00+00:00,99.53,37.872093023255815
2025-04-18 21:00:00+00:00,94.73,37.872093023255815
2025-04-18 22:00:00+00:00,98.09,36.960465116279074
2025-04-18 23:00:00+00:00,92.4,36.960465116279074
2025-04-19 00:00:00+00:00,102,36.960465116279074
2025-04-19 01:00:00+00:00,106.86,36.960465116279074
2025-04-19 02:00:00+00:00,122.61,36.960465116279074
2025-04-19 03:00:00+00:00,94.8,36.960465116279074
2025-04-19 04:00:00+00:00,76.09,36.960465116279074
2025-04-19 05:00:00+00:00,35.51,36.960465116279074
2025-04-19 06:00:00+00:00,-2.79,36.960465116279074
2025-04-19 07:00:00+00:00,8.87,36.960465116279074
2025-04-19 08:00:00+00:00,44.1,36.960465116279074
2025-04-19 09:00:00+00:00,79.3,36.960465116279074
2025-04-19 10:00:00+00:00,128.47,36.960465116279074
2025-04-19 11:00:00+00:00,146.08,36.960465116279074
2025-04-19 12:00:00+00:00,130.74,36.960465116279074
2025-04-19 13:00:00+00:00,154.53,36.960465116279074
2025-04-19 14:00:00+00:00,130.6,36.960465116279074
2025-04-19 15:00:00+00:00,112.45,36.960465116279074
2025-04-19 16:00:00+00:00,105.1,36.960465116279074
2025-04-19 17:00:00+00:00,101.28,36.960465116279074
2025-04-19 18:00:00+00:00,101.32,36.960465116279074
2025-04-19 19:00:00+00:00,98.07,36.960465116279074
2025-04-19 20:00:00+00:00,98.24,36.960465116279074
2025-04-19 21:00:00+00:00,98.89,36.960465116279074
2025-04-19 22:00:00+00:00,104.63,36.330232558139535
2025-04-19 23:00:00+00:00,105.05,36.330232558139535
2025-04-20 00:00:00+00:00,88.34,36.330232558139535
2025-04-20 01:00:00+00:00,64.86,36.330232558139535
2025-04-20 02:00:00+00:00,6.86,36.330232558139535
2025-04-20 03:00:00+00:00,-0.67,36.330232558139535
2025-04-20 04:00:00+00:00,-28.58,36.330232558139535
2025-04-20 05:00:00+00:00,-75.74,36.330232558139535
2025-04-20 06:00:00+00:00,-80.58,36.330232558139535
2025-04-20 07:00:00+00:00,-51.39,36.330232558139535
2025-04-20 08:00:00+00:00,-7.32,36.330232558139535
2025-04-20 09:00:00+00:00,69.43,36.330232558139535
2025-04-20 10:00:00+00:00,120.7,36.330232558139535
2025-04-20 11:00:00+00:00,151.83,36.330232558139535
2025-04-20 12:00:00+00:00,143.34,36.330232558139535
2025-04-20 13:00:00+00:00,134.93,36.330232558139535
2025-04-20 14:00:00+00:00,121.79,36.330232558139535
2025-04-20 15:00:00+00:00,110.89,36.330232558139535
2025-04-20 16:00:00+00:00,108.22,36.330232558139535
2025-04-20 17:00:00+00:00,98.39,36.330232558139535
2025-04-20 18:00:00+00:00,96.08,36.330232558139535
2025-04-20 19:00:00+00:00,96.35,36.330232558139535
2025-04-20 20:00:00+00:00,98.4,36.330232558139535
2025-04-20 21:00:00+00:00,98.53,36.330232558139535
2025-04-20 22:00:00+00:00,96.08,36.269767441860466
2025-04-20 23:00:00+00:00,90.01,36.269767441860466
2025-04-21 00:00:00+00:00,80.61,36.269767441860466
2025-04-21 01:00:00+00:00,49.92,36.269767441860466
2025-04-21 02:00:00+00:00,22.12,36.269767441860466
2025-04-21 03:00:00+00:00,10.9,36.269767441860466
2025-04-21 04:00:00+00:00,-13.39,36.269767441860466
2025-04-21 05:00:00+00:00,-21.27,36.269767441860466
2025-04-21 06:00:00+00:00,-0.43,36.269767441860466
2025-04-21 07:00:00+00:00,9.57,36.269767441860466
2025-04-21 08:00:00+00:00,48.11,36.269767441860466
2025-04-21 09:00:00+00:00,85.27,36.269767441860466
2025-04-21 10:00:00+00:00,113.7,36.269767441860466
2025-04-21 11:00:00+00:00,121.65,36.269767441860466
2025-04-21 12:00:00+00:00,140.1,36.269767441860466
2025-04-21 13:00:00+00:00,132.1,36.269767441860466
2025-04-21 14:00:00+00:00,122.77,36.269767441860466
2025-04-21 15:00:00+00:00,106.51,36.269767441860466
2025-04-21 16:00:00+00:00,96.59,36.269767441860466
2025-04-21 17:00:00+00:00,89.17,36.269767441860466
2025-04-21 18:00:00+00:00,87.84,36.269767441860466
2025-04-21 19:00:00+00:00,85.38,36.269767441860466
2025-04-21 20:00:00+00:00,84.99,36.269767441860466
2025-04-21 21:00:00+00:00,98.55,36.269767441860466
2025-04-21 22:00:00+00:00,122.23,37.6
2025-04-21 23:00:00+00:00,151.8,37.6
2025-04-22 00:00:00+00:00,143.14,37.6
2025-04-22 01:00:00+00:00,107.49,37.6
2025-04-22 02:00:00+00:00,92.08,37.6
2025-04-22 03:00:00+00:00,82.39,37.6
2025-04-22 04:00:00+00:00,76.96,37.6
2025-04-22 05:00:00+00:00,67.04,37.6
2025-04-22 06:00:00+00:00,71.74,37.6
2025-04-22 07:00:00+00:00,78.7,37.6
2025-04-22 08:00:00+00:00,84.2,37.6
2025-04-22 09:00:00+00:00,101.82,37.6
2025-04-22 10:00:00+00:00,146.48,37.6
2025-04-22 11:00:00+00:00,224.12,37.6
2025-04-22 12:00:00+00:00,275.17,37.6
2025-04-22 13:00:00+00:00,157.28,37.6
2025-04-22 14:00:00+00:00,123.41,37.6
2025-04-22 15:00:00+00:00,112.16,37.6
2025-04-22 16:00:00+00:00,108.74,37.6
2025-04-22 17:00:00+00:00,100.81,37.6
2025-04-22 18:00:00+00:00,98.97,37.6
2025-04-22 19:00:00+00:00,98.86,37.6
2025-04-22 20:00:00+00:00,103.12,37.6
2025-04-22 21:00:00+00:00,111.72,37.6
2025-04-22 22:00:00+00:00,137.58,37.30232558139535
2025-04-22 23:00:00+00:00,152.14,37.30232558139535
2025-04-23 00:00:00+00:00,122.5,37.30232558139535
2025-04-23 01:00:00+00:00,99.98,37.30232558139535
2025-04-23 02:00:00+00:00,86.71,37.30232558139535
2025-04-23 03:00:00+00:00,80.15,37.30232558139535
2025-04-23 04:00:00+00:00,77,37.30232558139535
2025-04-23 05:00:00+00:00,78.37,37.30232558139535
2025-04-23 06:00:00+00:00,86.66,37.30232558139535
2025-04-23 07:00:00+00:00,94.36,37.30232558139535
2025-04-23 08:00:00+00:00,100.79,37.30232558139535
2025-04-23 09:00:00+00:00,110,37.30232558139535
2025-04-23 10:00:00+00:00,134.44,37.30232558139535
2025-04-23 11:00:00+00:00,171.19,37.30232558139535
2025-04-23 12:00:00+00:00,215.03,37.30232558139535
2025-04-23 13:00:00+00:00,126.89,37.30232558139535
2025-04-23 14:00:00+00:00,108.41,37.30232558139535
2025-04-23 15:00:00+00:00,98.69,37.30232558139535
2025-04-23 16:00:00+00:00,95.61,37.30232558139535
2025-04-23 17:00:00+00:00,90.81,37.30232558139535
2025-04-23 18:00:00+00:00,87.17,37.30232558139535
2025-04-23 19:00:00+00:00,86.02,37.30232558139535
2025-04-23 20:00:00+00:00,84.88,37.30232558139535
2025-04-23 21:00:00+00:00,91.32,37.30232558139535
2025-04-23 22:00:00+00:00,110.78,37.52325581395349
2025-04-23 23:00:00+00:00,119.19,37.52325581395349
2025-04-24 00:00:00+00:00,117.71,37.52325581395349
2025-04-24 01:00:00+00:00,101.88,37.52325581395349
2025-04-24 02:00:00+00:00,94.46,37.52325581395349
2025-04-24 03:00:00+00:00,87.98,37.52325581395349
2025-04-24 04:00:00+00:00,80.58,37.52325581395349
2025-04-24 05:00:00+00:00,77.17,37.52325581395349
2025-04-24 06:00:00+00:00,77.9,37.52325581395349
2025-04-24 07:00:00+00:00,79.78,37.52325581395349
2025-04-24 08:00:00+00:00,91.04,37.52325581395349
2025-04-24 09:00:00+00:00,97.25,37.52325581395349
2025-04-24 10:00:00+00:00,109.21,37.52325581395349
2025-04-24 11:00:00+00:00,116.94,37.52325581395349
2025-04-24 12:00:00+00:00,130.96,37.52325581395349
2025-04-24 13:00:00+00:00,114.48,37.52325581395349
2025-04-24 14:00:00+00:00,106.53,37.52325581395349
2025-04-24 15:00:00+00:00,93.1,37.52325581395349
2025-04-24 16:00:00+00:00,92.86,37.52325581395349
2025-04-24 17:00:00+00:00,83.48,37.52325581395349
2025-04-24 18:00:00+00:00,82.56,37.52325581395349
2025-04-24 19:00:00+00:00,84,37.52325581395349
2025-04-24 20:00:00+00:00,87.8,37.52325581395349
2025-04-24 21:00:00+00:00,95.88,37.52325581395349
2025-04-24 22:00:00+00:00,104.91,36.38604651162791
2025-04-24 23:00:00+00:00,113.39,36.38604651162791
2025-04-25 00:00:00+00:00,108.87,36.38604651162791
2025-04-25 01:00:00+00:00,95.72,36.38604651162791
2025-04-25 02:00:00+00:00,95.66,36.38604651162791
2025-04-25 03:00:00+00:00,92.84,36.38604651162791
2025-04-25 04:00:00+00:00,86.1,36.38604651162791
2025-04-25 05:00:00+00:00,78.72,36.38604651162791
2025-04-25 06:00:00+00:00,80.49,36.38604651162791
2025-04-25 07:00:00+00:00,86.16,36.38604651162791
2025-04-25 08:00:00+00:00,92.84,36.38604651162791
2025-04-25 09:00:00+00:00,93.89,36.38604651162791
2025-04-25 10:00:00+00:00,99.89,36.38604651162791
2025-04-25 11:00:00+00:00,116.23,36.38604651162791
2025-04-25 12:00:00+00:00,123.5,36.38604651162791
2025-04-25 13:00:00+00:00,109.63,36.38604651162791
2025-04-25 14:00:00+00:00,100.37,36.38604651162791
2025-04-25 15:00:00+00:00,92.09,36.38604651162791
2025-04-25 16:00:00+00:00,110.03,36.38604651162791
2025-04-25 17:00:00+00:00,104.09,36.38604651162791
2025-04-25 18:00:00+00:00,102.03,36.38604651162791
2025-04-25 19:00:00+00:00,97.35,36.38604651162791
2025-04-25 20:00:00+00:00,102.93,36.38604651162791
2025-04-25 21:00:00+00:00,102.03,36.38604651162791
2025-04-25 22:00:00+00:00,95.27,35.962790697674414
2025-04-25 23:00:00+00:00,86.44,35.962790697674414
2025-04-26 00:00:00+00:00,71.58,35.962790697674414
2025-04-26 01:00:00+00:00,34.45,35.962790697674414
2025-04-26 02:00:00+00:00,2.55,35.962790697674414
2025-04-26 03:00:00+00:00,-0.01,35.962790697674414
2025-04-26 04:00:00+00:00,-15.79,35.962790697674414
2025-04-26 05:00:00+00:00,-23.45,35.962790697674414
2025-04-26 06:00:00+00:00,-13.04,35.962790697674414
2025-04-26 07:00:00+00:00,-3.3,35.962790697674414
2025-04-26 08:00:00+00:00,-0.06,35.962790697674414
2025-04-26 09:00:00+00:00,65,35.962790697674414
2025-04-26 10:00:00+00:00,110.03,35.962790697674414
2025-04-26 11:00:00+00:00,100.22,35.962790697674414
2025-04-26 12:00:00+00:00,110.93,35.962790697674414
2025-04-26 13:00:00+00:00,96.59,35.962790697674414
2025-04-26 14:00:00+00:00,104.45,35.962790697674414
2025-04-26 15:00:00+00:00,105.58,35.962790697674414
2025-04-26 16:00:00+00:00,95.03,35.962790697674414
2025-04-26 17:00:00+00:00,99.59,35.962790697674414
2025-04-26 18:00:00+00:00,99.45,35.962790697674414
2025-04-26 19:00:00+00:00,101.24,35.962790697674414
2025-04-26 20:00:00+00:00,103.1,35.962790697674414
2025-04-26 21:00:00+00:00,101.24,35.962790697674414
2025-04-26 22:00:00+00:00,95.05,35.104651162790695
2025-04-26 23:00:00+00:00,63.28,35.104651162790695
2025-04-27 00:00:00+00:00,34.93,35.104651162790695
2025-04-27 01:00:00+00:00,0.04,35.104651162790695
2025-04-27 02:00:00+00:00,-3,35.104651162790695
2025-04-27 03:00:00+00:00,-32.71,35.104651162790695
2025-04-27 04:00:00+00:00,-96.3,35.104651162790695
2025-04-27 05:00:00+00:00,-124.58,35.104651162790695
2025-04-27 06:00:00+00:00,-113.93,35.104651162790695
2025-04-27 07:00:00+00:00,-50.17,35.104651162790695
2025-04-27 08:00:00+00:00,-5.17,35.104651162790695
2025-04-27 09:00:00+00:00,65,35.104651162790695
2025-04-27 10:00:00+00:00,115.79,35.104651162790695
2025-04-27 11:00:00+00:00,110.81,35.104651162790695
2025-04-27 12:00:00+00:00,126.8,35.104651162790695
2025-04-27 13:00:00+00:00,109.13,35.104651162790695
2025-04-27 14:00:00+00:00,99,35.104651162790695
2025-04-27 15:00:00+00:00,93.82,35.104651162790695
2025-04-27 16:00:00+00:00,92.7,35.104651162790695
2025-04-27 17:00:00+00:00,87.03,35.104651162790695
2025-04-27 18:00:00+00:00,83.26,35.104651162790695
2025-04-27 19:00:00+00:00,85.86,35.104651162790695
2025-04-27 20:00:00+00:00,91.52,35.104651162790695
2025-04-27 21:00:00+00:00,99.77,35.104651162790695
2025-04-27 22:00:00+00:00,140.03,34.89302325581395
2025-04-27 23:00:00+00:00,131.09,34.89302325581395
2025-04-28 00:00:00+00:00,94.68,34.89302325581395
2025-04-28 01:00:00+00:00,67.37,34.89302325581395
2025-04-28 02:00:00+00:00,9.74,34.89302325581395
2025-04-28 03:00:00+00:00,-0.01,34.89302325581395
2025-04-28 04:00:00+00:00,-3.74,34.89302325581395
2025-04-28 05:00:00+00:00,-5.9,34.89302325581395
2025-04-28 06:00:00+00:00,-6.18,34.89302325581395
2025-04-28 07:00:00+00:00,-1.54,34.89302325581395
2025-04-28 08:00:00+00:00,42.18,34.89302325581395
2025-04-28 09:00:00+00:00,72.22,34.89302325581395
2025-04-28 10:00:00+00:00,104.94,34.89302325581395
2025-04-28 11:00:00+00:00,159.3,34.89302325581395
2025-04-28 12:00:00+00:00,215.63,34.89302325581395
2025-04-28 13:00:00+00:00,130.32,34.89302325581395
2025-04-28 14:00:00+00:00,106.28,34.89302325581395
2025-04-28 15:00:00+00:00,96.82,34.89302325581395
2025-04-28 16:00:00+00:00,91.09,34.89302325581395
2025-04-28 17:00:00+00:00,87.9,34.89302325581395
2025-04-28 18:00:00+00:00,82.24,34.89302325581395
2025-04-28 19:00:00+00:00,79.73,34.89302325581395
2025-04-28 20:00:00+00:00,80.6,34.89302325581395
2025-04-28 21:00:00+00:00,90.74,34.89302325581395
2025-04-28 22:00:00+00:00,106.6,35.51162790697674
2025-04-28 23:00:00+00:00,112.87,35.51162790697674
2025-04-29 00:00:00+00:00,91.64,35.51162790697674
2025-04-29 01:00:00+00:00,66.11,35.51162790697674
2025-04-29 02:00:00+00:00,4.87,35.51162790697674
2025-04-29 03:00:00+00:00,-0.76,35.51162790697674
2025-04-29 04:00:00+00:00,-1.9,35.51162790697674
2025-04-29 05:00:00+00:00,-1.68,35.51162790697674
2025-04-29 06:00:00+00:00,-0.01,35.51162790697674
2025-04-29 07:00:00+00:00,30.59,35.51162790697674
2025-04-29 08:00:00+00:00,84.6,35.51162790697674
2025-04-29 09:00:00+00:00,101.58,35.51162790697674
2025-04-29 10:00:00+00:00,143.98,35.51162790697674
2025-04-29 11:00:00+00:00,186.42,35.51162790697674
2025-04-29 12:00:00+00:00,133.27,35.51162790697674
2025-04-29 13:00:00+00:00,109.22,35.51162790697674
2025-04-29 14:00:00+00:00,98.1,35.51162790697674
2025-04-29 15:00:00+00:00,95,35.51162790697674
2025-04-29 16:00:00+00:00,90.02,35.51162790697674
2025-04-29 17:00:00+00:00,88.05,35.51162790697674
2025-04-29 18:00:00+00:00,88.65,35.51162790697674
2025-04-29 19:00:00+00:00,91.97,35.51162790697674
2025-04-29 20:00:00+00:00,96.24,35.51162790697674
2025-04-29 21:00:00+00:00,115.24,35.51162790697674
2025-04-29 22:00:00+00:00,120.28,35.4046511627907
2025-04-29 23:00:00+00:00,94.81,35.4046511627907
2025-04-30 00:00:00+00:00,70.38,35.4046511627907
2025-04-30 01:00:00+00:00,7.08,35.4046511627907
2025-04-30 02:00:00+00:00,-1,35.4046511627907
2025-04-30 03:00:00+00:00,-6.21,35.4046511627907
2025-04-30 04:00:00+00:00,-3,35.4046511627907
2025-04-30 05:00:00+00:00,-0.02,35.4046511627907
2025-04-30 06:00:00+00:00,19.82,35.4046511627907
2025-04-30 07:00:00+00:00,87.67,35.4046511627907
2025-04-30 08:00:00+00:00,102.96,35.4046511627907
2025-04-30 09:00:00+00:00,132.95,35.4046511627907
2025-04-30 10:00:00+00:00,178.08,35.4046511627907
2025-04-30 11:00:00+00:00,128.02,35.4046511627907
2025-04-30 12:00:00+00:00,108.42,35.4046511627907
2025-04-30 13:00:00+00:00,98.95,35.4046511627907
2025-04-30 14:00:00+00:00,109.49,35.4046511627907
2025-04-30 15:00:00+00:00,105.28,35.4046511627907
2025-04-30 16:00:00+00:00,98.46,35.4046511627907
2025-04-30 17:00:00+00:00,93.91,35.4046511627907
2025-04-30 18:00:00+00:00,102.77,35.4046511627907
2025-04-30 19:00:00+00:00,104.3,35.4046511627907
2025-04-30 20:00:00+00:00,87.64,35.4046511627907
2025-04-30 21:00:00+00:00,76.67,35.4046511627907
2025-04-30 22:00:00+00:00,59.57,34.47674418604651
2025-04-30 23:00:00+00:00,-3,34.47674418604651
2025-05-01 00:00:00+00:00,-40.1,34.47674418604651
2025-05-01 01:00:00+00:00,-82.38,34.47674418604651
2025-05-01 02:00:00+00:00,-128.74,34.47674418604651
2025-05-01 03:00:00+00:00,-118.22,34.47674418604651
2025-05-01 04:00:00+00:00,-49.99,34.47674418604651
2025-05-01 05:00:00+00:00,-5.17,34.47674418604651
2025-05-01 06:00:00+00:00,86.82,34.47674418604651
2025-05-01 07:00:00+00:00,134.98,34.47674418604651
2025-05-01 08:00:00+00:00,130.07,34.47674418604651
2025-05-01 09:00:00+00:00,164.6,34.47674418604651
2025-05-01 10:00:00+00:00,123.43,34.47674418604651
2025-05-01 11:00:00+00:00,112.93,34.47674418604651
2025-05-01 12:00:00+00:00,92.9,34.47674418604651
2025-05-01 13:00:00+00:00,90,34.47674418604651
2025-05-01 14:00:00+00:00,75.34,34.47674418604651
2025-05-01 15:00:00+00:00,68.73,34.47674418604651
2025-05-01 16:00:00+00:00,67.16,34.47674418604651
2025-05-01 17:00:00+00:00,66.57,34.47674418604651
2025-05-01 18:00:00+00:00,74.76,34.47674418604651
2025-05-01 19:00:00+00:00,86.91,34.47674418604651
2025-05-01 20:00:00+00:00,87.28,34.47674418604651
2025-05-01 21:00:00+00:00,77.64,34.47674418604651
2025-05-01 22:00:00+00:00,11.46,34.49767441860465
2025-05-01 23:00:00+00:00,0.85,34.49767441860465
2025-05-02 00:00:00+00:00,-0.01,34.49767441860465
2025-05-02 01:00:00+00:00,-0.8,34.49767441860465
2025-05-02 02:00:00+00:00,-3,34.49767441860465
2025-05-02 03:00:00+00:00,-4,34.49767441860465
2025-05-02 04:00:00+00:00,6.22,34.49767441860465
2025-05-02 05:00:00+00:00,98.59,34.49767441860465
2025-05-02 06:00:00+00:00,154.79,34.49767441860465
2025-05-02 07:00:00+00:00,120.4,34.49767441860465
2025-05-02 08:00:00+00:00,151.82,34.49767441860465
2025-05-02 09:00:00+00:00,121.72,34.49767441860465
2025-05-02 10:00:00+00:00,107.26,34.49767441860465
2025-05-02 11:00:00+00:00,96.99,34.49767441860465
2025-05-02 12:00:00+00:00,98.05,34.49767441860465
2025-05-02 13:00:00+00:00,93.56,34.49767441860465
2025-05-02 14:00:00+00:00,92.47,34.49767441860465
2025-05-02 15:00:00+00:00,92.29,34.49767441860465
2025-05-02 16:00:00+00:00,91.56,34.49767441860465
2025-05-02 17:00:00+00:00,92.18,34.49767441860465
2025-05-02 18:00:00+00:00,102.3,34.49767441860465
2025-05-02 19:00:00+00:00,90.78,34.49767441860465
2025-05-02 20:00:00+00:00,71.46,34.49767441860465
2025-05-02 21:00:00+00:00,13.53,34.49767441860465
2025-05-02 22:00:00+00:00,0.01,35.26279069767442
2025-05-02 23:00:00+00:00,-0.01,35.26279069767442
2025-05-03 00:00:00+00:00,-1.16,35.26279069767442
2025-05-03 01:00:00+00:00,-3.04,35.26279069767442
2025-05-03 02:00:00+00:00,-2.69,35.26279069767442
2025-05-03 03:00:00+00:00,-0.03,35.26279069767442
2025-05-03 04:00:00+00:00,77.75,35.26279069767442
2025-05-03 05:00:00+00:00,144.37,35.26279069767442
2025-05-03 06:00:00+00:00,131.01,35.26279069767442
2025-05-03 07:00:00+00:00,100.87,35.26279069767442
2025-05-03 08:00:00+00:00,116.99,35.26279069767442
2025-05-03 09:00:00+00:00,121.69,35.26279069767442
2025-05-03 10:00:00+00:00,117.6,35.26279069767442
2025-05-03 11:00:00+00:00,88.57,35.26279069767442
2025-05-03 12:00:00+00:00,113.43,35.26279069767442
2025-05-03 13:00:00+00:00,108.33,35.26279069767442
2025-05-03 14:00:00+00:00,95.84,35.26279069767442
2025-05-03 15:00:00+00:00,88.14,35.26279069767442
2025-05-03 16:00:00+00:00,78.68,35.26279069767442
2025-05-03 17:00:00+00:00,64.94,35.26279069767442
2025-05-03 18:00:00+00:00,53.35,35.26279069767442
2025-05-03 19:00:00+00:00,2.93,35.26279069767442
2025-05-03 20:00:00+00:00,-0.01,35.26279069767442
2025-05-03 21:00:00+00:00,-0.01,35.26279069767442
2025-05-03 22:00:00+00:00,-0.02,34.77906976744187
2025-05-03 23:00:00+00:00,-2,34.77906976744187
2025-05-04 00:00:00+00:00,-5.01,34.77906976744187
2025-05-04 01:00:00+00:00,-1.59,34.77906976744187
2025-05-04 02:00:00+00:00,-0.01,34.77906976744187
2025-05-04 03:00:00+00:00,10.22,34.77906976744187
2025-05-04 04:00:00+00:00,81.17,34.77906976744187
2025-05-04 05:00:00+00:00,96.91,34.77906976744187
2025-05-04 06:00:00+00:00,109.6,34.77906976744187
2025-05-04 07:00:00+00:00,111.17,34.77906976744187
2025-05-04 08:00:00+00:00,101.58,34.77906976744187
2025-05-04 09:00:00+00:00,92.32,34.77906976744187
2025-05-04 10:00:00+00:00,73.63,34.77906976744187
2025-05-04 11:00:00+00:00,70.85,34.77906976744187
2025-05-04 12:00:00+00:00,70.3,34.77906976744187
2025-05-04 13:00:00+00:00,72.97,34.77906976744187
2025-05-04 14:00:00+00:00,81.7,34.77906976744187
2025-05-04 15:00:00+00:00,92.56,34.77906976744187
2025-05-04 16:00:00+00:00,109.84,34.77906976744187
2025-05-04 17:00:00+00:00,124.57,34.77906976744187
2025-05-04 18:00:00+00:00,108.88,34.77906976744187
2025-05-04 19:00:00+00:00,93.61,34.77906976744187
2025-05-04 20:00:00+00:00,53.27,34.77906976744187
2025-05-04 21:00:00+00:00,29.69,34.77906976744187
2025-05-04 22:00:00+00:00,28.43,35.42558139534884
2025-05-04 23:00:00+00:00,23.38,35.42558139534884
2025-05-05 00:00:00+00:00,59.11,35.42558139534884
2025-05-05 01:00:00+00:00,70.13,35.42558139534884
2025-05-05 02:00:00+00:00,93.5,35.42558139534884
2025-05-05 03:00:00+00:00,105.04,35.42558139534884
2025-05-05 04:00:00+00:00,104.13,35.42558139534884
2025-05-05 05:00:00+00:00,135.85,35.42558139534884
2025-05-05 06:00:00+00:00,288.63,35.42558139534884
2025-05-05 07:00:00+00:00,159,35.42558139534884
2025-05-05 08:00:00+00:00,120.97,35.42558139534884
2025-05-05 09:00:00+00:00,95.89,35.42558139534884
2025-05-05 10:00:00+00:00,87.86,35.42558139534884
2025-05-05 11:00:00+00:00,81.67,35.42558139534884
2025-05-05 12:00:00+00:00,80.42,35.42558139534884
2025-05-05 13:00:00+00:00,80.51,35.42558139534884
2025-05-05 14:00:00+00:00,83.22,35.42558139534884
2025-05-05 15:00:00+00:00,97.8,35.42558139534884
2025-05-05 16:00:00+00:00,115.33,35.42558139534884
2025-05-05 17:00:00+00:00,121.5,35.42558139534884
2025-05-05 18:00:00+00:00,109.91,35.42558139534884
2025-05-05 19:00:00+00:00,86.38,35.42558139534884
2025-05-05 20:00:00+00:00,58.19,35.42558139534884
2025-05-05 21:00:00+00:00,37.93,35.42558139534884
2025-05-05 22:00:00+00:00,38.24,35.64883720930233
2025-05-05 23:00:00+00:00,31.65,35.64883720930233
2025-05-06 00:00:00+00:00,44.08,35.64883720930233
2025-05-06 01:00:00+00:00,70.46,35.64883720930233
2025-05-06 02:00:00+00:00,81.83,35.64883720930233
2025-05-06 03:00:00+00:00,93.39,35.64883720930233
2025-05-06 04:00:00+00:00,110.74,35.64883720930233
2025-05-06 05:00:00+00:00,140.72,35.64883720930233
2025-05-06 06:00:00+00:00,170.02,35.64883720930233
2025-05-06 07:00:00+00:00,135.3,35.64883720930233
2025-05-06 08:00:00+00:00,116.51,35.64883720930233
2025-05-06 09:00:00+00:00,101.17,35.64883720930233
2025-05-06 10:00:00+00:00,96.49,35.64883720930233
2025-05-06 11:00:00+00:00,98.15,35.64883720930233
2025-05-06 12:00:00+00:00,93.59,35.64883720930233
2025-05-06 13:00:00+00:00,93.79,35.64883720930233
2025-05-06 14:00:00+00:00,98.09,35.64883720930233
2025-05-06 15:00:00+00:00,107.21,35.64883720930233
2025-05-06 16:00:00+00:00,130.44,35.64883720930233
2025-05-06 17:00:00+00:00,143.05,35.64883720930233
2025-05-06 18:00:00+00:00,123.36,35.64883720930233
2025-05-06 19:00:00+00:00,96.4,35.64883720930233
2025-05-06 20:00:00+00:00,73.71,35.64883720930233
2025-05-06 21:00:00+00:00,70.24,35.64883720930233
2025-05-06 22:00:00+00:00,61.95,37.13720930232558
2025-05-06 23:00:00+00:00,61.44,37.13720930232558
2025-05-07 00:00:00+00:00,69.7,37.13720930232558
2025-05-07 01:00:00+00:00,79.79,37.13720930232558
2025-05-07 02:00:00+00:00,85.05,37.13720930232558
2025-05-07 03:00:00+00:00,98.53,37.13720930232558
2025-05-07 04:00:00+00:00,110.57,37.13720930232558
2025-05-07 05:00:00+00:00,131.34,37.13720930232558
2025-05-07 06:00:00+00:00,158.78,37.13720930232558
2025-05-07 07:00:00+00:00,124.94,37.13720930232558
2025-05-07 08:00:00+00:00,109.42,37.13720930232558
2025-05-07 09:00:00+00:00,97.67,37.13720930232558
2025-05-07 10:00:00+00:00,97.15,37.13720930232558
2025-05-07 11:00:00+00:00,95.12,37.13720930232558
2025-05-07 12:00:00+00:00,95.06,37.13720930232558
2025-05-07 13:00:00+00:00,94.86,37.13720930232558
2025-05-07 14:00:00+00:00,96.21,37.13720930232558
2025-05-07 15:00:00+00:00,110.47,37.13720930232558
2025-05-07 16:00:00+00:00,125.25,37.13720930232558
2025-05-07 17:00:00+00:00,137.85,37.13720930232558
2025-05-07 18:00:00+00:00,122.65,37.13720930232558
2025-05-07 19:00:00+00:00,103.32,37.13720930232558
2025-05-07 20:00:00+00:00,90.21,37.13720930232558
2025-05-07 21:00:00+00:00,77.93,37.13720930232558
2025-05-07 22:00:00+00:00,66.15,38.03488372093024
2025-05-07 23:00:00+00:00,65.56,38.03488372093024
2025-05-08 00:00:00+00:00,72.14,38.03488372093024
2025-05-08 01:00:00+00:00,81.47,38.03488372093024
2025-05-08 02:00:00+00:00,102.62,38.03488372093024
2025-05-08 03:00:00+00:00,123.13,38.03488372093024
2025-05-08 04:00:00+00:00,118.67,38.03488372093024
2025-05-08 05:00:00+00:00,145.87,38.03488372093024
2025-05-08 06:00:00+00:00,194.83,38.03488372093024
2025-05-08 07:00:00+00:00,147.57,38.03488372093024
2025-05-08 08:00:00+00:00,122.53,38.03488372093024
2025-05-08 09:00:00+00:00,111.58,38.03488372093024
2025-05-08 10:00:00+00:00,102.23,38.03488372093024
2025-05-08 11:00:00+00:00,97.48,38.03488372093024
2025-05-08 12:00:00+00:00,94.64,38.03488372093024
2025-05-08 13:00:00+00:00,95.98,38.03488372093024
2025-05-08 14:00:00+00:00,100.5,38.03488372093024
2025-05-08 15:00:00+00:00,112.43,38.03488372093024
2025-05-08 16:00:00+00:00,140.42,38.03488372093024
2025-05-08 17:00:00+00:00,133.99,38.03488372093024
2025-05-08 18:00:00+00:00,97.96,38.03488372093024
2025-05-08 19:00:00+00:00,83.38,38.03488372093024
2025-05-08 20:00:00+00:00,71.27,38.03488372093024
2025-05-08 21:00:00+00:00,73.52,38.03488372093024
2025-05-08 22:00:00+00:00,78.23,37.86279069767442
2025-05-08 23:00:00+00:00,86.55,37.86279069767442
2025-05-09 00:00:00+00:00,102.23,37.86279069767442
2025-05-09 01:00:00+00:00,91.88,37.86279069767442
2025-05-09 02:00:00+00:00,102.18,37.86279069767442
2025-05-09 03:00:00+00:00,102.24,37.86279069767442
2025-05-09 04:00:00+00:00,107.65,37.86279069767442
2025-05-09 05:00:00+00:00,150.59,37.86279069767442
2025-05-09 06:00:00+00:00,196.34,37.86279069767442
2025-05-09 07:00:00+00:00,140.6,37.86279069767442
2025-05-09 08:00:00+00:00,119.12,37.86279069767442
2025-05-09 09:00:00+00:00,100.84,37.86279069767442
2025-05-09 10:00:00+00:00,109.75,37.86279069767442
2025-05-09 11:00:00+00:00,103.19,37.86279069767442
2025-05-09 12:00:00+00:00,99.07,37.86279069767442
2025-05-09 13:00:00+00:00,96.59,37.86279069767442
2025-05-09 14:00:00+00:00,101.26,37.86279069767442
2025-05-09 15:00:00+00:00,100.8,37.86279069767442
2025-05-09 16:00:00+00:00,100.83,37.86279069767442
2025-05-09 17:00:00+00:00,115.28,37.86279069767442
2025-05-09 18:00:00+00:00,118.26,37.86279069767442
2025-05-09 19:00:00+00:00,111.21,37.86279069767442
2025-05-09 20:00:00+00:00,117.93,37.86279069767442
2025-05-09 21:00:00+00:00,89.23,37.86279069767442
2025-05-09 22:00:00+00:00,89.01,37.54186046511628
2025-05-09 23:00:00+00:00,98.95,37.54186046511628
2025-05-10 00:00:00+00:00,89.1,37.54186046511628
2025-05-10 01:00:00+00:00,91.65,37.54186046511628
2025-05-10 02:00:00+00:00,93.27,37.54186046511628
2025-05-10 03:00:00+00:00,105.53,37.54186046511628
2025-05-10 04:00:00+00:00,141.54,37.54186046511628
2025-05-10 05:00:00+00:00,125.05,37.54186046511628
2025-05-10 06:00:00+00:00,176.38,37.54186046511628
2025-05-10 07:00:00+00:00,131.55,37.54186046511628
2025-05-10 08:00:00+00:00,118.26,37.54186046511628
2025-05-10 09:00:00+00:00,117.96,37.54186046511628
2025-05-10 10:00:00+00:00,98.14,37.54186046511628
2025-05-10 11:00:00+00:00,95.98,37.54186046511628
2025-05-10 12:00:00+00:00,97.65,37.54186046511628
2025-05-10 13:00:00+00:00,97.14,37.54186046511628
2025-05-10 14:00:00+00:00,102.4,37.54186046511628
2025-05-10 15:00:00+00:00,96.42,37.54186046511628
2025-05-10 16:00:00+00:00,90.63,37.54186046511628
2025-05-10 17:00:00+00:00,85.75,37.54186046511628
2025-05-10 18:00:00+00:00,4.96,37.54186046511628
2025-05-10 19:00:00+00:00,-0.09,37.54186046511628
2025-05-10 20:00:00+00:00,-11.36,37.54186046511628
2025-05-10 21:00:00+00:00,-46.45,37.54186046511628
2025-05-10 22:00:00+00:00,-35.36,37.1953488372093
2025-05-10 23:00:00+00:00,-22.46,37.1953488372093
2025-05-11 00:00:00+00:00,-20.01,37.1953488372093
2025-05-11 01:00:00+00:00,-15.93,37.1953488372093
2025-05-11 02:00:00+00:00,27.63,37.1953488372093
2025-05-11 03:00:00+00:00,101.38,37.1953488372093
2025-05-11 04:00:00+00:00,109.13,37.1953488372093
2025-05-11 05:00:00+00:00,131.22,37.1953488372093
2025-05-11 06:00:00+00:00,167.32,37.1953488372093
2025-05-11 07:00:00+00:00,138.1,37.1953488372093
2025-05-11 08:00:00+00:00,111.1,37.1953488372093
2025-05-11 09:00:00+00:00,99.04,37.1953488372093
2025-05-11 10:00:00+00:00,87.17,37.1953488372093
2025-05-11 11:00:00+00:00,82.39,37.1953488372093
2025-05-11 12:00:00+00:00,82.02,37.1953488372093
2025-05-11 13:00:00+00:00,82.57,37.1953488372093
2025-05-11 14:00:00+00:00,85.82,37.1953488372093
2025-05-11 15:00:00+00:00,100,37.1953488372093
2025-05-11 16:00:00+00:00,143.01,37.1953488372093
2025-05-11 17:00:00+00:00,146.99,37.1953488372093
2025-05-11 18:00:00+00:00,111.55,37.1953488372093
2025-05-11 19:00:00+00:00,74.81,37.1953488372093
2025-05-11 20:00:00+00:00,17.59,37.1953488372093
2025-05-11 21:00:00+00:00,9.59,37.1953488372093
2025-05-11 22:00:00+00:00,10.37,37.24418604651163
2025-05-11 23:00:00+00:00,51.85,37.24418604651163
2025-05-12 00:00:00+00:00,63.65,37.24418604651163
2025-05-12 01:00:00+00:00,64.99,37.24418604651163
2025-05-12 02:00:00+00:00,77.23,37.24418604651163
2025-05-12 03:00:00+00:00,83.89,37.24418604651163
2025-05-12 04:00:00+00:00,108.95,37.24418604651163
2025-05-12 05:00:00+00:00,164.41,37.24418604651163
2025-05-12 06:00:00+00:00,282.92,37.24418604651163
2025-05-12 07:00:00+00:00,179.14,37.24418604651163
2025-05-12 08:00:00+00:00,107.96,37.24418604651163
2025-05-12 09:00:00+00:00,96.06,37.24418604651163
2025-05-12 10:00:00+00:00,104.74,37.24418604651163
2025-05-12 11:00:00+00:00,90.97,37.24418604651163
2025-05-12 12:00:00+00:00,90.67,37.24418604651163
2025-05-12 13:00:00+00:00,94.84,37.24418604651163
2025-05-12 14:00:00+00:00,97.68,37.24418604651163
2025-05-12 15:00:00+00:00,112.52,37.24418604651163
2025-05-12 16:00:00+00:00,137.61,37.24418604651163
2025-05-12 17:00:00+00:00,128.58,37.24418604651163
2025-05-12 18:00:00+00:00,100.33,37.24418604651163
2025-05-12 19:00:00+00:00,80.56,37.24418604651163
2025-05-12 20:00:00+00:00,20.72,37.24418604651163
2025-05-12 21:00:00+00:00,2.52,37.24418604651163
2025-05-12 22:00:00+00:00,5.82,37.83953488372094
2025-05-12 23:00:00+00:00,3.31,37.83953488372094
2025-05-13 00:00:00+00:00,8.3,37.83953488372094
2025-05-13 01:00:00+00:00,51.69,37.83953488372094
2025-05-13 02:00:00+00:00,81.84,37.83953488372094
2025-05-13 03:00:00+00:00,107.6,37.83953488372094
2025-05-13 04:00:00+00:00,112.08,37.83953488372094
2025-05-13 05:00:00+00:00,165.3,37.83953488372094
2025-05-13 06:00:00+00:00,354.28,37.83953488372094
2025-05-13 07:00:00+00:00,163.33,37.83953488372094
2025-05-13 08:00:00+00:00,118.87,37.83953488372094
2025-05-13 09:00:00+00:00,103.96,37.83953488372094
2025-05-13 10:00:00+00:00,103.23,37.83953488372094
2025-05-13 11:00:00+00:00,98.02,37.83953488372094
2025-05-13 12:00:00+00:00,96.2,37.83953488372094
2025-05-13 13:00:00+00:00,98.53,37.83953488372094
2025-05-13 14:00:00+00:00,99.24,37.83953488372094
2025-05-13 15:00:00+00:00,103.87,37.83953488372094
2025-05-13 16:00:00+00:00,125.06,37.83953488372094
2025-05-13 17:00:00+00:00,122.39,37.83953488372094
2025-05-13 18:00:00+00:00,102.49,37.83953488372094
2025-05-13 19:00:00+00:00,73.33,37.83953488372094
2025-05-13 20:00:00+00:00,3.87,37.83953488372094
2025-05-13 21:00:00+00:00,3.56,37.83953488372094
2025-05-13 22:00:00+00:00,-5.87,37.78372093023256
2025-05-13 23:00:00+00:00,-8.73,37.78372093023256
2025-05-14 00:00:00+00:00,10.8,37.78372093023256
2025-05-14 01:00:00+00:00,64.99,37.78372093023256
2025-05-14 02:00:00+00:00,94.05,37.78372093023256
2025-05-14 03:00:00+00:00,117.75,37.78372093023256
2025-05-14 04:00:00+00:00,155.31,37.78372093023256
2025-05-14 05:00:00+00:00,101.99,37.78372093023256
2025-05-14 06:00:00+00:00,178.71,37.78372093023256
2025-05-14 07:00:00+00:00,135.21,37.78372093023256
2025-05-14 08:00:00+00:00,115.19,37.78372093023256
2025-05-14 09:00:00+00:00,103.51,37.78372093023256
2025-05-14 10:00:00+00:00,100.11,37.78372093023256
2025-05-14 11:00:00+00:00,98.43,37.78372093023256
2025-05-14 12:00:00+00:00,97.6,37.78372093023256
2025-05-14 13:00:00+00:00,97.6,37.78372093023256
2025-05-14 14:00:00+00:00,95.6,37.78372093023256
2025-05-14 15:00:00+00:00,100.43,37.78372093023256
2025-05-14 16:00:00+00:00,129.45,37.78372093023256
2025-05-14 17:00:00+00:00,139.27,37.78372093023256
2025-05-14 18:00:00+00:00,121.15,37.78372093023256
2025-05-14 19:00:00+00:00,106.12,37.78372093023256
2025-05-14 20:00:00+00:00,72.86,37.78372093023256
2025-05-14 21:00:00+00:00,52.37,37.78372093023256
2025-05-14 22:00:00+00:00,49.7,37.583720930232566
2025-05-14 23:00:00+00:00,35.8,37.583720930232566
2025-05-15 00:00:00+00:00,20.87,37.583720930232566
2025-05-15 01:00:00+00:00,54.05,37.583720930232566
2025-05-15 02:00:00+00:00,68.65,37.583720930232566
2025-05-15 03:00:00+00:00,81.85,37.583720930232566
2025-05-15 04:00:00+00:00,131.49,37.583720930232566
2025-05-15 05:00:00+00:00,132.26,37.583720930232566
2025-05-15 06:00:00+00:00,184.84,37.583720930232566
2025-05-15 07:00:00+00:00,126.07,37.583720930232566
2025-05-15 08:00:00+00:00,110.64,37.583720930232566
2025-05-15 09:00:00+00:00,105.96,37.583720930232566
2025-05-15 10:00:00+00:00,95.41,37.583720930232566
2025-05-15 11:00:00+00:00,88.78,37.583720930232566
2025-05-15 12:00:00+00:00,85.6,37.583720930232566
2025-05-15 13:00:00+00:00,85.32,37.583720930232566
2025-05-15 14:00:00+00:00,89.11,37.583720930232566
2025-05-15 15:00:00+00:00,97.44,37.583720930232566
2025-05-15 16:00:00+00:00,112.66,37.583720930232566
2025-05-15 17:00:00+00:00,117.58,37.583720930232566
2025-05-15 18:00:00+00:00,106.57,37.583720930232566
2025-05-15 19:00:00+00:00,84.5,37.583720930232566
2025-05-15 20:00:00+00:00,77.03,37.583720930232566
2025-05-15 21:00:00+00:00,75.51,37.583720930232566
2025-05-15 22:00:00+00:00,76.99,38.47674418604651
2025-05-15 23:00:00+00:00,91.38,38.47674418604651
2025-05-16 00:00:00+00:00,93.45,38.47674418604651
2025-05-16 01:00:00+00:00,93.3,38.47674418604651
2025-05-16 02:00:00+00:00,101.01,38.47674418604651
2025-05-16 03:00:00+00:00,113.3,38.47674418604651
2025-05-16 04:00:00+00:00,112.91,38.47674418604651
2025-05-16 05:00:00+00:00,141.71,38.47674418604651
2025-05-16 06:00:00+00:00,167.6,38.47674418604651
2025-05-16 07:00:00+00:00,146.87,38.47674418604651
2025-05-16 08:00:00+00:00,116.08,38.47674418604651
2025-05-16 09:00:00+00:00,105.88,38.47674418604651
2025-05-16 10:00:00+00:00,93.02,38.47674418604651
2025-05-16 11:00:00+00:00,93.41,38.47674418604651
2025-05-16 12:00:00+00:00,88.8,38.47674418604651
2025-05-16 13:00:00+00:00,88.84,38.47674418604651
2025-05-16 14:00:00+00:00,89.88,38.47674418604651
2025-05-16 15:00:00+00:00,93.7,38.47674418604651
2025-05-16 16:00:00+00:00,94.51,38.47674418604651
2025-05-16 17:00:00+00:00,105.62,38.47674418604651
2025-05-16 18:00:00+00:00,105.62,38.47674418604651
2025-05-16 19:00:00+00:00,114.09,38.47674418604651
2025-05-16 20:00:00+00:00,114.09,38.47674418604651
2025-05-16 21:00:00+00:00,105.61,38.47674418604651
2025-05-16 22:00:00+00:00,98.96,40.776744186046514
2025-05-16 23:00:00+00:00,84.4,40.776744186046514
2025-05-17 00:00:00+00:00,100.35,40.776744186046514
2025-05-17 01:00:00+00:00,86.73,40.776744186046514
2025-05-17 02:00:00+00:00,105.61,40.776744186046514
2025-05-17 03:00:00+00:00,112.18,40.776744186046514
2025-05-17 04:00:00+00:00,135.48,40.776744186046514
2025-05-17 05:00:00+00:00,112.29,40.776744186046514
2025-05-17 06:00:00+00:00,147.56,40.776744186046514
2025-05-17 07:00:00+00:00,138.75,40.776744186046514
2025-05-17 08:00:00+00:00,134.87,40.776744186046514
2025-05-17 09:00:00+00:00,119.21,40.776744186046514
2025-05-17 10:00:00+00:00,119.9,40.776744186046514
2025-05-17 11:00:00+00:00,101.47,40.776744186046514
2025-05-17 12:00:00+00:00,98.56,40.776744186046514
2025-05-17 13:00:00+00:00,97.39,40.776744186046514
2025-05-17 14:00:00+00:00,98.34,40.776744186046514
2025-05-17 15:00:00+00:00,97.98,40.776744186046514
2025-05-17 16:00:00+00:00,91.24,40.776744186046514
2025-05-17 17:00:00+00:00,96.05,40.776744186046514
2025-05-17 18:00:00+00:00,96.06,40.776744186046514
2025-05-17 19:00:00+00:00,85.67,40.776744186046514
2025-05-17 20:00:00+00:00,85.94,40.776744186046514
2025-05-17 21:00:00+00:00,89.16,40.776744186046514
2025-05-17 22:00:00+00:00,89.14,40.52325581395349
2025-05-17 23:00:00+00:00,89,40.52325581395349
2025-05-18 00:00:00+00:00,81.68,40.52325581395349
2025-05-18 01:00:00+00:00,77.64,40.52325581395349
2025-05-18 02:00:00+00:00,91.25,40.52325581395349
2025-05-18 03:00:00+00:00,120.32,40.52325581395349
2025-05-18 04:00:00+00:00,126.79,40.52325581395349
2025-05-18 05:00:00+00:00,113.88,40.52325581395349
2025-05-18 06:00:00+00:00,131.75,40.52325581395349
2025-05-18 07:00:00+00:00,130.76,40.52325581395349
2025-05-18 08:00:00+00:00,118.65,40.52325581395349
2025-05-18 09:00:00+00:00,104.06,40.52325581395349
2025-05-18 10:00:00+00:00,111.1,40.52325581395349
2025-05-18 11:00:00+00:00,103.93,40.52325581395349
2025-05-18 12:00:00+00:00,97.23,40.52325581395349
2025-05-18 13:00:00+00:00,94.08,40.52325581395349
2025-05-18 14:00:00+00:00,100.61,40.52325581395349
2025-05-18 15:00:00+00:00,112.02,40.52325581395349
2025-05-18 16:00:00+00:00,133.31,40.52325581395349
2025-05-18 17:00:00+00:00,136.87,40.52325581395349
2025-05-18 18:00:00+00:00,114.44,40.52325581395349
2025-05-18 19:00:00+00:00,94.66,40.52325581395349
2025-05-18 20:00:00+00:00,77.41,40.52325581395349
2025-05-18 21:00:00+00:00,91.73,40.52325581395349
2025-05-18 22:00:00+00:00,97.27,40.872093023255815
2025-05-18 23:00:00+00:00,96.13,40.872093023255815
2025-05-19 00:00:00+00:00,90.38,40.872093023255815
2025-05-19 01:00:00+00:00,82.02,40.872093023255815
2025-05-19 02:00:00+00:00,87.97,40.872093023255815
2025-05-19 03:00:00+00:00,99.59,40.872093023255815
2025-05-19 04:00:00+00:00,117.21,40.872093023255815
2025-05-19 05:00:00+00:00,149.95,40.872093023255815
2025-05-19 06:00:00+00:00,239.96,40.872093023255815
2025-05-19 07:00:00+00:00,155.36,40.872093023255815
2025-05-19 08:00:00+00:00,129.84,40.872093023255815
2025-05-19 09:00:00+00:00,114.44,40.872093023255815
2025-05-19 10:00:00+00:00,117.05,40.872093023255815
2025-05-19 11:00:00+00:00,108.45,40.872093023255815
2025-05-19 12:00:00+00:00,107.33,40.872093023255815
2025-05-19 13:00:00+00:00,107.26,40.872093023255815
2025-05-19 14:00:00+00:00,113.5,40.872093023255815
2025-05-19 15:00:00+00:00,123.11,40.872093023255815
2025-05-19 16:00:00+00:00,144.23,40.872093023255815
2025-05-19 17:00:00+00:00,132.2,40.872093023255815
2025-05-19 18:00:00+00:00,128.43,40.872093023255815
2025-05-19 19:00:00+00:00,94.86,40.872093023255815
2025-05-19 20:00:00+00:00,62.75,40.872093023255815
2025-05-19 21:00:00+00:00,15.89,40.872093023255815
2025-05-19 22:00:00+00:00,0.22,40.43255813953489
2025-05-19 23:00:00+00:00,0.14,40.43255813953489
2025-05-20 00:00:00+00:00,3.84,40.43255813953489
2025-05-20 01:00:00+00:00,4.32,40.43255813953489
2025-05-20 02:00:00+00:00,75.71,40.43255813953489
2025-05-20 03:00:00+00:00,101.07,40.43255813953489
2025-05-20 04:00:00+00:00,133.09,40.43255813953489
2025-05-20 05:00:00+00:00,161.57,40.43255813953489
2025-05-20 06:00:00+00:00,217.14,40.43255813953489
2025-05-20 07:00:00+00:00,155.09,40.43255813953489
2025-05-20 08:00:00+00:00,123.97,40.43255813953489
2025-05-20 09:00:00+00:00,110.1,40.43255813953489
2025-05-20 10:00:00+00:00,110.77,40.43255813953489
2025-05-20 11:00:00+00:00,106,40.43255813953489
2025-05-20 12:00:00+00:00,104.19,40.43255813953489
2025-05-20 13:00:00+00:00,105.92,40.43255813953489
2025-05-20 14:00:00+00:00,107.14,40.43255813953489
2025-05-20 15:00:00+00:00,96.88,40.43255813953489
2025-05-20 16:00:00+00:00,102.76,40.43255813953489
2025-05-20 17:00:00+00:00,97.07,40.43255813953489
2025-05-20 18:00:00+00:00,93.8,40.43255813953489
2025-05-20 19:00:00+00:00,26.18,40.43255813953489
2025-05-20 20:00:00+00:00,-39.68,40.43255813953489
2025-05-20 21:00:00+00:00,-28.75,40.43255813953489
2025-05-20 22:00:00+00:00,0.03,41.30232558139535
2025-05-20 23:00:00+00:00,0.09,41.30232558139535
2025-05-21 00:00:00+00:00,-8.24,41.30232558139535
2025-05-21 01:00:00+00:00,67.09,41.30232558139535
2025-05-21 02:00:00+00:00,88.98,41.30232558139535
2025-05-21 03:00:00+00:00,164.75,41.30232558139535
2025-05-21 04:00:00+00:00,211.78,41.30232558139535
2025-05-21 05:00:00+00:00,306.24,41.30232558139535
2025-05-21 06:00:00+00:00,211.78,41.30232558139535
2025-05-21 07:00:00+00:00,119.6,41.30232558139535
2025-05-21 08:00:00+00:00,106.01,41.30232558139535
2025-05-21 09:00:00+00:00,108,41.30232558139535
2025-05-21 10:00:00+00:00,103.98,41.30232558139535
2025-05-21 11:00:00+00:00,103.69,41.30232558139535
2025-05-21 12:00:00+00:00,106.68,41.30232558139535
2025-05-21 13:00:00+00:00,107.98,41.30232558139535
2025-05-21 14:00:00+00:00,95.65,41.30232558139535
2025-05-21 15:00:00+00:00,111.96,41.30232558139535
2025-05-21 16:00:00+00:00,114.71,41.30232558139535
2025-05-21 17:00:00+00:00,108.76,41.30232558139535
2025-05-21 18:00:00+00:00,105.82,41.30232558139535
2025-05-21 19:00:00+00:00,101.35,41.30232558139535
2025-05-21 20:00:00+00:00,103.12,41.30232558139535
2025-05-21 21:00:00+00:00,103.59,41.30232558139535
2025-05-21 22:00:00+00:00,103.58,42.74883720930232
2025-05-21 23:00:00+00:00,103.57,42.74883720930232
2025-05-22 00:00:00+00:00,108.16,42.74883720930232
2025-05-22 01:00:00+00:00,108.02,42.74883720930232
2025-05-22 02:00:00+00:00,129.73,42.74883720930232
2025-05-22 03:00:00+00:00,160.28,42.74883720930232
2025-05-22 04:00:00+00:00,151.46,42.74883720930232
2025-05-22 05:00:00+00:00,226.1,42.74883720930232
2025-05-22 06:00:00+00:00,132.16,42.74883720930232
2025-05-22 07:00:00+00:00,119.04,42.74883720930232
2025-05-22 08:00:00+00:00,106.77,42.74883720930232
2025-05-22 09:00:00+00:00,119.74,42.74883720930232
2025-05-22 10:00:00+00:00,102.92,42.74883720930232
2025-05-22 11:00:00+00:00,98.5,42.74883720930232
2025-05-22 12:00:00+00:00,97.8,42.74883720930232
2025-05-22 13:00:00+00:00,103,42.74883720930232
2025-05-22 14:00:00+00:00,116.11,42.74883720930232
2025-05-22 15:00:00+00:00,132.05,42.74883720930232
2025-05-22 16:00:00+00:00,158.89,42.74883720930232
2025-05-22 17:00:00+00:00,119.8,42.74883720930232
2025-05-22 18:00:00+00:00,89.14,42.74883720930232
2025-05-22 19:00:00+00:00,75.56,42.74883720930232
2025-05-22 20:00:00+00:00,59.76,42.74883720930232
2025-05-22 21:00:00+00:00,30.84,42.74883720930232
2025-05-22 22:00:00+00:00,55.21,41.62093023255814
2025-05-22 23:00:00+00:00,75.29,41.62093023255814
2025-05-23 00:00:00+00:00,84.28,41.62093023255814
2025-05-23 01:00:00+00:00,102.99,41.62093023255814
2025-05-23 02:00:00+00:00,141.21,41.62093023255814
2025-05-23 03:00:00+00:00,144.04,41.62093023255814
2025-05-23 04:00:00+00:00,177.59,41.62093023255814
2025-05-23 05:00:00+00:00,276.92,41.62093023255814
2025-05-23 06:00:00+00:00,156.55,41.62093023255814
2025-05-23 07:00:00+00:00,127.97,41.62093023255814
2025-05-23 08:00:00+00:00,112.77,41.62093023255814
2025-05-23 09:00:00+00:00,121.54,41.62093023255814
2025-05-23 10:00:00+00:00,115.73,41.62093023255814
2025-05-23 11:00:00+00:00,117.38,41.62093023255814
2025-05-23 12:00:00+00:00,117.42,41.62093023255814
2025-05-23 13:00:00+00:00,119.06,41.62093023255814
2025-05-23 14:00:00+00:00,124.7,41.62093023255814
2025-05-23 15:00:00+00:00,123.43,41.62093023255814
2025-05-23 16:00:00+00:00,120.95,41.62093023255814
2025-05-23 17:00:00+00:00,102.02,41.62093023255814
2025-05-23 18:00:00+00:00,71.93,41.62093023255814
2025-05-23 19:00:00+00:00,21.54,41.62093023255814
2025-05-23 20:00:00+00:00,1.35,41.62093023255814
2025-05-23 21:00:00+00:00,1.17,41.62093023255814
2025-05-23 22:00:00+00:00,18.36,41.45116279069768
2025-05-23 23:00:00+00:00,47.46,41.45116279069768
2025-05-24 00:00:00+00:00,76.61,41.45116279069768
2025-05-24 01:00:00+00:00,94.78,41.45116279069768
2025-05-24 02:00:00+00:00,119.05,41.45116279069768
2025-05-24 03:00:00+00:00,140.94,41.45116279069768
2025-05-24 04:00:00+00:00,125.65,41.45116279069768
2025-05-24 05:00:00+00:00,193.74,41.45116279069768
2025-05-24 06:00:00+00:00,154.33,41.45116279069768
2025-05-24 07:00:00+00:00,131.46,41.45116279069768
2025-05-24 08:00:00+00:00,116.26,41.45116279069768
2025-05-24 09:00:00+00:00,131.51,41.45116279069768
2025-05-24 10:00:00+00:00,105.86,41.45116279069768
2025-05-24 11:00:00+00:00,99.56,41.45116279069768
2025-05-24 12:00:00+00:00,100.44,41.45116279069768
2025-05-24 13:00:00+00:00,101.88,41.45116279069768
2025-05-24 14:00:00+00:00,90.15,41.45116279069768
2025-05-24 15:00:00+00:00,71.49,41.45116279069768
2025-05-24 16:00:00+00:00,1.24,41.45116279069768
2025-05-24 17:00:00+00:00,-0.01,41.45116279069768
2025-05-24 18:00:00+00:00,-0.26,41.45116279069768
2025-05-24 19:00:00+00:00,-0.71,41.45116279069768
2025-05-24 20:00:00+00:00,-5.94,41.45116279069768
2025-05-24 21:00:00+00:00,-6.91,41.45116279069768
2025-05-24 22:00:00+00:00,-5.57,41.96511627906977
2025-05-24 23:00:00+00:00,-2.21,41.96511627906977
2025-05-25 00:00:00+00:00,100.39,41.96511627906977
2025-05-25 01:00:00+00:00,132,41.96511627906977
2025-05-25 02:00:00+00:00,95.51,41.96511627906977
2025-05-25 03:00:00+00:00,124.75,41.96511627906977
2025-05-25 04:00:00+00:00,114.92,41.96511627906977
2025-05-25 05:00:00+00:00,103.18,41.96511627906977
2025-05-25 06:00:00+00:00,125.44,41.96511627906977
2025-05-25 07:00:00+00:00,90.56,41.96511627906977
2025-05-25 08:00:00+00:00,81.55,41.96511627906977
2025-05-25 09:00:00+00:00,78.44,41.96511627906977
2025-05-25 10:00:00+00:00,78.64,41.96511627906977
2025-05-25 11:00:00+00:00,82.69,41.96511627906977
2025-05-25 12:00:00+00:00,90.08,41.96511627906977
2025-05-25 13:00:00+00:00,119.9,41.96511627906977
2025-05-25 14:00:00+00:00,146.9,41.96511627906977
2025-05-25 15:00:00+00:00,131.61,41.96511627906977
2025-05-25 16:00:00+00:00,94.54,41.96511627906977
2025-05-25 17:00:00+00:00,77.71,41.96511627906977
2025-05-25 18:00:00+00:00,80.81,41.96511627906977
2025-05-25 19:00:00+00:00,77.71,41.96511627906977
2025-05-25 20:00:00+00:00,77.71,41.96511627906977
2025-05-25 21:00:00+00:00,70.43,41.96511627906977
2025-05-25 22:00:00+00:00,75.05,41.73953488372093
2025-05-25 23:00:00+00:00,82.35,41.73953488372093
2025-05-26 00:00:00+00:00,112.08,41.73953488372093
2025-05-26 01:00:00+00:00,142.65,41.73953488372093
2025-05-26 02:00:00+00:00,211.08,41.73953488372093
2025-05-26 03:00:00+00:00,315.22,41.73953488372093
2025-05-26 04:00:00+00:00,195.83,41.73953488372093
2025-05-26 05:00:00+00:00,146.86,41.73953488372093
2025-05-26 06:00:00+00:00,117.98,41.73953488372093
2025-05-26 07:00:00+00:00,117.6,41.73953488372093
2025-05-26 08:00:00+00:00,109.37,41.73953488372093
2025-05-26 09:00:00+00:00,109.94,41.73953488372093
2025-05-26 10:00:00+00:00,109.96,41.73953488372093
2025-05-26 11:00:00+00:00,111.81,41.73953488372093
2025-05-26 12:00:00+00:00,123.78,41.73953488372093
2025-05-26 13:00:00+00:00,153.12,41.73953488372093
2025-05-26 14:00:00+00:00,108.26,41.73953488372093
2025-05-26 15:00:00+00:00,95.41,41.73953488372093
2025-05-26 16:00:00+00:00,51.91,41.73953488372093
2025-05-26 17:00:00+00:00,4.4,41.73953488372093
2025-05-26 18:00:00+00:00,2.82,41.73953488372093
2025-05-26 19:00:00+00:00,0.12,41.73953488372093
2025-05-26 20:00:00+00:00,0.96,41.73953488372093
2025-05-26 21:00:00+00:00,2.6,41.73953488372093
2025-05-26 22:00:00+00:00,69.84,41.853488372093025
2025-05-26 23:00:00+00:00,82.14,41.853488372093025
2025-05-27 00:00:00+00:00,100.21,41.853488372093025
2025-05-27 01:00:00+00:00,124.78,41.853488372093025
2025-05-27 02:00:00+00:00,158.76,41.853488372093025
2025-05-27 03:00:00+00:00,277.68,41.853488372093025
2025-05-27 04:00:00+00:00,183.27,41.853488372093025
2025-05-27 05:00:00+00:00,136.37,41.853488372093025
2025-05-27 06:00:00+00:00,114.82,41.853488372093025
2025-05-27 07:00:00+00:00,102.83,41.853488372093025
2025-05-27 08:00:00+00:00,98.37,41.853488372093025
2025-05-27 09:00:00+00:00,94.27,41.853488372093025
2025-05-27 10:00:00+00:00,95.01,41.853488372093025
2025-05-27 11:00:00+00:00,101.63,41.853488372093025
2025-05-27 12:00:00+00:00,103.24,41.853488372093025
2025-05-27 13:00:00+00:00,94.73,41.853488372093025
2025-05-27 14:00:00+00:00,103.04,41.853488372093025
2025-05-27 15:00:00+00:00,116.19,41.853488372093025
2025-05-27 16:00:00+00:00,91.19,41.853488372093025
2025-05-27 17:00:00+00:00,78.12,41.853488372093025
2025-05-27 18:00:00+00:00,82.36,41.853488372093025
2025-05-27 19:00:00+00:00,96.69,41.853488372093025
2025-05-27 20:00:00+00:00,105.1,41.853488372093025
2025-05-27 21:00:00+00:00,102.96,41.853488372093025
2025-05-27 22:00:00+00:00,117.35,41.18837209302326
2025-05-27 23:00:00+00:00,141.27,41.18837209302326
2025-05-28 00:00:00+00:00,124.21,41.18837209302326
2025-05-28 01:00:00+00:00,153.09,41.18837209302326
2025-05-28 02:00:00+00:00,158.83,41.18837209302326
2025-05-28 03:00:00+00:00,204.71,41.18837209302326
2025-05-28 04:00:00+00:00,139.86,41.18837209302326
2025-05-28 05:00:00+00:00,122.83,41.18837209302326
2025-05-28 06:00:00+00:00,105.48,41.18837209302326
2025-05-28 07:00:00+00:00,120.88,41.18837209302326
2025-05-28 08:00:00+00:00,109.92,41.18837209302326
2025-05-28 09:00:00+00:00,103.21,41.18837209302326
2025-05-28 10:00:00+00:00,103.18,41.18837209302326
2025-05-28 11:00:00+00:00,96.72,41.18837209302326
2025-05-28 12:00:00+00:00,97.24,41.18837209302326
2025-05-28 13:00:00+00:00,122.91,41.18837209302326
2025-05-28 14:00:00+00:00,129.51,41.18837209302326
2025-05-28 15:00:00+00:00,112.74,41.18837209302326
2025-05-28 16:00:00+00:00,88.94,41.18837209302326
2025-05-28 17:00:00+00:00,18.95,41.18837209302326
2025-05-28 18:00:00+00:00,6.15,41.18837209302326
2025-05-28 19:00:00+00:00,0.57,41.18837209302326
2025-05-28 20:00:00+00:00,3.65,41.18837209302326
2025-05-28 21:00:00+00:00,1.72,41.18837209302326
2025-05-28 22:00:00+00:00,7.46,40.45116279069767
2025-05-28 23:00:00+00:00,10.52,40.45116279069767
2025-05-29 00:00:00+00:00,80.06,40.45116279069767
2025-05-29 01:00:00+00:00,137.91,40.45116279069767
2025-05-29 02:00:00+00:00,129.55,40.45116279069767
2025-05-29 03:00:00+00:00,206.21,40.45116279069767
2025-05-29 04:00:00+00:00,170.83,40.45116279069767
2025-05-29 05:00:00+00:00,125.94,40.45116279069767
2025-05-29 06:00:00+00:00,112.84,40.45116279069767
2025-05-29 07:00:00+00:00,111.32,40.45116279069767
2025-05-29 08:00:00+00:00,107.42,40.45116279069767
2025-05-29 09:00:00+00:00,105.35,40.45116279069767
2025-05-29 10:00:00+00:00,106.17,40.45116279069767
2025-05-29 11:00:00+00:00,105.45,40.45116279069767
2025-05-29 12:00:00+00:00,103.14,40.45116279069767
2025-05-29 13:00:00+00:00,106.13,40.45116279069767
2025-05-29 14:00:00+00:00,120.24,40.45116279069767
2025-05-29 15:00:00+00:00,122.92,40.45116279069767
2025-05-29 16:00:00+00:00,117.34,40.45116279069767
2025-05-29 17:00:00+00:00,102.33,40.45116279069767
2025-05-29 18:00:00+00:00,100.3,40.45116279069767
2025-05-29 19:00:00+00:00,101.64,40.45116279069767
2025-05-29 20:00:00+00:00,101.99,40.45116279069767
2025-05-29 21:00:00+00:00,103.92,40.45116279069767
2025-05-29 22:00:00+00:00,104.2,39.72325581395349
2025-05-29 23:00:00+00:00,104.1,39.72325581395349
2025-05-30 00:00:00+00:00,128.05,39.72325581395349
2025-05-30 01:00:00+00:00,127.77,39.72325581395349
2025-05-30 02:00:00+00:00,146.96,39.72325581395349
2025-05-30 03:00:00+00:00,181.32,39.72325581395349
2025-05-30 04:00:00+00:00,146.8,39.72325581395349
2025-05-30 05:00:00+00:00,130.19,39.72325581395349
2025-05-30 06:00:00+00:00,108.2,39.72325581395349
2025-05-30 07:00:00+00:00,127.29,39.72325581395349
2025-05-30 08:00:00+00:00,121.74,39.72325581395349
2025-05-30 09:00:00+00:00,129.31,39.72325581395349
2025-05-30 10:00:00+00:00,125.64,39.72325581395349
2025-05-30 11:00:00+00:00,130.96,39.72325581395349
2025-05-30 12:00:00+00:00,122.56,39.72325581395349
2025-05-30 13:00:00+00:00,120.29,39.72325581395349
2025-05-30 14:00:00+00:00,114.74,39.72325581395349
2025-05-30 15:00:00+00:00,105.9,39.72325581395349
2025-05-30 16:00:00+00:00,3.45,39.72325581395349
2025-05-30 17:00:00+00:00,-0.02,39.72325581395349
2025-05-30 18:00:00+00:00,-1,39.72325581395349
2025-05-30 19:00:00+00:00,-3.07,39.72325581395349
2025-05-30 20:00:00+00:00,-13.17,39.72325581395349
2025-05-30 21:00:00+00:00,-7.75,39.72325581395349
2025-05-30 22:00:00+00:00,-0.57,37.555813953488375
2025-05-30 23:00:00+00:00,-0.05,37.555813953488375
2025-05-31 00:00:00+00:00,100.28,37.555813953488375
2025-05-31 01:00:00+00:00,160.45,37.555813953488375
2025-05-31 02:00:00+00:00,131.68,37.555813953488375
2025-05-31 03:00:00+00:00,215.97,37.555813953488375
2025-05-31 04:00:00+00:00,201.34,37.555813953488375
2025-05-31 05:00:00+00:00,133.33,37.555813953488375
2025-05-31 06:00:00+00:00,111.68,37.555813953488375
2025-05-31 07:00:00+00:00,95.79,37.555813953488375
2025-05-31 08:00:00+00:00,94.59,37.555813953488375
2025-05-31 09:00:00+00:00,90.38,37.555813953488375
2025-05-31 10:00:00+00:00,92.07,37.555813953488375
2025-05-31 11:00:00+00:00,96.72,37.555813953488375
2025-05-31 12:00:00+00:00,105.1,37.555813953488375
2025-05-31 13:00:00+00:00,105.69,37.555813953488375
2025-05-31 14:00:00+00:00,98.76,37.555813953488375
2025-05-31 15:00:00+00:00,28.36,37.555813953488375
2025-05-31 16:00:00+00:00,-0.01,37.555813953488375
2025-05-31 17:00:00+00:00,-0.6,37.555813953488375
2025-05-31 18:00:00+00:00,-2.11,37.555813953488375
2025-05-31 19:00:00+00:00,-5.48,37.555813953488375
2025-05-31 20:00:00+00:00,-0.01,37.555813953488375
2025-05-31 21:00:00+00:00,0.01,37.555813953488375
2025-05-31 22:00:00+00:00,84.77,36.00697674418605
2025-05-31 23:00:00+00:00,121.43,36.00697674418605
2025-06-01 00:00:00+00:00,119.11,36.00697674418605
2025-06-01 01:00:00+00:00,119.71,36.00697674418605
2025-06-01 02:00:00+00:00,118.51,36.00697674418605
2025-06-01 03:00:00+00:00,114.99,36.00697674418605
2025-06-01 04:00:00+00:00,118.02,36.00697674418605
2025-06-01 05:00:00+00:00,120.22,36.00697674418605
2025-06-01 06:00:00+00:00,105.45,36.00697674418605
2025-06-01 07:00:00+00:00,95.1,36.00697674418605
2025-06-01 08:00:00+00:00,86.12,36.00697674418605
2025-06-01 09:00:00+00:00,97.57,36.00697674418605
2025-06-01 10:00:00+00:00,101.86,36.00697674418605
2025-06-01 11:00:00+00:00,95.69,36.00697674418605
2025-06-01 12:00:00+00:00,109.26,36.00697674418605
2025-06-01 13:00:00+00:00,114.94,36.00697674418605
2025-06-01 14:00:00+00:00,102.21,36.00697674418605
2025-06-01 15:00:00+00:00,96.85,36.00697674418605
2025-06-01 16:00:00+00:00,58.4,36.00697674418605
2025-06-01 17:00:00+00:00,33.21,36.00697674418605
2025-06-01 18:00:00+00:00,20,36.00697674418605
2025-06-01 19:00:00+00:00,15.02,36.00697674418605
2025-06-01 20:00:00+00:00,63.57,36.00697674418605
2025-06-01 21:00:00+00:00,93.1,36.00697674418605
2025-06-01 22:00:00+00:00,90.35,36.102325581395355
2025-06-01 23:00:00+00:00,95.56,36.102325581395355
2025-06-02 00:00:00+00:00,172.94,36.102325581395355
2025-06-02 01:00:00+00:00,265.41,36.102325581395355
2025-06-02 02:00:00+00:00,427.76,36.102325581395355
2025-06-02 03:00:00+00:00,256.99,36.102325581395355
2025-06-02 04:00:00+00:00,142.98,36.102325581395355
2025-06-02 05:00:00+00:00,113.74,36.102325581395355
2025-06-02 06:00:00+00:00,114.14,36.102325581395355
2025-06-02 07:00:00+00:00,111.87,36.102325581395355
2025-06-02 08:00:00+00:00,103.85,36.102325581395355
2025-06-02 09:00:00+00:00,101.21,36.102325581395355
2025-06-02 10:00:00+00:00,99.76,36.102325581395355
2025-06-02 11:00:00+00:00,115,36.102325581395355
2025-06-02 12:00:00+00:00,134.17,36.102325581395355
2025-06-02 13:00:00+00:00,120.25,36.102325581395355
2025-06-02 14:00:00+00:00,105.3,36.102325581395355
2025-06-02 15:00:00+00:00,112.21,36.102325581395355
2025-06-02 16:00:00+00:00,93,36.102325581395355
2025-06-02 17:00:00+00:00,75.77,36.102325581395355
2025-06-02 18:00:00+00:00,65.86,36.102325581395355
2025-06-02 19:00:00+00:00,60.82,36.102325581395355
2025-06-02 20:00:00+00:00,60.54,36.102325581395355
2025-06-02 21:00:00+00:00,75.8,36.102325581395355
2025-06-02 22:00:00+00:00,78.84,38.96279069767442
2025-06-02 23:00:00+00:00,89.81,38.96279069767442
2025-06-03 00:00:00+00:00,115.83,38.96279069767442
2025-06-03 01:00:00+00:00,199.49,38.96279069767442
2025-06-03 02:00:00+00:00,343.66,38.96279069767442
2025-06-03 03:00:00+00:00,187.76,38.96279069767442
2025-06-03 04:00:00+00:00,104.52,38.96279069767442
2025-06-03 05:00:00+00:00,93.41,38.96279069767442
2025-06-03 06:00:00+00:00,107.46,38.96279069767442
2025-06-03 07:00:00+00:00,100.27,38.96279069767442
2025-06-03 08:00:00+00:00,101.68,38.96279069767442
2025-06-03 09:00:00+00:00,100.27,38.96279069767442
2025-06-03 10:00:00+00:00,97.93,38.96279069767442
2025-06-03 11:00:00+00:00,90.23,38.96279069767442
2025-06-03 12:00:00+00:00,107.73,38.96279069767442
2025-06-03 13:00:00+00:00,113.57,38.96279069767442
2025-06-03 14:00:00+00:00,105.61,38.96279069767442
2025-06-03 15:00:00+00:00,65.26,38.96279069767442
2025-06-03 16:00:00+00:00,-2.35,38.96279069767442
2025-06-03 17:00:00+00:00,-15.97,38.96279069767442
2025-06-03 18:00:00+00:00,-1.23,38.96279069767442
2025-06-03 19:00:00+00:00,9.69,38.96279069767442
2025-06-03 20:00:00+00:00,17.72,38.96279069767442
2025-06-03 21:00:00+00:00,46.86,38.96279069767442
2025-06-03 22:00:00+00:00,78.34,39.318604651162794
2025-06-03 23:00:00+00:00,102.72,39.318604651162794
2025-06-04 00:00:00+00:00,122.76,39.318604651162794
2025-06-04 01:00:00+00:00,161.47,39.318604651162794
2025-06-04 02:00:00+00:00,223.09,39.318604651162794
2025-06-04 03:00:00+00:00,151.2,39.318604651162794
2025-06-04 04:00:00+00:00,117.8,39.318604651162794
2025-06-04 05:00:00+00:00,97.07,39.318604651162794
2025-06-04 06:00:00+00:00,107.21,39.318604651162794
2025-06-04 07:00:00+00:00,103.39,39.318604651162794
2025-06-04 08:00:00+00:00,101.4,39.318604651162794
2025-06-04 09:00:00+00:00,100.04,39.318604651162794
2025-06-04 10:00:00+00:00,100.5,39.318604651162794
2025-06-04 11:00:00+00:00,100.04,39.318604651162794
2025-06-04 12:00:00+00:00,114.03,39.318604651162794
2025-06-04 13:00:00+00:00,126.38,39.318604651162794
2025-06-04 14:00:00+00:00,113.58,39.318604651162794
2025-06-04 15:00:00+00:00,106.57,39.318604651162794
2025-06-04 16:00:00+00:00,85.87,39.318604651162794
2025-06-04 17:00:00+00:00,63.1,39.318604651162794
2025-06-04 18:00:00+00:00,61.04,39.318604651162794
2025-06-04 19:00:00+00:00,61.13,39.318604651162794
2025-06-04 20:00:00+00:00,76.82,39.318604651162794
2025-06-04 21:00:00+00:00,100.04,39.318604651162794
2025-06-04 22:00:00+00:00,106.55,40.28837209302326
2025-06-04 23:00:00+00:00,104.29,40.28837209302326
2025-06-05 00:00:00+00:00,116.86,40.28837209302326
2025-06-05 01:00:00+00:00,151.91,40.28837209302326
2025-06-05 02:00:00+00:00,218.03,40.28837209302326
2025-06-05 03:00:00+00:00,161.32,40.28837209302326
2025-06-05 04:00:00+00:00,110.99,40.28837209302326
2025-06-05 05:00:00+00:00,102.23,40.28837209302326
2025-06-05 06:00:00+00:00,106.91,40.28837209302326
2025-06-05 07:00:00+00:00,105.62,40.28837209302326
2025-06-05 08:00:00+00:00,105.6,40.28837209302326
2025-06-05 09:00:00+00:00,104.7,40.28837209302326
2025-06-05 10:00:00+00:00,102.41,40.28837209302326
2025-06-05 11:00:00+00:00,100.42,40.28837209302326
2025-06-05 12:00:00+00:00,98.6,40.28837209302326
2025-06-05 13:00:00+00:00,85.01,40.28837209302326
2025-06-05 14:00:00+00:00,85.2,40.28837209302326
2025-06-05 15:00:00+00:00,65,40.28837209302326
2025-06-05 16:00:00+00:00,0.02,40.28837209302326
2025-06-05 17:00:00+00:00,0.5,40.28837209302326
2025-06-05 18:00:00+00:00,2.99,40.28837209302326
2025-06-05 19:00:00+00:00,1.06,40.28837209302326
2025-06-05 20:00:00+00:00,0.24,40.28837209302326
2025-06-05 21:00:00+00:00,0.15,40.28837209302326
2025-06-05 22:00:00+00:00,14,40.58372093023256
2025-06-05 23:00:00+00:00,89.34,40.58372093023256
2025-06-06 00:00:00+00:00,147.92,40.58372093023256
2025-06-06 01:00:00+00:00,144.99,40.58372093023256
2025-06-06 02:00:00+00:00,196.07,40.58372093023256
2025-06-06 03:00:00+00:00,144.08,40.58372093023256
2025-06-06 04:00:00+00:00,125.46,40.58372093023256
2025-06-06 05:00:00+00:00,105.57,40.58372093023256
2025-06-06 06:00:00+00:00,116.08,40.58372093023256
2025-06-06 07:00:00+00:00,112.34,40.58372093023256
2025-06-06 08:00:00+00:00,110.3,40.58372093023256
2025-06-06 09:00:00+00:00,105.6,40.58372093023256
2025-06-06 10:00:00+00:00,93.77,40.58372093023256
2025-06-06 11:00:00+00:00,94.07,40.58372093023256
2025-06-06 12:00:00+00:00,104.33,40.58372093023256
2025-06-06 13:00:00+00:00,102.57,40.58372093023256
2025-06-06 14:00:00+00:00,94.56,40.58372093023256
2025-06-06 15:00:00+00:00,63.85,40.58372093023256
2025-06-06 16:00:00+00:00,29.48,40.58372093023256
2025-06-06 17:00:00+00:00,9.44,40.58372093023256
2025-06-06 18:00:00+00:00,1.19,40.58372093023256
2025-06-06 19:00:00+00:00,24.16,40.58372093023256
2025-06-06 20:00:00+00:00,82.79,40.58372093023256
2025-06-06 21:00:00+00:00,100.3,40.58372093023256
2025-06-06 22:00:00+00:00,102.57,40.38139534883721
2025-06-06 23:00:00+00:00,118.92,40.38139534883721
2025-06-07 00:00:00+00:00,87.14,40.38139534883721
2025-06-07 01:00:00+00:00,119.35,40.38139534883721
2025-06-07 02:00:00+00:00,140.27,40.38139534883721
2025-06-07 03:00:00+00:00,123.82,40.38139534883721
2025-06-07 04:00:00+00:00,106.85,40.38139534883721
2025-06-07 05:00:00+00:00,91.54,40.38139534883721
2025-06-07 06:00:00+00:00,94.46,40.38139534883721
2025-06-07 07:00:00+00:00,84.92,40.38139534883721
2025-06-07 08:00:00+00:00,84.84,40.38139534883721
2025-06-07 09:00:00+00:00,77.24,40.38139534883721
2025-06-07 10:00:00+00:00,70.7,40.38139534883721
2025-06-07 11:00:00+00:00,71.01,40.38139534883721
2025-06-07 12:00:00+00:00,64.99,40.38139534883721
2025-06-07 13:00:00+00:00,65.5,40.38139534883721
2025-06-07 14:00:00+00:00,2.44,40.38139534883721
2025-06-07 15:00:00+00:00,-0.5,40.38139534883721
2025-06-07 16:00:00+00:00,-2,40.38139534883721
2025-06-07 17:00:00+00:00,-5.58,40.38139534883721
2025-06-07 18:00:00+00:00,-18.42,40.38139534883721
2025-06-07 19:00:00+00:00,-18.76,40.38139534883721
2025-06-07 20:00:00+00:00,-11.77,40.38139534883721
2025-06-07 21:00:00+00:00,-22.66,40.38139534883721
2025-06-07 22:00:00+00:00,-15.44,40.84883720930233
2025-06-07 23:00:00+00:00,41.66,40.84883720930233
2025-06-08 00:00:00+00:00,87.28,40.84883720930233
2025-06-08 01:00:00+00:00,83.77,40.84883720930233
2025-06-08 02:00:00+00:00,113.71,40.84883720930233
2025-06-08 03:00:00+00:00,80.68,40.84883720930233
2025-06-08 04:00:00+00:00,91.81,40.84883720930233
2025-06-08 05:00:00+00:00,64.29,40.84883720930233
2025-06-08 06:00:00+00:00,4.75,40.84883720930233
2025-06-08 07:00:00+00:00,8.14,40.84883720930233
2025-06-08 08:00:00+00:00,0.23,40.84883720930233
2025-06-08 09:00:00+00:00,6.66,40.84883720930233
2025-06-08 10:00:00+00:00,25.35,40.84883720930233
2025-06-08 11:00:00+00:00,65.17,40.84883720930233
2025-06-08 12:00:00+00:00,58.48,40.84883720930233
2025-06-08 13:00:00+00:00,24.59,40.84883720930233
2025-06-08 14:00:00+00:00,0.06,40.84883720930233
2025-06-08 15:00:00+00:00,0.05,40.84883720930233
2025-06-08 16:00:00+00:00,0.02,40.84883720930233
2025-06-08 17:00:00+00:00,-2.31,40.84883720930233
2025-06-08 18:00:00+00:00,-9.58,40.84883720930233
2025-06-08 19:00:00+00:00,-11.11,40.84883720930233
2025-06-08 20:00:00+00:00,-1.6,40.84883720930233
2025-06-08 21:00:00+00:00,-4.01,40.84883720930233
2025-06-08 22:00:00+00:00,32.96,41.002325581395354
2025-06-08 23:00:00+00:00,102.95,41.002325581395354
2025-06-09 00:00:00+00:00,129.96,41.002325581395354
2025-06-09 01:00:00+00:00,194.38,41.002325581395354
2025-06-09 02:00:00+00:00,153.17,41.002325581395354
2025-06-09 03:00:00+00:00,126.07,41.002325581395354
2025-06-09 04:00:00+00:00,103.02,41.002325581395354
2025-06-09 05:00:00+00:00,102.58,41.002325581395354
2025-06-09 06:00:00+00:00,105.96,41.002325581395354
2025-06-09 07:00:00+00:00,94.01,41.002325581395354
2025-06-09 08:00:00+00:00,91.73,41.002325581395354
2025-06-09 09:00:00+00:00,85.02,41.002325581395354
2025-06-09 10:00:00+00:00,86.01,41.002325581395354
2025-06-09 11:00:00+00:00,77.69,41.002325581395354
2025-06-09 12:00:00+00:00,83.86,41.002325581395354
2025-06-09 13:00:00+00:00,103.91,41.002325581395354
2025-06-09 14:00:00+00:00,90.47,41.002325581395354
2025-06-09 15:00:00+00:00,50.67,41.002325581395354
2025-06-09 16:00:00+00:00,57.81,41.002325581395354
2025-06-09 17:00:00+00:00,76.57,41.002325581395354
2025-06-09 18:00:00+00:00,79,41.002325581395354
2025-06-09 19:00:00+00:00,87.13,41.002325581395354
2025-06-09 20:00:00+00:00,103.94,41.002325581395354
2025-06-09 21:00:00+00:00,101.19,41.002325581395354
2025-06-09 22:00:00+00:00,106.99,39.95348837209303
2025-06-09 23:00:00+00:00,155.19,39.95348837209303
2025-06-10 00:00:00+00:00,192.11,39.95348837209303
2025-06-10 01:00:00+00:00,225.37,39.95348837209303
2025-06-10 02:00:00+00:00,149.58,39.95348837209303
2025-06-10 03:00:00+00:00,99.45,39.95348837209303
2025-06-10 04:00:00+00:00,88.12,39.95348837209303
2025-06-10 05:00:00+00:00,107.6,39.95348837209303
2025-06-10 06:00:00+00:00,108.57,39.95348837209303
2025-06-10 07:00:00+00:00,103.76,39.95348837209303
2025-06-10 08:00:00+00:00,93.95,39.95348837209303
2025-06-10 09:00:00+00:00,88.5,39.95348837209303
2025-06-10 10:00:00+00:00,93.9,39.95348837209303
2025-06-10 11:00:00+00:00,120.11,39.95348837209303
2025-06-10 12:00:00+00:00,121.9,39.95348837209303
2025-06-10 13:00:00+00:00,113.18,39.95348837209303
2025-06-10 14:00:00+00:00,106.45,39.95348837209303
2025-06-10 15:00:00+00:00,70.61,39.95348837209303
2025-06-10 16:00:00+00:00,54.72,39.95348837209303
2025-06-10 17:00:00+00:00,7.61,39.95348837209303
2025-06-10 18:00:00+00:00,3.63,39.95348837209303
2025-06-10 19:00:00+00:00,4.29,39.95348837209303
2025-06-10 20:00:00+00:00,12.29,39.95348837209303
2025-06-10 21:00:00+00:00,34.66,39.95348837209303
2025-06-10 22:00:00+00:00,84.6,39.2093023255814
2025-06-10 23:00:00+00:00,102.11,39.2093023255814
2025-06-11 00:00:00+00:00,141.35,39.2093023255814
2025-06-11 01:00:00+00:00,219.9,39.2093023255814
2025-06-11 02:00:00+00:00,180.72,39.2093023255814
2025-06-11 03:00:00+00:00,121.61,39.2093023255814
2025-06-11 04:00:00+00:00,109.34,39.2093023255814
2025-06-11 05:00:00+00:00,98.89,39.2093023255814
2025-06-11 06:00:00+00:00,104.12,39.2093023255814
2025-06-11 07:00:00+00:00,104.21,39.2093023255814
2025-06-11 08:00:00+00:00,101.12,39.2093023255814
2025-06-11 09:00:00+00:00,94.43,39.2093023255814
2025-06-11 10:00:00+00:00,95.04,39.2093023255814
2025-06-11 11:00:00+00:00,114.72,39.2093023255814
2025-06-11 12:00:00+00:00,103.55,39.2093023255814
2025-06-11 13:00:00+00:00,83.87,39.2093023255814
2025-06-11 14:00:00+00:00,36.33,39.2093023255814
2025-06-11 15:00:00+00:00,0.82,39.2093023255814
2025-06-11 16:00:00+00:00,-2.72,39.2093023255814
2025-06-11 17:00:00+00:00,-8.75,39.2093023255814
2025-06-11 18:00:00+00:00,0.1,39.2093023255814
2025-06-11 19:00:00+00:00,5.25,39.2093023255814
2025-06-11 20:00:00+00:00,11.62,39.2093023255814
2025-06-11 21:00:00+00:00,74.57,39.2093023255814
2025-06-11 22:00:00+00:00,89.58,39.65348837209302
2025-06-11 23:00:00+00:00,146.6,39.65348837209302
2025-06-12 00:00:00+00:00,232.91,39.65348837209302
2025-06-12 01:00:00+00:00,187.82,39.65348837209302
2025-06-12 02:00:00+00:00,123.04,39.65348837209302
2025-06-12 03:00:00+00:00,104.47,39.65348837209302
2025-06-12 04:00:00+00:00,105.63,39.65348837209302
2025-06-12 05:00:00+00:00,106.18,39.65348837209302
2025-06-12 06:00:00+00:00,105.6,39.65348837209302
2025-06-12 07:00:00+00:00,105.56,39.65348837209302
2025-06-12 08:00:00+00:00,105.61,39.65348837209302
2025-06-12 09:00:00+00:00,104.2,39.65348837209302
2025-06-12 10:00:00+00:00,106.29,39.65348837209302
2025-06-12 11:00:00+00:00,104.88,39.65348837209302
2025-06-12 12:00:00+00:00,105.19,39.65348837209302
2025-06-12 13:00:00+00:00,58.64,39.65348837209302
2025-06-12 14:00:00+00:00,4.27,39.65348837209302
2025-06-12 15:00:00+00:00,0.32,39.65348837209302
2025-06-12 16:00:00+00:00,0.14,39.65348837209302
2025-06-12 17:00:00+00:00,0.01,39.65348837209302
2025-06-12 18:00:00+00:00,39.34,39.65348837209302
2025-06-12 19:00:00+00:00,82.1,39.65348837209302
2025-06-12 20:00:00+00:00,106.55,39.65348837209302
2025-06-12 21:00:00+00:00,116.79,39.65348837209302
2025-06-12 22:00:00+00:00,152.9,40.14418604651163
2025-06-12 23:00:00+00:00,244.9,40.14418604651163
2025-06-13 00:00:00+00:00,197.19,40.14418604651163
2025-06-13 01:00:00+00:00,124.01,40.14418604651163
2025-06-13 02:00:00+00:00,106.01,40.14418604651163
2025-06-13 03:00:00+00:00,126.98,40.14418604651163
2025-06-13 04:00:00+00:00,113.23,40.14418604651163
2025-06-13 05:00:00+00:00,105.72,40.14418604651163
2025-06-13 06:00:00+00:00,105.72,40.14418604651163
2025-06-13 07:00:00+00:00,106.55,40.14418604651163
2025-06-13 08:00:00+00:00,117.09,40.14418604651163
2025-06-13 09:00:00+00:00,108.16,40.14418604651163
2025-06-13 10:00:00+00:00,113.94,40.14418604651163
2025-06-13 11:00:00+00:00,44.46,40.14418604651163
2025-06-13 12:00:00+00:00,-2.05,40.14418604651163
2025-06-13 13:00:00+00:00,-9.47,40.14418604651163
2025-06-13 14:00:00+00:00,-26.55,40.14418604651163
2025-06-13 15:00:00+00:00,-28.84,40.14418604651163
2025-06-13 16:00:00+00:00,-24.34,40.14418604651163
2025-06-13 17:00:00+00:00,-6.47,40.14418604651163
2025-06-13 18:00:00+00:00,-0.26,40.14418604651163
2025-06-13 19:00:00+00:00,109.23,40.14418604651163
2025-06-13 20:00:00+00:00,165.09,40.14418604651163
2025-06-13 21:00:00+00:00,134.89,40.14418604651163
2025-06-13 22:00:00+00:00,190.63,42.31395348837209
2025-06-13 23:00:00+00:00,179.93,42.31395348837209
2025-06-14 00:00:00+00:00,128.09,42.31395348837209
2025-06-14 01:00:00+00:00,116.95,42.31395348837209
2025-06-14 02:00:00+00:00,92.54,42.31395348837209
2025-06-14 03:00:00+00:00,92.8,42.31395348837209
2025-06-14 04:00:00+00:00,102.41,42.31395348837209
2025-06-14 05:00:00+00:00,102.5,42.31395348837209
2025-06-14 06:00:00+00:00,91.63,42.31395348837209
2025-06-14 07:00:00+00:00,91.78,42.31395348837209
2025-06-14 08:00:00+00:00,85.59,42.31395348837209
2025-06-14 09:00:00+00:00,63.89,42.31395348837209
2025-06-14 10:00:00+00:00,22.35,42.31395348837209
2025-06-14 11:00:00+00:00,-0.77,42.31395348837209
2025-06-14 12:00:00+00:00,-0.02,42.31395348837209
2025-06-14 13:00:00+00:00,-1.39,42.31395348837209
2025-06-14 14:00:00+00:00,-5.74,42.31395348837209
2025-06-14 15:00:00+00:00,-5,42.31395348837209
2025-06-14 16:00:00+00:00,-2,42.31395348837209
2025-06-14 17:00:00+00:00,-0.01,42.31395348837209
2025-06-14 18:00:00+00:00,78.39,42.31395348837209
2025-06-14 19:00:00+00:00,170.82,42.31395348837209
2025-06-14 20:00:00+00:00,130.06,42.31395348837209
2025-06-14 21:00:00+00:00,192.26,42.31395348837209
2025-06-14 22:00:00+00:00,153.83,41.9046511627907
2025-06-14 23:00:00+00:00,132.42,41.9046511627907
2025-06-15 00:00:00+00:00,108.58,41.9046511627907
2025-06-15 01:00:00+00:00,104.63,41.9046511627907
2025-06-15 02:00:00+00:00,91.47,41.9046511627907
2025-06-15 03:00:00+00:00,87.36,41.9046511627907
2025-06-15 04:00:00+00:00,87.57,41.9046511627907
2025-06-15 05:00:00+00:00,83.34,41.9046511627907
2025-06-15 06:00:00+00:00,94.2,41.9046511627907
2025-06-15 07:00:00+00:00,111.55,41.9046511627907
2025-06-15 08:00:00+00:00,123.34,41.9046511627907
2025-06-15 09:00:00+00:00,133.49,41.9046511627907
2025-06-15 10:00:00+00:00,89.41,41.9046511627907
2025-06-15 11:00:00+00:00,62.06,41.9046511627907
2025-06-15 12:00:00+00:00,36.4,41.9046511627907
2025-06-15 13:00:00+00:00,48.17,41.9046511627907
2025-06-15 14:00:00+00:00,35.1,41.9046511627907
2025-06-15 15:00:00+00:00,28.39,41.9046511627907
2025-06-15 16:00:00+00:00,57.35,41.9046511627907
2025-06-15 17:00:00+00:00,84.73,41.9046511627907
2025-06-15 18:00:00+00:00,87.6,41.9046511627907
2025-06-15 19:00:00+00:00,99.24,41.9046511627907
2025-06-15 20:00:00+00:00,121.51,41.9046511627907
2025-06-15 21:00:00+00:00,186.48,41.9046511627907
2025-06-15 22:00:00+00:00,190.47,42.81627906976745
2025-06-15 23:00:00+00:00,126.73,42.81627906976745
2025-06-16 00:00:00+00:00,104.64,42.81627906976745
2025-06-16 01:00:00+00:00,108.32,42.81627906976745
2025-06-16 02:00:00+00:00,107.38,42.81627906976745
2025-06-16 03:00:00+00:00,94.65,42.81627906976745
2025-06-16 04:00:00+00:00,96.76,42.81627906976745
2025-06-16 05:00:00+00:00,102,42.81627906976745
2025-06-16 06:00:00+00:00,107.38,42.81627906976745
2025-06-16 07:00:00+00:00,127.04,42.81627906976745
2025-06-16 08:00:00+00:00,114.88,42.81627906976745
2025-06-16 09:00:00+00:00,97.25,42.81627906976745
2025-06-16 10:00:00+00:00,59.81,42.81627906976745
2025-06-16 11:00:00+00:00,3.26,42.81627906976745
2025-06-16 12:00:00+00:00,2.37,42.81627906976745
2025-06-16 13:00:00+00:00,1.27,42.81627906976745
2025-06-16 14:00:00+00:00,2.09,42.81627906976745
2025-06-16 15:00:00+00:00,1.02,42.81627906976745
2025-06-16 16:00:00+00:00,0.47,42.81627906976745
2025-06-16 17:00:00+00:00,14.6,42.81627906976745
2025-06-16 18:00:00+00:00,87.1,42.81627906976745
2025-06-16 19:00:00+00:00,202.18,42.81627906976745
2025-06-16 20:00:00+00:00,187.56,42.81627906976745
2025-06-16 21:00:00+00:00,268.22,42.81627906976745
2025-06-16 22:00:00+00:00,258.43,43.06976744186046
2025-06-16 23:00:00+00:00,138.4,43.06976744186046
2025-06-17 00:00:00+00:00,117.21,43.06976744186046
2025-06-17 01:00:00+00:00,113.44,43.06976744186046
2025-06-17 02:00:00+00:00,112.91,43.06976744186046
2025-06-17 03:00:00+00:00,112.75,43.06976744186046
2025-06-17 04:00:00+00:00,112.72,43.06976744186046
2025-06-17 05:00:00+00:00,112.25,43.06976744186046
2025-06-17 06:00:00+00:00,113.01,43.06976744186046
2025-06-17 07:00:00+00:00,119.89,43.06976744186046
2025-06-17 08:00:00+00:00,131.08,43.06976744186046
2025-06-17 09:00:00+00:00,121.09,43.06976744186046
2025-06-17 10:00:00+00:00,72.16,43.06976744186046
2025-06-17 11:00:00+00:00,21.16,43.06976744186046
2025-06-17 12:00:00+00:00,1.17,43.06976744186046
2025-06-17 13:00:00+00:00,0.16,43.06976744186046
2025-06-17 14:00:00+00:00,0.12,43.06976744186046
2025-06-17 15:00:00+00:00,0.08,43.06976744186046
2025-06-17 16:00:00+00:00,0.83,43.06976744186046
2025-06-17 17:00:00+00:00,21.34,43.06976744186046
2025-06-17 18:00:00+00:00,86.81,43.06976744186046
2025-06-17 19:00:00+00:00,123.62,43.06976744186046
2025-06-17 20:00:00+00:00,156.19,43.06976744186046
2025-06-17 21:00:00+00:00,219.82,43.06976744186046
2025-06-17 22:00:00+00:00,179.74,43.38837209302326
2025-06-17 23:00:00+00:00,133.52,43.38837209302326
2025-06-18 00:00:00+00:00,115.03,43.38837209302326
2025-06-18 01:00:00+00:00,112.76,43.38837209302326
2025-06-18 02:00:00+00:00,111.14,43.38837209302326
2025-06-18 03:00:00+00:00,115.75,43.38837209302326
2025-06-18 04:00:00+00:00,116.94,43.38837209302326
2025-06-18 05:00:00+00:00,100.26,43.38837209302326
2025-06-18 06:00:00+00:00,98.78,43.38837209302326
2025-06-18 07:00:00+00:00,100.47,43.38837209302326
2025-06-18 08:00:00+00:00,87.67,43.38837209302326
2025-06-18 09:00:00+00:00,36.3,43.38837209302326
2025-06-18 10:00:00+00:00,2.83,43.38837209302326
2025-06-18 11:00:00+00:00,-0.24,43.38837209302326
2025-06-18 12:00:00+00:00,-49.08,43.38837209302326
2025-06-18 13:00:00+00:00,-93.88,43.38837209302326
2025-06-18 14:00:00+00:00,-92.56,43.38837209302326
2025-06-18 15:00:00+00:00,-132.95,43.38837209302326
2025-06-18 16:00:00+00:00,-103.67,43.38837209302326
2025-06-18 17:00:00+00:00,-79.85,43.38837209302326
2025-06-18 18:00:00+00:00,-0.24,43.38837209302326
2025-06-18 19:00:00+00:00,12.61,43.38837209302326
2025-06-18 20:00:00+00:00,87.88,43.38837209302326
2025-06-18 21:00:00+00:00,135.69,43.38837209302326
2025-06-18 22:00:00+00:00,139.29,44.579069767441865
2025-06-18 23:00:00+00:00,128.3,44.579069767441865
2025-06-19 00:00:00+00:00,108.19,44.579069767441865
2025-06-19 01:00:00+00:00,110.23,44.579069767441865
2025-06-19 02:00:00+00:00,103.34,44.579069767441865
2025-06-19 03:00:00+00:00,104.43,44.579069767441865
2025-06-19 04:00:00+00:00,105.48,44.579069767441865
2025-06-19 05:00:00+00:00,104.67,44.579069767441865
2025-06-19 06:00:00+00:00,106.06,44.579069767441865
2025-06-19 07:00:00+00:00,120.63,44.579069767441865
2025-06-19 08:00:00+00:00,117.34,44.579069767441865
2025-06-19 09:00:00+00:00,102.06,44.579069767441865
2025-06-19 10:00:00+00:00,15.1,44.579069767441865
2025-06-19 11:00:00+00:00,3.51,44.579069767441865
2025-06-19 12:00:00+00:00,-1.76,44.579069767441865
2025-06-19 13:00:00+00:00,-0.65,44.579069767441865
2025-06-19 14:00:00+00:00,-0.12,44.579069767441865
2025-06-19 15:00:00+00:00,0.08,44.579069767441865
2025-06-19 16:00:00+00:00,11.82,44.579069767441865
2025-06-19 17:00:00+00:00,84.23,44.579069767441865
2025-06-19 18:00:00+00:00,123.56,44.579069767441865
2025-06-19 19:00:00+00:00,138.01,44.579069767441865
2025-06-19 20:00:00+00:00,211.82,44.579069767441865
2025-06-19 21:00:00+00:00,185.91,44.579069767441865
2025-06-19 22:00:00+00:00,137.05,44.78604651162791
2025-06-19 23:00:00+00:00,121.38,44.78604651162791
2025-06-20 00:00:00+00:00,119.37,44.78604651162791
2025-06-20 01:00:00+00:00,110.48,44.78604651162791
2025-06-20 02:00:00+00:00,108.15,44.78604651162791
2025-06-20 03:00:00+00:00,106.85,44.78604651162791
2025-06-20 04:00:00+00:00,109.06,44.78604651162791
2025-06-20 05:00:00+00:00,107.94,44.78604651162791
2025-06-20 06:00:00+00:00,100.71,44.78604651162791
2025-06-20 07:00:00+00:00,101.91,44.78604651162791
2025-06-20 08:00:00+00:00,75.93,44.78604651162791
2025-06-20 09:00:00+00:00,23.4,44.78604651162791
2025-06-20 10:00:00+00:00,-2.38,44.78604651162791
2025-06-20 11:00:00+00:00,-15.52,44.78604651162791
2025-06-20 12:00:00+00:00,-22.65,44.78604651162791
2025-06-20 13:00:00+00:00,-17.71,44.78604651162791
2025-06-20 14:00:00+00:00,-1.97,44.78604651162791
2025-06-20 15:00:00+00:00,0.01,44.78604651162791
2025-06-20 16:00:00+00:00,67.03,44.78604651162791
2025-06-20 17:00:00+00:00,161.86,44.78604651162791
2025-06-20 18:00:00+00:00,130.76,44.78604651162791
2025-06-20 19:00:00+00:00,160.42,44.78604651162791
2025-06-20 20:00:00+00:00,170.38,44.78604651162791
2025-06-20 21:00:00+00:00,140.87,44.78604651162791
2025-06-20 22:00:00+00:00,120.37,45.19069767441861
2025-06-20 23:00:00+00:00,108.52,45.19069767441861
2025-06-21 00:00:00+00:00,101.11,45.19069767441861
2025-06-21 01:00:00+00:00,97.14,45.19069767441861
2025-06-21 02:00:00+00:00,92.58,45.19069767441861
2025-06-21 03:00:00+00:00,90.24,45.19069767441861
2025-06-21 04:00:00+00:00,88.47,45.19069767441861
2025-06-21 05:00:00+00:00,72.47,45.19069767441861
2025-06-21 06:00:00+00:00,26.44,45.19069767441861
2025-06-21 07:00:00+00:00,-0.09,45.19069767441861
2025-06-21 08:00:00+00:00,-11.11,45.19069767441861
2025-06-21 09:00:00+00:00,-37.7,45.19069767441861
2025-06-21 10:00:00+00:00,-64.26,45.19069767441861
2025-06-21 11:00:00+00:00,-91.69,45.19069767441861
2025-06-21 12:00:00+00:00,-73.84,45.19069767441861
2025-06-21 13:00:00+00:00,-35.73,45.19069767441861
2025-06-21 14:00:00+00:00,-5.2,45.19069767441861
2025-06-21 15:00:00+00:00,10.61,45.19069767441861
2025-06-21 16:00:00+00:00,94.41,45.19069767441861
2025-06-21 17:00:00+00:00,131.34,45.19069767441861
2025-06-21 18:00:00+00:00,156.5,45.19069767441861
2025-06-21 19:00:00+00:00,144.55,45.19069767441861
2025-06-21 20:00:00+00:00,126.51,45.19069767441861
2025-06-21 21:00:00+00:00,101.63,45.19069767441861
2025-06-21 22:00:00+00:00,89.84,45.59069767441861
2025-06-21 23:00:00+00:00,71.45,45.59069767441861
2025-06-22 00:00:00+00:00,66.89,45.59069767441861
2025-06-22 01:00:00+00:00,66.82,45.59069767441861
2025-06-22 02:00:00+00:00,76.35,45.59069767441861
2025-06-22 03:00:00+00:00,89.94,45.59069767441861
2025-06-22 04:00:00+00:00,113.3,45.59069767441861
2025-06-22 05:00:00+00:00,98.14,45.59069767441861
2025-06-22 06:00:00+00:00,83.16,45.59069767441861
2025-06-22 07:00:00+00:00,92.88,45.59069767441861
2025-06-22 08:00:00+00:00,8.81,45.59069767441861
2025-06-22 09:00:00+00:00,5.9,45.59069767441861
2025-06-22 10:00:00+00:00,10.42,45.59069767441861
2025-06-22 11:00:00+00:00,4.43,45.59069767441861
2025-06-22 12:00:00+00:00,0.32,45.59069767441861
2025-06-22 13:00:00+00:00,9.5,45.59069767441861
2025-06-22 14:00:00+00:00,75.54,45.59069767441861
2025-06-22 15:00:00+00:00,98.39,45.59069767441861
2025-06-22 16:00:00+00:00,114.97,45.59069767441861
2025-06-22 17:00:00+00:00,124.48,45.59069767441861
2025-06-22 18:00:00+00:00,113.67,45.59069767441861
2025-06-22 19:00:00+00:00,95.58,45.59069767441861
2025-06-22 20:00:00+00:00,97.15,45.59069767441861
2025-06-22 21:00:00+00:00,88.14,45.59069767441861
2025-06-22 22:00:00+00:00,77.86,47.78372093023256
2025-06-22 23:00:00+00:00,69.4,47.78372093023256
2025-06-23 00:00:00+00:00,67.72,47.78372093023256
2025-06-23 01:00:00+00:00,63.52,47.78372093023256
2025-06-23 02:00:00+00:00,66.09,47.78372093023256
2025-06-23 03:00:00+00:00,75.17,47.78372093023256
2025-06-23 04:00:00+00:00,96.43,47.78372093023256
2025-06-23 05:00:00+00:00,96.42,47.78372093023256
2025-06-23 06:00:00+00:00,17.54,47.78372093023256
2025-06-23 07:00:00+00:00,-0.82,47.78372093023256
2025-06-23 08:00:00+00:00,0.1,47.78372093023256
2025-06-23 09:00:00+00:00,0.02,47.78372093023256
2025-06-23 10:00:00+00:00,0.12,47.78372093023256
2025-06-23 11:00:00+00:00,0.12,47.78372093023256
2025-06-23 12:00:00+00:00,1.18,47.78372093023256
2025-06-23 13:00:00+00:00,0.03,47.78372093023256
2025-06-23 14:00:00+00:00,8.44,47.78372093023256
2025-06-23 15:00:00+00:00,43.74,47.78372093023256
2025-06-23 16:00:00+00:00,100.85,47.78372093023256
2025-06-23 17:00:00+00:00,165.77,47.78372093023256
2025-06-23 18:00:00+00:00,152.02,47.78372093023256
2025-06-23 19:00:00+00:00,127.15,47.78372093023256
2025-06-23 20:00:00+00:00,123.28,47.78372093023256
2025-06-23 21:00:00+00:00,115.56,47.78372093023256
2025-06-23 22:00:00+00:00,107.25,45.80930232558139
2025-06-23 23:00:00+00:00,76.04,45.80930232558139
2025-06-24 00:00:00+00:00,54.53,45.80930232558139
2025-06-24 01:00:00+00:00,41.03,45.80930232558139
2025-06-24 02:00:00+00:00,38.9,45.80930232558139
2025-06-24 03:00:00+00:00,64.99,45.80930232558139
2025-06-24 04:00:00+00:00,105.97,45.80930232558139
2025-06-24 05:00:00+00:00,111.96,45.80930232558139
2025-06-24 06:00:00+00:00,97.8,45.80930232558139
2025-06-24 07:00:00+00:00,70.85,45.80930232558139
2025-06-24 08:00:00+00:00,4.44,45.80930232558139
2025-06-24 09:00:00+00:00,4.26,45.80930232558139
2025-06-24 10:00:00+00:00,9.25,45.80930232558139
2025-06-24 11:00:00+00:00,5.46,45.80930232558139
2025-06-24 12:00:00+00:00,1.17,45.80930232558139
2025-06-24 13:00:00+00:00,3.51,45.80930232558139
2025-06-24 14:00:00+00:00,12.5,45.80930232558139
2025-06-24 15:00:00+00:00,66.07,45.80930232558139
2025-06-24 16:00:00+00:00,102.8,45.80930232558139
2025-06-24 17:00:00+00:00,154.76,45.80930232558139
2025-06-24 18:00:00+00:00,200.91,45.80930232558139
2025-06-24 19:00:00+00:00,243.5,45.80930232558139
2025-06-24 20:00:00+00:00,173.7,45.80930232558139
2025-06-24 21:00:00+00:00,128.03,45.80930232558139
2025-06-24 22:00:00+00:00,119.95,40.98372093023256
2025-06-24 23:00:00+00:00,108.14,40.98372093023256
2025-06-25 00:00:00+00:00,103.47,40.98372093023256
2025-06-25 01:00:00+00:00,100.06,40.98372093023256
2025-06-25 02:00:00+00:00,100.18,40.98372093023256
2025-06-25 03:00:00+00:00,104.68,40.98372093023256
2025-06-25 04:00:00+00:00,120.51,40.98372093023256
2025-06-25 05:00:00+00:00,121,40.98372093023256
2025-06-25 06:00:00+00:00,106.79,40.98372093023256
2025-06-25 07:00:00+00:00,96.8,40.98372093023256
2025-06-25 08:00:00+00:00,88.4,40.98372093023256
2025-06-25 09:00:00+00:00,73.92,40.98372093023256
2025-06-25 10:00:00+00:00,70.47,40.98372093023256
2025-06-25 11:00:00+00:00,47.68,40.98372093023256
2025-06-25 12:00:00+00:00,35.33,40.98372093023256
2025-06-25 13:00:00+00:00,67.92,40.98372093023256
2025-06-25 14:00:00+00:00,82.22,40.98372093023256
2025-06-25 15:00:00+00:00,117.3,40.98372093023256
2025-06-25 16:00:00+00:00,189.63,40.98372093023256
2025-06-25 17:00:00+00:00,305.83,40.98372093023256
2025-06-25 18:00:00+00:00,352.96,40.98372093023256
2025-06-25 19:00:00+00:00,270.53,40.98372093023256
2025-06-25 20:00:00+00:00,120.99,40.98372093023256
2025-06-25 21:00:00+00:00,95.36,40.98372093023256
2025-06-25 22:00:00+00:00,120.87,40.27906976744186
2025-06-25 23:00:00+00:00,103.16,40.27906976744186
2025-06-26 00:00:00+00:00,102.06,40.27906976744186
2025-06-26 01:00:00+00:00,92.24,40.27906976744186
2025-06-26 02:00:00+00:00,82.39,40.27906976744186
2025-06-26 03:00:00+00:00,92.24,40.27906976744186
2025-06-26 04:00:00+00:00,117.68,40.27906976744186
2025-06-26 05:00:00+00:00,113.2,40.27906976744186
2025-06-26 06:00:00+00:00,107.7,40.27906976744186
2025-06-26 07:00:00+00:00,91.04,40.27906976744186
2025-06-26 08:00:00+00:00,79.14,40.27906976744186
2025-06-26 09:00:00+00:00,67.45,40.27906976744186
2025-06-26 10:00:00+00:00,54.03,40.27906976744186
2025-06-26 11:00:00+00:00,16.05,40.27906976744186
2025-06-26 12:00:00+00:00,3.33,40.27906976744186
2025-06-26 13:00:00+00:00,10.86,40.27906976744186
2025-06-26 14:00:00+00:00,44.57,40.27906976744186
2025-06-26 15:00:00+00:00,78.35,40.27906976744186
2025-06-26 16:00:00+00:00,100.36,40.27906976744186
2025-06-26 17:00:00+00:00,107.25,40.27906976744186
2025-06-26 18:00:00+00:00,137.04,40.27906976744186
2025-06-26 19:00:00+00:00,135.8,40.27906976744186
2025-06-26 20:00:00+00:00,126.07,40.27906976744186
2025-06-26 21:00:00+00:00,109.87,40.27906976744186
2025-06-26 22:00:00+00:00,92.59,39.37674418604651
2025-06-26 23:00:00+00:00,93.41,39.37674418604651
2025-06-27 00:00:00+00:00,93.37,39.37674418604651
2025-06-27 01:00:00+00:00,94.92,39.37674418604651
2025-06-27 02:00:00+00:00,89.65,39.37674418604651
2025-06-27 03:00:00+00:00,86.7,39.37674418604651
2025-06-27 04:00:00+00:00,82.7,39.37674418604651
2025-06-27 05:00:00+00:00,80.24,39.37674418604651
2025-06-27 06:00:00+00:00,27.8,39.37674418604651
2025-06-27 07:00:00+00:00,2.34,39.37674418604651
2025-06-27 08:00:00+00:00,0.01,39.37674418604651
2025-06-27 09:00:00+00:00,0.04,39.37674418604651
2025-06-27 10:00:00+00:00,-0.54,39.37674418604651
2025-06-27 11:00:00+00:00,-1.05,39.37674418604651
2025-06-27 12:00:00+00:00,4.73,39.37674418604651
2025-06-27 13:00:00+00:00,31.47,39.37674418604651
2025-06-27 14:00:00+00:00,83.51,39.37674418604651
2025-06-27 15:00:00+00:00,118.21,39.37674418604651
2025-06-27 16:00:00+00:00,162.59,39.37674418604651
2025-06-27 17:00:00+00:00,127.48,39.37674418604651
2025-06-27 18:00:00+00:00,131.68,39.37674418604651
2025-06-27 19:00:00+00:00,128.55,39.37674418604651
2025-06-27 20:00:00+00:00,119.88,39.37674418604651
2025-06-27 21:00:00+00:00,103.5,39.37674418604651
2025-06-27 22:00:00+00:00,106.2,37.65813953488372
2025-06-27 23:00:00+00:00,89.42,37.65813953488372
2025-06-28 00:00:00+00:00,89.66,37.65813953488372
2025-06-28 01:00:00+00:00,86.82,37.65813953488372
2025-06-28 02:00:00+00:00,85.3,37.65813953488372
2025-06-28 03:00:00+00:00,85.3,37.65813953488372
2025-06-28 04:00:00+00:00,86.38,37.65813953488372
2025-06-28 05:00:00+00:00,76.11,37.65813953488372
2025-06-28 06:00:00+00:00,47.91,37.65813953488372
2025-06-28 07:00:00+00:00,2.06,37.65813953488372
2025-06-28 08:00:00+00:00,-0.25,37.65813953488372
2025-06-28 09:00:00+00:00,-5.06,37.65813953488372
2025-06-28 10:00:00+00:00,-19.79,37.65813953488372
2025-06-28 11:00:00+00:00,-23.56,37.65813953488372
2025-06-28 12:00:00+00:00,-13.05,37.65813953488372
2025-06-28 13:00:00+00:00,-0.63,37.65813953488372
2025-06-28 14:00:00+00:00,0.1,37.65813953488372
2025-06-28 15:00:00+00:00,73.72,37.65813953488372
2025-06-28 16:00:00+00:00,102.14,37.65813953488372
2025-06-28 17:00:00+00:00,111.98,37.65813953488372
2025-06-28 18:00:00+00:00,118.07,37.65813953488372
2025-06-28 19:00:00+00:00,113.73,37.65813953488372
2025-06-28 20:00:00+00:00,101,37.65813953488372
2025-06-28 21:00:00+00:00,98.73,37.65813953488372
2025-06-28 22:00:00+00:00,89.03,38.17906976744186
2025-06-28 23:00:00+00:00,85.03,38.17906976744186
2025-06-29 00:00:00+00:00,84.13,38.17906976744186
2025-06-29 01:00:00+00:00,86.46,38.17906976744186
2025-06-29 02:00:00+00:00,96.93,38.17906976744186
2025-06-29 03:00:00+00:00,114.44,38.17906976744186
2025-06-29 04:00:00+00:00,111.78,38.17906976744186
2025-06-29 05:00:00+00:00,105.52,38.17906976744186
2025-06-29 06:00:00+00:00,82.72,38.17906976744186
2025-06-29 07:00:00+00:00,50.96,38.17906976744186
2025-06-29 08:00:00+00:00,-21.04,38.17906976744186
2025-06-29 09:00:00+00:00,-2.4,38.17906976744186
2025-06-29 10:00:00+00:00,21.21,38.17906976744186
2025-06-29 11:00:00+00:00,68.1,38.17906976744186
2025-06-29 12:00:00+00:00,96.62,38.17906976744186
2025-06-29 13:00:00+00:00,110.65,38.17906976744186
2025-06-29 14:00:00+00:00,178.94,38.17906976744186
2025-06-29 15:00:00+00:00,284.7,38.17906976744186
2025-06-29 16:00:00+00:00,238.79,38.17906976744186
2025-06-29 17:00:00+00:00,157,38.17906976744186
2025-06-29 18:00:00+00:00,122.65,38.17906976744186
2025-06-29 19:00:00+00:00,111.28,38.17906976744186
2025-06-29 20:00:00+00:00,97.73,38.17906976744186
2025-06-29 21:00:00+00:00,89.1,38.17906976744186
2025-06-29 22:00:00+00:00,88.3,37.89302325581396
2025-06-29 23:00:00+00:00,90.01,37.89302325581396
2025-06-30 00:00:00+00:00,99.35,37.89302325581396
2025-06-30 01:00:00+00:00,114.97,37.89302325581396
2025-06-30 02:00:00+00:00,120.53,37.89302325581396
2025-06-30 03:00:00+00:00,111.03,37.89302325581396
2025-06-30 04:00:00+00:00,71.7,37.89302325581396
2025-06-30 05:00:00+00:00,42.07,37.89302325581396
2025-06-30 06:00:00+00:00,16.32,37.89302325581396
2025-06-30 07:00:00+00:00,11.81,37.89302325581396
2025-06-30 08:00:00+00:00,7.3,37.89302325581396
2025-06-30 09:00:00+00:00,29.09,37.89302325581396
2025-06-30 10:00:00+00:00,77.52,37.89302325581396
2025-06-30 11:00:00+00:00,90.8,37.89302325581396
2025-06-30 12:00:00+00:00,102.76,37.89302325581396
2025-06-30 13:00:00+00:00,152.12,37.89302325581396
2025-06-30 14:00:00+00:00,304.85,37.89302325581396
2025-06-30 15:00:00+00:00,471.29,37.89302325581396
2025-06-30 16:00:00+00:00,399.83,37.89302325581396
2025-06-30 17:00:00+00:00,243.83,37.89302325581396
2025-06-30 18:00:00+00:00,145.91,37.89302325581396
2025-06-30 19:00:00+00:00,119.29,37.89302325581396
2025-06-30 20:00:00+00:00,102.89,37.89302325581396
2025-06-30 21:00:00+00:00,92.54,37.89302325581396
2025-06-30 22:00:00+00:00,92.08,37.16976744186047
2025-06-30 23:00:00+00:00,94.23,37.16976744186047
2025-07-01 00:00:00+00:00,100.01,37.16976744186047
2025-07-01 01:00:00+00:00,115.57,37.16976744186047
2025-07-01 02:00:00+00:00,110.16,37.16976744186047
2025-07-01 03:00:00+00:00,104.52,37.16976744186047
2025-07-01 04:00:00+00:00,90.28,37.16976744186047
2025-07-01 05:00:00+00:00,68.23,37.16976744186047
2025-07-01 06:00:00+00:00,24.6,37.16976744186047
2025-07-01 07:00:00+00:00,7.35,37.16976744186047
2025-07-01 08:00:00+00:00,20.29,37.16976744186047
2025-07-01 09:00:00+00:00,26.76,37.16976744186047
2025-07-01 10:00:00+00:00,69.5,37.16976744186047
2025-07-01 11:00:00+00:00,82.61,37.16976744186047
2025-07-01 12:00:00+00:00,106.28,37.16976744186047
2025-07-01 13:00:00+00:00,193.93,37.16976744186047
2025-07-01 14:00:00+00:00,303.29,37.16976744186047
2025-07-01 15:00:00+00:00,374.73,37.16976744186047
2025-07-01 16:00:00+00:00,197.2,37.16976744186047
2025-07-01 17:00:00+00:00,135.66,37.16976744186047
2025-07-01 18:00:00+00:00,117.35,37.16976744186047
2025-07-01 19:00:00+00:00,118.51,37.16976744186047
2025-07-01 20:00:00+00:00,101.11,37.16976744186047
2025-07-01 21:00:00+00:00,85.51,37.16976744186047
2025-07-01 22:00:00+00:00,88.05,36.96279069767442
2025-07-01 23:00:00+00:00,85.51,36.96279069767442
2025-07-02 00:00:00+00:00,94.78,36.96279069767442
2025-07-02 01:00:00+00:00,104.62,36.96279069767442
2025-07-02 02:00:00+00:00,107.57,36.96279069767442
2025-07-02 03:00:00+00:00,104.9,36.96279069767442
2025-07-02 04:00:00+00:00,90.45,36.96279069767442
2025-07-02 05:00:00+00:00,75.06,36.96279069767442
2025-07-02 06:00:00+00:00,57.35,36.96279069767442
2025-07-02 07:00:00+00:00,42.16,36.96279069767442
2025-07-02 08:00:00+00:00,27.04,36.96279069767442
2025-07-02 09:00:00+00:00,22.76,36.96279069767442
2025-07-02 10:00:00+00:00,50.52,36.96279069767442
2025-07-02 11:00:00+00:00,75,36.96279069767442
2025-07-02 12:00:00+00:00,97.02,36.96279069767442
2025-07-02 13:00:00+00:00,156.55,36.96279069767442
2025-07-02 14:00:00+00:00,154.39,36.96279069767442
2025-07-02 15:00:00+00:00,202.25,36.96279069767442
2025-07-02 16:00:00+00:00,168.43,36.96279069767442
2025-07-02 17:00:00+00:00,133.82,36.96279069767442
2025-07-02 18:00:00+00:00,113.97,36.96279069767442
2025-07-02 19:00:00+00:00,110.48,36.96279069767442
2025-07-02 20:00:00+00:00,104.83,36.96279069767442
2025-07-02 21:00:00+00:00,102.26,36.96279069767442
2025-07-02 22:00:00+00:00,98.55,37.87906976744186
2025-07-02 23:00:00+00:00,103.91,37.87906976744186
2025-07-03 00:00:00+00:00,107.63,37.87906976744186
2025-07-03 01:00:00+00:00,122.9,37.87906976744186
2025-07-03 02:00:00+00:00,116.65,37.87906976744186
2025-07-03 03:00:00+00:00,100,37.87906976744186
2025-07-03 04:00:00+00:00,108.36,37.87906976744186
2025-07-03 05:00:00+00:00,78.31,37.87906976744186
2025-07-03 06:00:00+00:00,75.38,37.87906976744186
2025-07-03 07:00:00+00:00,35.85,37.87906976744186
2025-07-03 08:00:00+00:00,22.99,37.87906976744186
2025-07-03 09:00:00+00:00,26.28,37.87906976744186
2025-07-03 10:00:00+00:00,31.38,37.87906976744186
2025-07-03 11:00:00+00:00,63.53,37.87906976744186
2025-07-03 12:00:00+00:00,93.76,37.87906976744186
2025-07-03 13:00:00+00:00,111.47,37.87906976744186
2025-07-03 14:00:00+00:00,167,37.87906976744186
2025-07-03 15:00:00+00:00,220.79,37.87906976744186
2025-07-03 16:00:00+00:00,164.02,37.87906976744186
2025-07-03 17:00:00+00:00,130.04,37.87906976744186
2025-07-03 18:00:00+00:00,110.6,37.87906976744186
2025-07-03 19:00:00+00:00,121.31,37.87906976744186
2025-07-03 20:00:00+00:00,117.62,37.87906976744186
2025-07-03 21:00:00+00:00,107.65,37.87906976744186
2025-07-03 22:00:00+00:00,103.64,37.36744186046512
2025-07-03 23:00:00+00:00,96.23,37.36744186046512
2025-07-04 00:00:00+00:00,99.98,37.36744186046512
2025-07-04 01:00:00+00:00,99.07,37.36744186046512
2025-07-04 02:00:00+00:00,102.12,37.36744186046512
2025-07-04 03:00:00+00:00,82.14,37.36744186046512
2025-07-04 04:00:00+00:00,3.34,37.36744186046512
2025-07-04 05:00:00+00:00,-0.09,37.36744186046512
2025-07-04 06:00:00+00:00,-1.21,37.36744186046512
2025-07-04 07:00:00+00:00,-0.53,37.36744186046512
2025-07-04 08:00:00+00:00,-2.16,37.36744186046512
2025-07-04 09:00:00+00:00,3.76,37.36744186046512
2025-07-04 10:00:00+00:00,70.06,37.36744186046512
2025-07-04 11:00:00+00:00,112.56,37.36744186046512
2025-07-04 12:00:00+00:00,120.63,37.36744186046512
2025-07-04 13:00:00+00:00,158.04,37.36744186046512
2025-07-04 14:00:00+00:00,186.54,37.36744186046512
2025-07-04 15:00:00+00:00,146.24,37.36744186046512
2025-07-04 16:00:00+00:00,115.67,37.36744186046512
2025-07-04 17:00:00+00:00,107.79,37.36744186046512
2025-07-04 18:00:00+00:00,103.41,37.36744186046512
2025-07-04 19:00:00+00:00,93.41,37.36744186046512
2025-07-04 20:00:00+00:00,91.86,37.36744186046512
2025-07-04 21:00:00+00:00,96.1,37.36744186046512
2025-07-04 22:00:00+00:00,89.4,35.6
2025-07-04 23:00:00+00:00,87.77,35.6
2025-07-05 00:00:00+00:00,90.76,35.6
2025-07-05 01:00:00+00:00,97.17,35.6
2025-07-05 02:00:00+00:00,69.55,35.6
2025-07-05 03:00:00+00:00,36.85,35.6
2025-07-05 04:00:00+00:00,19.09,35.6
2025-07-05 05:00:00+00:00,10.12,35.6
2025-07-05 06:00:00+00:00,6.08,35.6
2025-07-05 07:00:00+00:00,5.69,35.6
2025-07-05 08:00:00+00:00,8.24,35.6
2025-07-05 09:00:00+00:00,28.53,35.6
2025-07-05 10:00:00+00:00,75.18,35.6
2025-07-05 11:00:00+00:00,104.19,35.6
2025-07-05 12:00:00+00:00,115.68,35.6
2025-07-05 13:00:00+00:00,147.13,35.6
2025-07-05 14:00:00+00:00,177.24,35.6
2025-07-05 15:00:00+00:00,164.57,35.6
2025-07-05 16:00:00+00:00,131.9,35.6
2025-07-05 17:00:00+00:00,110.78,35.6
2025-07-05 18:00:00+00:00,119.21,35.6
2025-07-05 19:00:00+00:00,107.02,35.6
2025-07-05 20:00:00+00:00,101.88,35.6
2025-07-05 21:00:00+00:00,98.98,35.6
2025-07-05 22:00:00+00:00,101.32,34.6953488372093
2025-07-05 23:00:00+00:00,110.36,34.6953488372093
2025-07-06 00:00:00+00:00,134.78,34.6953488372093
2025-07-06 01:00:00+00:00,143.85,34.6953488372093
2025-07-06 02:00:00+00:00,149.78,34.6953488372093
2025-07-06 03:00:00+00:00,132.64,34.6953488372093
2025-07-06 04:00:00+00:00,110.09,34.6953488372093
2025-07-06 05:00:00+00:00,109.42,34.6953488372093
2025-07-06 06:00:00+00:00,90.79,34.6953488372093
2025-07-06 07:00:00+00:00,85.15,34.6953488372093
2025-07-06 08:00:00+00:00,90.73,34.6953488372093
2025-07-06 09:00:00+00:00,107.92,34.6953488372093
2025-07-06 10:00:00+00:00,125.02,34.6953488372093
2025-07-06 11:00:00+00:00,148.78,34.6953488372093
2025-07-06 12:00:00+00:00,176.66,34.6953488372093
2025-07-06 13:00:00+00:00,261.33,34.6953488372093
2025-07-06 14:00:00+00:00,282.9,34.6953488372093
2025-07-06 15:00:00+00:00,193.89,34.6953488372093
2025-07-06 16:00:00+00:00,120.22,34.6953488372093
2025-07-06 17:00:00+00:00,99.29,34.6953488372093
2025-07-06 18:00:00+00:00,111.97,34.6953488372093
2025-07-06 19:00:00+00:00,103.13,34.6953488372093
2025-07-06 20:00:00+00:00,98.99,34.6953488372093
2025-07-06 21:00:00+00:00,101.13,34.6953488372093
2025-07-06 22:00:00+00:00,101.6,37.02093023255814
2025-07-06 23:00:00+00:00,102.62,37.02093023255814
2025-07-07 00:00:00+00:00,122.31,37.02093023255814
2025-07-07 01:00:00+00:00,119.03,37.02093023255814
2025-07-07 02:00:00+00:00,116.48,37.02093023255814
2025-07-07 03:00:00+00:00,91.82,37.02093023255814
2025-07-07 04:00:00+00:00,88.07,37.02093023255814
2025-07-07 05:00:00+00:00,89.1,37.02093023255814
2025-07-07 06:00:00+00:00,90.3,37.02093023255814
2025-07-07 07:00:00+00:00,94.22,37.02093023255814
2025-07-07 08:00:00+00:00,96.84,37.02093023255814
2025-07-07 09:00:00+00:00,101.3,37.02093023255814
2025-07-07 10:00:00+00:00,110.55,37.02093023255814
2025-07-07 11:00:00+00:00,129.17,37.02093023255814
2025-07-07 12:00:00+00:00,132.11,37.02093023255814
2025-07-07 13:00:00+00:00,154.17,37.02093023255814
2025-07-07 14:00:00+00:00,147.32,37.02093023255814
2025-07-07 15:00:00+00:00,125.05,37.02093023255814
2025-07-07 16:00:00+00:00,118.22,37.02093023255814
2025-07-07 17:00:00+00:00,100.64,37.02093023255814
2025-07-07 18:00:00+00:00,96.84,37.02093023255814
2025-07-07 19:00:00+00:00,102.26,37.02093023255814
2025-07-07 20:00:00+00:00,101.28,37.02093023255814
2025-07-07 21:00:00+00:00,101.75,37.02093023255814
2025-07-07 22:00:00+00:00,96.8,37.02325581395349
2025-07-07 23:00:00+00:00,101.19,37.02325581395349
2025-07-08 00:00:00+00:00,118.95,37.02325581395349
2025-07-08 01:00:00+00:00,122.19,37.02325581395349
2025-07-08 02:00:00+00:00,120.08,37.02325581395349
2025-07-08 03:00:00+00:00,105.99,37.02325581395349
2025-07-08 04:00:00+00:00,100.77,37.02325581395349
2025-07-08 05:00:00+00:00,105.73,37.02325581395349
2025-07-08 06:00:00+00:00,102.92,37.02325581395349
2025-07-08 07:00:00+00:00,118.23,37.02325581395349
2025-07-08 08:00:00+00:00,118.23,37.02325581395349
2025-07-08 09:00:00+00:00,120.12,37.02325581395349
2025-07-08 10:00:00+00:00,117.84,37.02325581395349
2025-07-08 11:00:00+00:00,118.15,37.02325581395349
2025-07-08 12:00:00+00:00,118.15,37.02325581395349
2025-07-08 13:00:00+00:00,123.96,37.02325581395349
2025-07-08 14:00:00+00:00,150.28,37.02325581395349
2025-07-08 15:00:00+00:00,143.74,37.02325581395349
2025-07-08 16:00:00+00:00,118.26,37.02325581395349
2025-07-08 17:00:00+00:00,104.51,37.02325581395349
2025-07-08 18:00:00+00:00,100.91,37.02325581395349
2025-07-08 19:00:00+00:00,100.43,37.02325581395349
2025-07-08 20:00:00+00:00,100.43,37.02325581395349
2025-07-08 21:00:00+00:00,96.66,37.02325581395349
2025-07-08 22:00:00+00:00,92.21,37.56279069767442
2025-07-08 23:00:00+00:00,98.51,37.56279069767442
2025-07-09 00:00:00+00:00,107.5,37.56279069767442
2025-07-09 01:00:00+00:00,108.01,37.56279069767442
2025-07-09 02:00:00+00:00,105.57,37.56279069767442
2025-07-09 03:00:00+00:00,88.63,37.56279069767442
2025-07-09 04:00:00+00:00,78.19,37.56279069767442
2025-07-09 05:00:00+00:00,59.99,37.56279069767442
2025-07-09 06:00:00+00:00,45.1,37.56279069767442
2025-07-09 07:00:00+00:00,38.97,37.56279069767442
2025-07-09 08:00:00+00:00,39.3,37.56279069767442
2025-07-09 09:00:00+00:00,56.44,37.56279069767442
2025-07-09 10:00:00+00:00,76.59,37.56279069767442
2025-07-09 11:00:00+00:00,87.92,37.56279069767442
2025-07-09 12:00:00+00:00,102.8,37.56279069767442
2025-07-09 13:00:00+00:00,118.94,37.56279069767442
2025-07-09 14:00:00+00:00,141.49,37.56279069767442
2025-07-09 15:00:00+00:00,139.04,37.56279069767442
2025-07-09 16:00:00+00:00,120.75,37.56279069767442
2025-07-09 17:00:00+00:00,106.14,37.56279069767442
2025-07-09 18:00:00+00:00,101.31,37.56279069767442
2025-07-09 19:00:00+00:00,96.63,37.56279069767442
2025-07-09 20:00:00+00:00,91.96,37.56279069767442
2025-07-09 21:00:00+00:00,90.02,37.56279069767442
2025-07-09 22:00:00+00:00,90.89,38.33255813953489
2025-07-09 23:00:00+00:00,96.95,38.33255813953489
2025-07-10 00:00:00+00:00,104.78,38.33255813953489
2025-07-10 01:00:00+00:00,102.99,38.33255813953489
2025-07-10 02:00:00+00:00,101.9,38.33255813953489
2025-07-10 03:00:00+00:00,92.35,38.33255813953489
2025-07-10 04:00:00+00:00,82.39,38.33255813953489
2025-07-10 05:00:00+00:00,92.95,38.33255813953489
2025-07-10 06:00:00+00:00,100.82,38.33255813953489
2025-07-10 07:00:00+00:00,107.12,38.33255813953489
2025-07-10 08:00:00+00:00,111.24,38.33255813953489
2025-07-10 09:00:00+00:00,110.23,38.33255813953489
2025-07-10 10:00:00+00:00,105.94,38.33255813953489
2025-07-10 11:00:00+00:00,100.22,38.33255813953489
2025-07-10 12:00:00+00:00,118.53,38.33255813953489
2025-07-10 13:00:00+00:00,120.78,38.33255813953489
2025-07-10 14:00:00+00:00,127.16,38.33255813953489
2025-07-10 15:00:00+00:00,124.38,38.33255813953489
2025-07-10 16:00:00+00:00,118.18,38.33255813953489
2025-07-10 17:00:00+00:00,103.21,38.33255813953489
2025-07-10 18:00:00+00:00,111.32,38.33255813953489
2025-07-10 19:00:00+00:00,104.23,38.33255813953489
2025-07-10 20:00:00+00:00,103.47,38.33255813953489
2025-07-10 21:00:00+00:00,100.59,38.33255813953489
2025-07-10 22:00:00+00:00,101.33,38.48604651162791
2025-07-10 23:00:00+00:00,99.86,38.48604651162791
2025-07-11 00:00:00+00:00,109.5,38.48604651162791
2025-07-11 01:00:00+00:00,121.86,38.48604651162791
2025-07-11 02:00:00+00:00,123.99,38.48604651162791
2025-07-11 03:00:00+00:00,116.35,38.48604651162791
2025-07-11 04:00:00+00:00,102.24,38.48604651162791
2025-07-11 05:00:00+00:00,93.99,38.48604651162791
2025-07-11 06:00:00+00:00,91.27,38.48604651162791
2025-07-11 07:00:00+00:00,91.31,38.48604651162791
2025-07-11 08:00:00+00:00,99.53,38.48604651162791
2025-07-11 09:00:00+00:00,99.81,38.48604651162791
2025-07-11 10:00:00+00:00,99.39,38.48604651162791
2025-07-11 11:00:00+00:00,106.96,38.48604651162791
2025-07-11 12:00:00+00:00,119.51,38.48604651162791
2025-07-11 13:00:00+00:00,110.56,38.48604651162791
2025-07-11 14:00:00+00:00,122.03,38.48604651162791
2025-07-11 15:00:00+00:00,126.88,38.48604651162791
2025-07-11 16:00:00+00:00,125.17,38.48604651162791
2025-07-11 17:00:00+00:00,115.7,38.48604651162791
2025-07-11 18:00:00+00:00,115.24,38.48604651162791
2025-07-11 19:00:00+00:00,108.79,38.48604651162791
2025-07-11 20:00:00+00:00,108.15,38.48604651162791
2025-07-11 21:00:00+00:00,107.31,38.48604651162791
2025-07-11 22:00:00+00:00,104.54,37.85116279069767
2025-07-11 23:00:00+00:00,100.72,37.85116279069767
2025-07-12 00:00:00+00:00,95.52,37.85116279069767
2025-07-12 01:00:00+00:00,91.96,37.85116279069767
2025-07-12 02:00:00+00:00,81.26,37.85116279069767
2025-07-12 03:00:00+00:00,38.98,37.85116279069767
2025-07-12 04:00:00+00:00,4.28,37.85116279069767
2025-07-12 05:00:00+00:00,0.05,37.85116279069767
2025-07-12 06:00:00+00:00,11.74,37.85116279069767
2025-07-12 07:00:00+00:00,81.64,37.85116279069767
2025-07-12 08:00:00+00:00,111.27,37.85116279069767
2025-07-12 09:00:00+00:00,123,37.85116279069767
2025-07-12 10:00:00+00:00,121.18,37.85116279069767
2025-07-12 11:00:00+00:00,126.38,37.85116279069767
2025-07-12 12:00:00+00:00,128.88,37.85116279069767
2025-07-12 13:00:00+00:00,126.94,37.85116279069767
2025-07-12 14:00:00+00:00,116.13,37.85116279069767
2025-07-12 15:00:00+00:00,113.94,37.85116279069767
2025-07-12 16:00:00+00:00,103.26,37.85116279069767
2025-07-12 17:00:00+00:00,97.53,37.85116279069767
2025-07-12 18:00:00+00:00,93.83,37.85116279069767
2025-07-12 19:00:00+00:00,97.68,37.85116279069767
2025-07-12 20:00:00+00:00,108.78,37.85116279069767
2025-07-12 21:00:00+00:00,118.6,37.85116279069767
2025-07-12 22:00:00+00:00,120.32,39.79302325581396
2025-07-12 23:00:00+00:00,105.86,39.79302325581396
2025-07-13 00:00:00+00:00,88.75,39.79302325581396
2025-07-13 01:00:00+00:00,81.45,39.79302325581396
2025-07-13 02:00:00+00:00,77.82,39.79302325581396
2025-07-13 03:00:00+00:00,71.89,39.79302325581396
2025-07-13 04:00:00+00:00,64.94,39.79302325581396
2025-07-13 05:00:00+00:00,71.27,39.79302325581396
2025-07-13 06:00:00+00:00,88.75,39.79302325581396
2025-07-13 07:00:00+00:00,89.08,39.79302325581396
2025-07-13 08:00:00+00:00,102.49,39.79302325581396
2025-07-13 09:00:00+00:00,154.02,39.79302325581396
2025-07-13 10:00:00+00:00,242.42,39.79302325581396
2025-07-13 11:00:00+00:00,296.45,39.79302325581396
2025-07-13 12:00:00+00:00,220.33,39.79302325581396
2025-07-13 13:00:00+00:00,135.28,39.79302325581396
2025-07-13 14:00:00+00:00,115.29,39.79302325581396
2025-07-13 15:00:00+00:00,113.59,39.79302325581396
2025-07-13 16:00:00+00:00,105.64,39.79302325581396
2025-07-13 17:00:00+00:00,92.82,39.79302325581396
2025-07-13 18:00:00+00:00,90.46,39.79302325581396
2025-07-13 19:00:00+00:00,90,39.79302325581396
2025-07-13 20:00:00+00:00,94.21,39.79302325581396
2025-07-13 21:00:00+00:00,111.39,39.79302325581396
2025-07-13 22:00:00+00:00,113.28,40.169767441860465
2025-07-13 23:00:00+00:00,106.79,40.169767441860465
2025-07-14 00:00:00+00:00,90.27,40.169767441860465
2025-07-14 01:00:00+00:00,76.28,40.169767441860465
2025-07-14 02:00:00+00:00,64.27,40.169767441860465
2025-07-14 03:00:00+00:00,61.14,40.169767441860465
2025-07-14 04:00:00+00:00,76.28,40.169767441860465
2025-07-14 05:00:00+00:00,75.19,40.169767441860465
2025-07-14 06:00:00+00:00,81.1,40.169767441860465
2025-07-14 07:00:00+00:00,94.33,40.169767441860465
2025-07-14 08:00:00+00:00,103.13,40.169767441860465
2025-07-14 09:00:00+00:00,152.27,40.169767441860465
2025-07-14 10:00:00+00:00,201.84,40.169767441860465
2025-07-14 11:00:00+00:00,210.72,40.169767441860465
2025-07-14 12:00:00+00:00,158.32,40.169767441860465
2025-07-14 13:00:00+00:00,120.76,40.169767441860465
2025-07-14 14:00:00+00:00,110.99,40.169767441860465
2025-07-14 15:00:00+00:00,100.33,40.169767441860465
2025-07-14 16:00:00+00:00,94.04,40.169767441860465
2025-07-14 17:00:00+00:00,91.36,40.169767441860465
2025-07-14 18:00:00+00:00,94,40.169767441860465
2025-07-14 19:00:00+00:00,93.14,40.169767441860465
2025-07-14 20:00:00+00:00,92.25,40.169767441860465
2025-07-14 21:00:00+00:00,106.31,40.169767441860465
2025-07-14 22:00:00+00:00,113.01,39.84651162790698
2025-07-14 23:00:00+00:00,111.73,39.84651162790698
2025-07-15 00:00:00+00:00,103.22,39.84651162790698
2025-07-15 01:00:00+00:00,84.33,39.84651162790698
2025-07-15 02:00:00+00:00,70,39.84651162790698
2025-07-15 03:00:00+00:00,64.99,39.84651162790698
2025-07-15 04:00:00+00:00,64.62,39.84651162790698
2025-07-15 05:00:00+00:00,64.33,39.84651162790698
2025-07-15 06:00:00+00:00,77.74,39.84651162790698
2025-07-15 07:00:00+00:00,82.25,39.84651162790698
2025-07-15 08:00:00+00:00,90.24,39.84651162790698
2025-07-15 09:00:00+00:00,114.09,39.84651162790698
2025-07-15 10:00:00+00:00,164.5,39.84651162790698
2025-07-15 11:00:00+00:00,192.54,39.84651162790698
2025-07-15 12:00:00+00:00,154.72,39.84651162790698
2025-07-15 13:00:00+00:00,125.21,39.84651162790698
2025-07-15 14:00:00+00:00,113.53,39.84651162790698
2025-07-15 15:00:00+00:00,108.16,39.84651162790698
2025-07-15 16:00:00+00:00,104.04,39.84651162790698
2025-07-15 17:00:00+00:00,95.54,39.84651162790698
2025-07-15 18:00:00+00:00,99.53,39.84651162790698
2025-07-15 19:00:00+00:00,100.68,39.84651162790698
2025-07-15 20:00:00+00:00,104.77,39.84651162790698
2025-07-15 21:00:00+00:00,121.7,39.84651162790698
2025-07-15 22:00:00+00:00,123.37,38.82790697674419
2025-07-15 23:00:00+00:00,105.92,38.82790697674419
2025-07-16 00:00:00+00:00,117.59,38.82790697674419
2025-07-16 01:00:00+00:00,110.98,38.82790697674419
2025-07-16 02:00:00+00:00,108.57,38.82790697674419
2025-07-16 03:00:00+00:00,102.52,38.82790697674419
2025-07-16 04:00:00+00:00,106.82,38.82790697674419
2025-07-16 05:00:00+00:00,111.51,38.82790697674419
2025-07-16 06:00:00+00:00,114.57,38.82790697674419
2025-07-16 07:00:00+00:00,113.56,38.82790697674419
2025-07-16 08:00:00+00:00,118.77,38.82790697674419
2025-07-16 09:00:00+00:00,152.27,38.82790697674419
2025-07-16 10:00:00+00:00,170.93,38.82790697674419
2025-07-16 11:00:00+00:00,182.37,38.82790697674419
2025-07-16 12:00:00+00:00,140.94,38.82790697674419
2025-07-16 13:00:00+00:00,125.07,38.82790697674419
2025-07-16 14:00:00+00:00,114.18,38.82790697674419
2025-07-16 15:00:00+00:00,111.05,38.82790697674419
2025-07-16 16:00:00+00:00,101.44,38.82790697674419
2025-07-16 17:00:00+00:00,98.72,38.82790697674419
2025-07-16 18:00:00+00:00,97.23,38.82790697674419
2025-07-16 19:00:00+00:00,98,38.82790697674419
2025-07-16 20:00:00+00:00,107.68,38.82790697674419
2025-07-16 21:00:00+00:00,121,38.82790697674419
2025-07-16 22:00:00+00:00,115.86,38.71627906976744
2025-07-16 23:00:00+00:00,109.4,38.71627906976744
2025-07-17 00:00:00+00:00,97.8,38.71627906976744
2025-07-17 01:00:00+00:00,87.31,38.71627906976744
2025-07-17 02:00:00+00:00,83.97,38.71627906976744
2025-07-17 03:00:00+00:00,81.26,38.71627906976744
2025-07-17 04:00:00+00:00,85.35,38.71627906976744
2025-07-17 05:00:00+00:00,87.68,38.71627906976744
2025-07-17 06:00:00+00:00,91.61,38.71627906976744
2025-07-17 07:00:00+00:00,94.62,38.71627906976744
2025-07-17 08:00:00+00:00,95.3,38.71627906976744
2025-07-17 09:00:00+00:00,117.67,38.71627906976744
2025-07-17 10:00:00+00:00,131.44,38.71627906976744
2025-07-17 11:00:00+00:00,154.98,38.71627906976744
2025-07-17 12:00:00+00:00,148.65,38.71627906976744
2025-07-17 13:00:00+00:00,127.32,38.71627906976744
2025-07-17 14:00:00+00:00,116.45,38.71627906976744
2025-07-17 15:00:00+00:00,112.86,38.71627906976744
2025-07-17 16:00:00+00:00,106.65,38.71627906976744
2025-07-17 17:00:00+00:00,104.71,38.71627906976744
2025-07-17 18:00:00+00:00,103.92,38.71627906976744
2025-07-17 19:00:00+00:00,98.83,38.71627906976744
2025-07-17 20:00:00+00:00,98.13,38.71627906976744
2025-07-17 21:00:00+00:00,97.61,38.71627906976744
2025-07-17 22:00:00+00:00,92.02,38.937209302325584
2025-07-17 23:00:00+00:00,87.57,38.937209302325584
2025-07-18 00:00:00+00:00,79.92,38.937209302325584
2025-07-18 01:00:00+00:00,27.93,38.937209302325584
2025-07-18 02:00:00+00:00,38.4,38.937209302325584
2025-07-18 03:00:00+00:00,14.74,38.937209302325584
2025-07-18 04:00:00+00:00,23.67,38.937209302325584
2025-07-18 05:00:00+00:00,27.92,38.937209302325584
2025-07-18 06:00:00+00:00,79.85,38.937209302325584
2025-07-18 07:00:00+00:00,87.58,38.937209302325584
2025-07-18 08:00:00+00:00,94.65,38.937209302325584
2025-07-18 09:00:00+00:00,114.76,38.937209302325584
2025-07-18 10:00:00+00:00,124.41,38.937209302325584
2025-07-18 11:00:00+00:00,133.98,38.937209302325584
2025-07-18 12:00:00+00:00,152.67,38.937209302325584
2025-07-18 13:00:00+00:00,123.51,38.937209302325584
2025-07-18 14:00:00+00:00,115.4,38.937209302325584
2025-07-18 15:00:00+00:00,114.36,38.937209302325584
2025-07-18 16:00:00+00:00,101.95,38.937209302325584
2025-07-18 17:00:00+00:00,102.63,38.937209302325584
2025-07-18 18:00:00+00:00,99.94,38.937209302325584
2025-07-18 19:00:00+00:00,100.17,38.937209302325584
2025-07-18 20:00:00+00:00,97.83,38.937209302325584
2025-07-18 21:00:00+00:00,95.7,38.937209302325584
2025-07-18 22:00:00+00:00,107.65,36.59534883720931
2025-07-18 23:00:00+00:00,86.71,36.59534883720931
2025-07-19 00:00:00+00:00,41.32,36.59534883720931
2025-07-19 01:00:00+00:00,7.83,36.59534883720931
2025-07-19 02:00:00+00:00,1.99,36.59534883720931
2025-07-19 03:00:00+00:00,-0.01,36.59534883720931
2025-07-19 04:00:00+00:00,8.7,36.59534883720931
2025-07-19 05:00:00+00:00,69.8,36.59534883720931
2025-07-19 06:00:00+00:00,94.83,36.59534883720931
2025-07-19 07:00:00+00:00,111.54,36.59534883720931
2025-07-19 08:00:00+00:00,121.47,36.59534883720931
2025-07-19 09:00:00+00:00,147.9,36.59534883720931
2025-07-19 10:00:00+00:00,164.72,36.59534883720931
2025-07-19 11:00:00+00:00,130.98,36.59534883720931
2025-07-19 12:00:00+00:00,110.39,36.59534883720931
2025-07-19 13:00:00+00:00,105.44,36.59534883720931
2025-07-19 14:00:00+00:00,100.4,36.59534883720931
2025-07-19 15:00:00+00:00,93.67,36.59534883720931
2025-07-19 16:00:00+00:00,94.06,36.59534883720931
2025-07-19 17:00:00+00:00,92.65,36.59534883720931
2025-07-19 18:00:00+00:00,96.47,36.59534883720931
2025-07-19 19:00:00+00:00,118.02,36.59534883720931
2025-07-19 20:00:00+00:00,125.28,36.59534883720931
2025-07-19 21:00:00+00:00,120.68,36.59534883720931
2025-07-19 22:00:00+00:00,106.25,35.98604651162791
2025-07-19 23:00:00+00:00,99.29,35.98604651162791
2025-07-20 00:00:00+00:00,94.71,35.98604651162791
2025-07-20 01:00:00+00:00,84.81,35.98604651162791
2025-07-20 02:00:00+00:00,83.36,35.98604651162791
2025-07-20 03:00:00+00:00,83.72,35.98604651162791
2025-07-20 04:00:00+00:00,85.76,35.98604651162791
2025-07-20 05:00:00+00:00,96.58,35.98604651162791
2025-07-20 06:00:00+00:00,106.06,35.98604651162791
2025-07-20 07:00:00+00:00,136.05,35.98604651162791
2025-07-20 08:00:00+00:00,165.35,35.98604651162791
2025-07-20 09:00:00+00:00,172.4,35.98604651162791
2025-07-20 10:00:00+00:00,132.09,35.98604651162791
2025-07-20 11:00:00+00:00,114.59,35.98604651162791
2025-07-20 12:00:00+00:00,101.53,35.98604651162791
2025-07-20 13:00:00+00:00,101.3,35.98604651162791
2025-07-20 14:00:00+00:00,102.18,35.98604651162791
2025-07-20 15:00:00+00:00,101.66,35.98604651162791
2025-07-20 16:00:00+00:00,101.97,35.98604651162791
2025-07-20 17:00:00+00:00,102.36,35.98604651162791
2025-07-20 18:00:00+00:00,100.83,35.98604651162791
2025-07-20 19:00:00+00:00,109.76,35.98604651162791
2025-07-20 20:00:00+00:00,109.67,35.98604651162791
2025-07-20 21:00:00+00:00,101.17,35.98604651162791
2025-07-20 22:00:00+00:00,94.23,36.77441860465116
2025-07-20 23:00:00+00:00,82.72,36.77441860465116
2025-07-21 00:00:00+00:00,69.5,36.77441860465116
2025-07-21 01:00:00+00:00,24.26,36.77441860465116
2025-07-21 02:00:00+00:00,8.48,36.77441860465116
2025-07-21 03:00:00+00:00,11.97,36.77441860465116
2025-07-21 04:00:00+00:00,29.26,36.77441860465116
2025-07-21 05:00:00+00:00,75.3,36.77441860465116
2025-07-21 06:00:00+00:00,94.59,36.77441860465116
2025-07-21 07:00:00+00:00,108.04,36.77441860465116
2025-07-21 08:00:00+00:00,142.53,36.77441860465116
2025-07-21 09:00:00+00:00,169.18,36.77441860465116
2025-07-21 10:00:00+00:00,142.06,36.77441860465116
2025-07-21 11:00:00+00:00,112.5,36.77441860465116
2025-07-21 12:00:00+00:00,101.45,36.77441860465116
2025-07-21 13:00:00+00:00,88.37,36.77441860465116
2025-07-21 14:00:00+00:00,93.07,36.77441860465116
2025-07-21 15:00:00+00:00,89.78,36.77441860465116
2025-07-21 16:00:00+00:00,93.07,36.77441860465116
2025-07-21 17:00:00+00:00,93.07,36.77441860465116
2025-07-21 18:00:00+00:00,89.75,36.77441860465116
2025-07-21 19:00:00+00:00,97.59,36.77441860465116
2025-07-21 20:00:00+00:00,102.94,36.77441860465116
2025-07-21 21:00:00+00:00,96.5,36.77441860465116
2025-07-21 22:00:00+00:00,78.26,37.33255813953488
2025-07-21 23:00:00+00:00,58.28,37.33255813953488
2025-07-22 00:00:00+00:00,39.02,37.33255813953488
2025-07-22 01:00:00+00:00,21.16,37.33255813953488
2025-07-22 02:00:00+00:00,22.19,37.33255813953488
2025-07-22 03:00:00+00:00,46.45,37.33255813953488
2025-07-22 04:00:00+00:00,74.67,37.33255813953488
2025-07-22 05:00:00+00:00,85.5,37.33255813953488
2025-07-22 06:00:00+00:00,88.81,37.33255813953488
2025-07-22 07:00:00+00:00,114.34,37.33255813953488
2025-07-22 08:00:00+00:00,190.72,37.33255813953488
2025-07-22 09:00:00+00:00,188.08,37.33255813953488
2025-07-22 10:00:00+00:00,153.43,37.33255813953488
2025-07-22 11:00:00+00:00,114.95,37.33255813953488
2025-07-22 12:00:00+00:00,102.94,37.33255813953488
2025-07-22 13:00:00+00:00,97.97,37.33255813953488
2025-07-22 14:00:00+00:00,94.86,37.33255813953488
2025-07-22 15:00:00+00:00,93.05,37.33255813953488
2025-07-22 16:00:00+00:00,92.56,37.33255813953488
2025-07-22 17:00:00+00:00,94.85,37.33255813953488
2025-07-22 18:00:00+00:00,95.26,37.33255813953488
2025-07-22 19:00:00+00:00,110.83,37.33255813953488
2025-07-22 20:00:00+00:00,116.37,37.33255813953488
2025-07-22 21:00:00+00:00,109.95,37.33255813953488
2025-07-22 22:00:00+00:00,96.37,36.972093023255816
2025-07-22 23:00:00+00:00,89.68,36.972093023255816
2025-07-23 00:00:00+00:00,84.92,36.972093023255816
2025-07-23 01:00:00+00:00,81.91,36.972093023255816
2025-07-23 02:00:00+00:00,75.47,36.972093023255816
2025-07-23 03:00:00+00:00,78.24,36.972093023255816
2025-07-23 04:00:00+00:00,70.44,36.972093023255816
2025-07-23 05:00:00+00:00,83.76,36.972093023255816
2025-07-23 06:00:00+00:00,111.85,36.972093023255816
2025-07-23 07:00:00+00:00,144.44,36.972093023255816
2025-07-23 08:00:00+00:00,201.89,36.972093023255816
2025-07-23 09:00:00+00:00,228.82,36.972093023255816
2025-07-23 10:00:00+00:00,166.1,36.972093023255816
2025-07-23 11:00:00+00:00,132.97,36.972093023255816
2025-07-23 12:00:00+00:00,112.79,36.972093023255816
2025-07-23 13:00:00+00:00,112.39,36.972093023255816
2025-07-23 14:00:00+00:00,104.28,36.972093023255816
2025-07-23 15:00:00+00:00,98.67,36.972093023255816
2025-07-23 16:00:00+00:00,96.22,36.972093023255816
2025-07-23 17:00:00+00:00,99.11,36.972093023255816
2025-07-23 18:00:00+00:00,101.92,36.972093023255816
2025-07-23 19:00:00+00:00,111.87,36.972093023255816
2025-07-23 20:00:00+00:00,113.07,36.972093023255816
2025-07-23 21:00:00+00:00,111.18,36.972093023255816
2025-07-23 22:00:00+00:00,112.2,37.05348837209303
2025-07-23 23:00:00+00:00,99.01,37.05348837209303
2025-07-24 00:00:00+00:00,91.98,37.05348837209303
2025-07-24 01:00:00+00:00,85.46,37.05348837209303
2025-07-24 02:00:00+00:00,90.06,37.05348837209303
2025-07-24 03:00:00+00:00,94.86,37.05348837209303
2025-07-24 04:00:00+00:00,94.76,37.05348837209303
2025-07-24 05:00:00+00:00,97.82,37.05348837209303
2025-07-24 06:00:00+00:00,101.97,37.05348837209303
2025-07-24 07:00:00+00:00,150.49,37.05348837209303
2025-07-24 08:00:00+00:00,195.59,37.05348837209303
2025-07-24 09:00:00+00:00,224.09,37.05348837209303
2025-07-24 10:00:00+00:00,171.06,37.05348837209303
2025-07-24 11:00:00+00:00,133.85,37.05348837209303
2025-07-24 12:00:00+00:00,113.66,37.05348837209303
2025-07-24 13:00:00+00:00,119.84,37.05348837209303
2025-07-24 14:00:00+00:00,111.91,37.05348837209303
2025-07-24 15:00:00+00:00,105.74,37.05348837209303
2025-07-24 16:00:00+00:00,111.41,37.05348837209303
2025-07-24 17:00:00+00:00,106.21,37.05348837209303
2025-07-24 18:00:00+00:00,112.5,37.05348837209303
2025-07-24 19:00:00+00:00,113.09,37.05348837209303
2025-07-24 20:00:00+00:00,113.73,37.05348837209303
2025-07-24 21:00:00+00:00,100.73,37.05348837209303
2025-07-24 22:00:00+00:00,86.63,36.467441860465115
2025-07-24 23:00:00+00:00,80.5,36.467441860465115
2025-07-25 00:00:00+00:00,76.1,36.467441860465115
2025-07-25 01:00:00+00:00,67.13,36.467441860465115
2025-07-25 02:00:00+00:00,47,36.467441860465115
2025-07-25 03:00:00+00:00,53.07,36.467441860465115
2025-07-25 04:00:00+00:00,72.08,36.467441860465115
2025-07-25 05:00:00+00:00,96.43,36.467441860465115
2025-07-25 06:00:00+00:00,122.21,36.467441860465115
2025-07-25 07:00:00+00:00,147.57,36.467441860465115
2025-07-25 08:00:00+00:00,128.05,36.467441860465115
2025-07-25 09:00:00+00:00,150.84,36.467441860465115
2025-07-25 10:00:00+00:00,143.68,36.467441860465115
2025-07-25 11:00:00+00:00,120.68,36.467441860465115
2025-07-25 12:00:00+00:00,115.19,36.467441860465115
2025-07-25 13:00:00+00:00,102.71,36.467441860465115
2025-07-25 14:00:00+00:00,97.09,36.467441860465115
2025-07-25 15:00:00+00:00,92.38,36.467441860465115
2025-07-25 16:00:00+00:00,89.85,36.467441860465115
2025-07-25 17:00:00+00:00,90.74,36.467441860465115
2025-07-25 18:00:00+00:00,89.65,36.467441860465115
2025-07-25 19:00:00+00:00,89.08,36.467441860465115
2025-07-25 20:00:00+00:00,88.31,36.467441860465115
2025-07-25 21:00:00+00:00,97.96,36.467441860465115
2025-07-25 22:00:00+00:00,95.37,34.08139534883721
2025-07-25 23:00:00+00:00,96.82,34.08139534883721
2025-07-26 00:00:00+00:00,96.41,34.08139534883721
2025-07-26 01:00:00+00:00,95.43,34.08139534883721
2025-07-26 02:00:00+00:00,96.27,34.08139534883721
2025-07-26 03:00:00+00:00,104.62,34.08139534883721
2025-07-26 04:00:00+00:00,98.35,34.08139534883721
2025-07-26 05:00:00+00:00,111.75,34.08139534883721
2025-07-26 06:00:00+00:00,106.96,34.08139534883721
2025-07-26 07:00:00+00:00,107.14,34.08139534883721
2025-07-26 08:00:00+00:00,106.65,34.08139534883721
2025-07-26 09:00:00+00:00,129.97,34.08139534883721
2025-07-26 10:00:00+00:00,136.84,34.08139534883721
2025-07-26 11:00:00+00:00,126.83,34.08139534883721
2025-07-26 12:00:00+00:00,109.3,34.08139534883721
2025-07-26 13:00:00+00:00,97.95,34.08139534883721
2025-07-26 14:00:00+00:00,87.44,34.08139534883721
2025-07-26 15:00:00+00:00,92.06,34.08139534883721
2025-07-26 16:00:00+00:00,91.81,34.08139534883721
2025-07-26 17:00:00+00:00,95.43,34.08139534883721
2025-07-26 18:00:00+00:00,90.01,34.08139534883721
2025-07-26 19:00:00+00:00,108.5,34.08139534883721
2025-07-26 20:00:00+00:00,119.43,34.08139534883721
2025-07-26 21:00:00+00:00,118.56,34.08139534883721
2025-07-26 22:00:00+00:00,129.09,34.70697674418605
2025-07-26 23:00:00+00:00,106.38,34.70697674418605
2025-07-27 00:00:00+00:00,103.49,34.70697674418605
2025-07-27 01:00:00+00:00,95.43,34.70697674418605
2025-07-27 02:00:00+00:00,84.54,34.70697674418605
2025-07-27 03:00:00+00:00,82.87,34.70697674418605
2025-07-27 04:00:00+00:00,83.5,34.70697674418605
2025-07-27 05:00:00+00:00,83.2,34.70697674418605
2025-07-27 06:00:00+00:00,93.11,34.70697674418605
2025-07-27 07:00:00+00:00,110.55,34.70697674418605
2025-07-27 08:00:00+00:00,124.21,34.70697674418605
2025-07-27 09:00:00+00:00,134.94,34.70697674418605
2025-07-27 10:00:00+00:00,129.03,34.70697674418605
2025-07-27 11:00:00+00:00,110.25,34.70697674418605
2025-07-27 12:00:00+00:00,92.61,34.70697674418605
2025-07-27 13:00:00+00:00,87.94,34.70697674418605
2025-07-27 14:00:00+00:00,85.71,34.70697674418605
2025-07-27 15:00:00+00:00,84.46,34.70697674418605
2025-07-27 16:00:00+00:00,83.79,34.70697674418605
2025-07-27 17:00:00+00:00,85.94,34.70697674418605
2025-07-27 18:00:00+00:00,95.18,34.70697674418605
2025-07-27 19:00:00+00:00,101.75,34.70697674418605
2025-07-27 20:00:00+00:00,109.11,34.70697674418605
2025-07-27 21:00:00+00:00,97.53,34.70697674418605
2025-07-27 22:00:00+00:00,81.8,35.734883720930235
2025-07-27 23:00:00+00:00,68.39,35.734883720930235
2025-07-28 00:00:00+00:00,53.93,35.734883720930235
2025-07-28 01:00:00+00:00,23.48,35.734883720930235
2025-07-28 02:00:00+00:00,7.48,35.734883720930235
2025-07-28 03:00:00+00:00,13.59,35.734883720930235
2025-07-28 04:00:00+00:00,24.68,35.734883720930235
2025-07-28 05:00:00+00:00,70.67,35.734883720930235
2025-07-28 06:00:00+00:00,92.37,35.734883720930235
2025-07-28 07:00:00+00:00,112.59,35.734883720930235
2025-07-28 08:00:00+00:00,146.24,35.734883720930235
2025-07-28 09:00:00+00:00,190.44,35.734883720930235
2025-07-28 10:00:00+00:00,137.14,35.734883720930235
2025-07-28 11:00:00+00:00,115.47,35.734883720930235
2025-07-28 12:00:00+00:00,104.05,35.734883720930235
2025-07-28 13:00:00+00:00,95.9,35.734883720930235
2025-07-28 14:00:00+00:00,91.85,35.734883720930235
2025-07-28 15:00:00+00:00,93.47,35.734883720930235
2025-07-28 16:00:00+00:00,94.69,35.734883720930235
2025-07-28 17:00:00+00:00,93.55,35.734883720930235
2025-07-28 18:00:00+00:00,96.75,35.734883720930235
2025-07-28 19:00:00+00:00,103.12,35.734883720930235
2025-07-28 20:00:00+00:00,99.34,35.734883720930235
2025-07-28 21:00:00+00:00,91.78,35.734883720930235
2025-07-28 22:00:00+00:00,73.82,35.95348837209303
2025-07-28 23:00:00+00:00,58.59,35.95348837209303
2025-07-29 00:00:00+00:00,40.44,35.95348837209303
2025-07-29 01:00:00+00:00,24.79,35.95348837209303
2025-07-29 02:00:00+00:00,17.69,35.95348837209303
2025-07-29 03:00:00+00:00,46.74,35.95348837209303
2025-07-29 04:00:00+00:00,42.96,35.95348837209303
2025-07-29 05:00:00+00:00,59.58,35.95348837209303
2025-07-29 06:00:00+00:00,82.28,35.95348837209303
2025-07-29 07:00:00+00:00,116.37,35.95348837209303
2025-07-29 08:00:00+00:00,155.09,35.95348837209303
2025-07-29 09:00:00+00:00,192.39,35.95348837209303
2025-07-29 10:00:00+00:00,154.13,35.95348837209303
2025-07-29 11:00:00+00:00,116.2,35.95348837209303
2025-07-29 12:00:00+00:00,104.17,35.95348837209303
2025-07-29 13:00:00+00:00,106.33,35.95348837209303
2025-07-29 14:00:00+00:00,101.57,35.95348837209303
2025-07-29 15:00:00+00:00,97.36,35.95348837209303
2025-07-29 16:00:00+00:00,97.36,35.95348837209303
2025-07-29 17:00:00+00:00,95.24,35.95348837209303
2025-07-29 18:00:00+00:00,96.92,35.95348837209303
2025-07-29 19:00:00+00:00,108.1,35.95348837209303
2025-07-29 20:00:00+00:00,101.22,35.95348837209303
2025-07-29 21:00:00+00:00,94,35.95348837209303
2025-07-29 22:00:00+00:00,91.28,37.318604651162794
2025-07-29 23:00:00+00:00,73.72,37.318604651162794
2025-07-30 00:00:00+00:00,71.5,37.318604651162794
2025-07-30 01:00:00+00:00,62.18,37.318604651162794
2025-07-30 02:00:00+00:00,60.5,37.318604651162794
2025-07-30 03:00:00+00:00,80.04,37.318604651162794
2025-07-30 04:00:00+00:00,94.02,37.318604651162794
2025-07-30 05:00:00+00:00,97.07,37.318604651162794
2025-07-30 06:00:00+00:00,91.22,37.318604651162794
2025-07-30 07:00:00+00:00,112.38,37.318604651162794
2025-07-30 08:00:00+00:00,136.97,37.318604651162794
2025-07-30 09:00:00+00:00,155.51,37.318604651162794
2025-07-30 10:00:00+00:00,134,37.318604651162794
2025-07-30 11:00:00+00:00,123.64,37.318604651162794
2025-07-30 12:00:00+00:00,103.02,37.318604651162794
2025-07-30 13:00:00+00:00,105.42,37.318604651162794
2025-07-30 14:00:00+00:00,98.71,37.318604651162794
2025-07-30 15:00:00+00:00,92.01,37.318604651162794
2025-07-30 16:00:00+00:00,88.72,37.318604651162794
2025-07-30 17:00:00+00:00,94.26,37.318604651162794
2025-07-30 18:00:00+00:00,101.03,37.318604651162794
2025-07-30 19:00:00+00:00,106.79,37.318604651162794
2025-07-30 20:00:00+00:00,110.31,37.318604651162794
2025-07-30 21:00:00+00:00,106.22,37.318604651162794
2025-07-30 22:00:00+00:00,98.89,37.83720930232558
2025-07-30 23:00:00+00:00,78.2,37.83720930232558
2025-07-31 00:00:00+00:00,73.03,37.83720930232558
2025-07-31 01:00:00+00:00,72.15,37.83720930232558
2025-07-31 02:00:00+00:00,76.09,37.83720930232558
2025-07-31 03:00:00+00:00,79.65,37.83720930232558
2025-07-31 04:00:00+00:00,88.15,37.83720930232558
2025-07-31 05:00:00+00:00,83.98,37.83720930232558
2025-07-31 06:00:00+00:00,90.73,37.83720930232558
2025-07-31 07:00:00+00:00,117.13,37.83720930232558
2025-07-31 08:00:00+00:00,144.64,37.83720930232558
2025-07-31 09:00:00+00:00,153.66,37.83720930232558
2025-07-31 10:00:00+00:00,142.84,37.83720930232558
2025-07-31 11:00:00+00:00,117.39,37.83720930232558
2025-07-31 12:00:00+00:00,105.05,37.83720930232558
2025-07-31 13:00:00+00:00,106.8,37.83720930232558
2025-07-31 14:00:00+00:00,101.79,37.83720930232558
2025-07-31 15:00:00+00:00,98.16,37.83720930232558
2025-07-31 16:00:00+00:00,99.26,37.83720930232558
2025-07-31 17:00:00+00:00,99.26,37.83720930232558
2025-07-31 18:00:00+00:00,91.19,37.83720930232558
2025-07-31 19:00:00+00:00,89.78,37.83720930232558
2025-07-31 20:00:00+00:00,93.42,37.83720930232558
2025-07-31 21:00:00+00:00,105.12,37.83720930232558
2025-07-31 22:00:00+00:00,61.77,38.32558139534884
2025-07-31 23:00:00+00:00,31.62,38.32558139534884
2025-08-01 00:00:00+00:00,5.68,38.32558139534884
2025-08-01 01:00:00+00:00,2.95,38.32558139534884
2025-08-01 02:00:00+00:00,1.18,38.32558139534884
2025-08-01 03:00:00+00:00,81.27,38.32558139534884
2025-08-01 04:00:00+00:00,101.43,38.32558139534884
2025-08-01 05:00:00+00:00,115.79,38.32558139534884
2025-08-01 06:00:00+00:00,110.94,38.32558139534884
2025-08-01 07:00:00+00:00,125.91,38.32558139534884
2025-08-01 08:00:00+00:00,144.05,38.32558139534884
2025-08-01 09:00:00+00:00,119.98,38.32558139534884
2025-08-01 10:00:00+00:00,109.08,38.32558139534884
2025-08-01 11:00:00+00:00,95.7,38.32558139534884
2025-08-01 12:00:00+00:00,87.9,38.32558139534884
2025-08-01 13:00:00+00:00,77.69,38.32558139534884
2025-08-01 14:00:00+00:00,71.83,38.32558139534884
2025-08-01 15:00:00+00:00,69.26,38.32558139534884
2025-08-01 16:00:00+00:00,66.37,38.32558139534884
2025-08-01 17:00:00+00:00,74.78,38.32558139534884
2025-08-01 18:00:00+00:00,75.99,38.32558139534884
2025-08-01 19:00:00+00:00,96.71,38.32558139534884
2025-08-01 20:00:00+00:00,98.83,38.32558139534884
2025-08-01 21:00:00+00:00,88.83,38.32558139534884
2025-08-01 22:00:00+00:00,75.29,36.990697674418605
2025-08-01 23:00:00+00:00,53.04,36.990697674418605
2025-08-02 00:00:00+00:00,65,36.990697674418605
2025-08-02 01:00:00+00:00,76.38,36.990697674418605
2025-08-02 02:00:00+00:00,91.24,36.990697674418605
2025-08-02 03:00:00+00:00,91.5,36.990697674418605
2025-08-02 04:00:00+00:00,89.71,36.990697674418605
2025-08-02 05:00:00+00:00,95.64,36.990697674418605
2025-08-02 06:00:00+00:00,86.49,36.990697674418605
2025-08-02 07:00:00+00:00,96.02,36.990697674418605
2025-08-02 08:00:00+00:00,114.43,36.990697674418605
2025-08-02 09:00:00+00:00,105.22,36.990697674418605
2025-08-02 10:00:00+00:00,102.03,36.990697674418605
2025-08-02 11:00:00+00:00,85.09,36.990697674418605
2025-08-02 12:00:00+00:00,82.54,36.990697674418605
2025-08-02 13:00:00+00:00,77.78,36.990697674418605
2025-08-02 14:00:00+00:00,70.18,36.990697674418605
2025-08-02 15:00:00+00:00,74.58,36.990697674418605
2025-08-02 16:00:00+00:00,75.7,36.990697674418605
2025-08-02 17:00:00+00:00,83.47,36.990697674418605
2025-08-02 18:00:00+00:00,95.93,36.990697674418605
2025-08-02 19:00:00+00:00,102.46,36.990697674418605
2025-08-02 20:00:00+00:00,99.27,36.990697674418605
2025-08-02 21:00:00+00:00,102.96,36.990697674418605
2025-08-02 22:00:00+00:00,87.03,36.762790697674426
2025-08-02 23:00:00+00:00,80.67,36.762790697674426
2025-08-03 00:00:00+00:00,85.02,36.762790697674426
2025-08-03 01:00:00+00:00,84.45,36.762790697674426
2025-08-03 02:00:00+00:00,83.55,36.762790697674426
2025-08-03 03:00:00+00:00,84.24,36.762790697674426
2025-08-03 04:00:00+00:00,85.21,36.762790697674426
2025-08-03 05:00:00+00:00,93.02,36.762790697674426
2025-08-03 06:00:00+00:00,124.06,36.762790697674426
2025-08-03 07:00:00+00:00,163.8,36.762790697674426
2025-08-03 08:00:00+00:00,189.6,36.762790697674426
2025-08-03 09:00:00+00:00,144.12,36.762790697674426
2025-08-03 10:00:00+00:00,104.45,36.762790697674426
2025-08-03 11:00:00+00:00,101.7,36.762790697674426
2025-08-03 12:00:00+00:00,84.45,36.762790697674426
2025-08-03 13:00:00+00:00,86.94,36.762790697674426
2025-08-03 14:00:00+00:00,83.76,36.762790697674426
2025-08-03 15:00:00+00:00,81.84,36.762790697674426
2025-08-03 16:00:00+00:00,81.84,36.762790697674426
2025-08-03 17:00:00+00:00,85,36.762790697674426
2025-08-03 18:00:00+00:00,94.04,36.762790697674426
2025-08-03 19:00:00+00:00,95.35,36.762790697674426
2025-08-03 20:00:00+00:00,93.2,36.762790697674426
2025-08-03 21:00:00+00:00,77.63,36.762790697674426
2025-08-03 22:00:00+00:00,64.16,37.20697674418605
2025-08-03 23:00:00+00:00,39.59,37.20697674418605
2025-08-04 00:00:00+00:00,69.16,37.20697674418605
2025-08-04 01:00:00+00:00,86.61,37.20697674418605
2025-08-04 02:00:00+00:00,90.06,37.20697674418605
2025-08-04 03:00:00+00:00,95.31,37.20697674418605
2025-08-04 04:00:00+00:00,98.33,37.20697674418605
2025-08-04 05:00:00+00:00,111.77,37.20697674418605
2025-08-04 06:00:00+00:00,135.85,37.20697674418605
2025-08-04 07:00:00+00:00,165.21,37.20697674418605
2025-08-04 08:00:00+00:00,170.26,37.20697674418605
2025-08-04 09:00:00+00:00,115.6,37.20697674418605
2025-08-04 10:00:00+00:00,101.77,37.20697674418605
2025-08-04 11:00:00+00:00,85.06,37.20697674418605
2025-08-04 12:00:00+00:00,114.41,37.20697674418605
2025-08-04 13:00:00+00:00,109.21,37.20697674418605
2025-08-04 14:00:00+00:00,99.57,37.20697674418605
2025-08-04 15:00:00+00:00,95.19,37.20697674418605
2025-08-04 16:00:00+00:00,94.93,37.20697674418605
2025-08-04 17:00:00+00:00,98.08,37.20697674418605
2025-08-04 18:00:00+00:00,115.49,37.20697674418605
2025-08-04 19:00:00+00:00,113.63,37.20697674418605
2025-08-04 20:00:00+00:00,83.88,37.20697674418605
2025-08-04 21:00:00+00:00,27.75,37.20697674418605
2025-08-04 22:00:00+00:00,-0.01,37.3093023255814
2025-08-04 23:00:00+00:00,-0.69,37.3093023255814
2025-08-05 00:00:00+00:00,-2.45,37.3093023255814
2025-08-05 01:00:00+00:00,-4.38,37.3093023255814
2025-08-05 02:00:00+00:00,-1.94,37.3093023255814
2025-08-05 03:00:00+00:00,9.82,37.3093023255814
2025-08-05 04:00:00+00:00,22.53,37.3093023255814
2025-08-05 05:00:00+00:00,85.07,37.3093023255814
2025-08-05 06:00:00+00:00,114.59,37.3093023255814
2025-08-05 07:00:00+00:00,122.38,37.3093023255814
2025-08-05 08:00:00+00:00,175.88,37.3093023255814
2025-08-05 09:00:00+00:00,157.78,37.3093023255814
2025-08-05 10:00:00+00:00,110,37.3093023255814
2025-08-05 11:00:00+00:00,101.71,37.3093023255814
2025-08-05 12:00:00+00:00,97.76,37.3093023255814
2025-08-05 13:00:00+00:00,98.09,37.3093023255814
2025-08-05 14:00:00+00:00,94.1,37.3093023255814
2025-08-05 15:00:00+00:00,94.1,37.3093023255814
2025-08-05 16:00:00+00:00,92.81,37.3093023255814
2025-08-05 17:00:00+00:00,95.38,37.3093023255814
2025-08-05 18:00:00+00:00,110.91,37.3093023255814
2025-08-05 19:00:00+00:00,106.26,37.3093023255814
2025-08-05 20:00:00+00:00,105.07,37.3093023255814
2025-08-05 21:00:00+00:00,52.54,37.3093023255814
2025-08-05 22:00:00+00:00,7.23,37.67906976744187
2025-08-05 23:00:00+00:00,-0.14,37.67906976744187
2025-08-06 00:00:00+00:00,-2.61,37.67906976744187
2025-08-06 01:00:00+00:00,0.12,37.67906976744187
2025-08-06 02:00:00+00:00,65.01,37.67906976744187
2025-08-06 03:00:00+00:00,86.64,37.67906976744187
2025-08-06 04:00:00+00:00,86.27,37.67906976744187
2025-08-06 05:00:00+00:00,116.75,37.67906976744187
2025-08-06 06:00:00+00:00,139.74,37.67906976744187
2025-08-06 07:00:00+00:00,159.93,37.67906976744187
2025-08-06 08:00:00+00:00,129.04,37.67906976744187
2025-08-06 09:00:00+00:00,110,37.67906976744187
2025-08-06 10:00:00+00:00,101.28,37.67906976744187
2025-08-06 11:00:00+00:00,94.82,37.67906976744187
2025-08-06 12:00:00+00:00,90.63,37.67906976744187
2025-08-06 13:00:00+00:00,87.08,37.67906976744187
2025-08-06 14:00:00+00:00,84.02,37.67906976744187
2025-08-06 15:00:00+00:00,82.3,37.67906976744187
2025-08-06 16:00:00+00:00,91.71,37.67906976744187
2025-08-06 17:00:00+00:00,101.48,37.67906976744187
2025-08-06 18:00:00+00:00,103.63,37.67906976744187
2025-08-06 19:00:00+00:00,94.78,37.67906976744187
2025-08-06 20:00:00+00:00,103.91,37.67906976744187
2025-08-06 21:00:00+00:00,77.47,37.67906976744187
2025-08-06 22:00:00+00:00,70.45,37.8093023255814
2025-08-06 23:00:00+00:00,64.97,37.8093023255814
2025-08-07 00:00:00+00:00,46.8,37.8093023255814
2025-08-07 01:00:00+00:00,51.52,37.8093023255814
2025-08-07 02:00:00+00:00,64.47,37.8093023255814
2025-08-07 03:00:00+00:00,84.83,37.8093023255814
2025-08-07 04:00:00+00:00,90.61,37.8093023255814
2025-08-07 05:00:00+00:00,114.15,37.8093023255814
2025-08-07 06:00:00+00:00,150.16,37.8093023255814
2025-08-07 07:00:00+00:00,190.47,37.8093023255814
2025-08-07 08:00:00+00:00,159.51,37.8093023255814
2025-08-07 09:00:00+00:00,123.86,37.8093023255814
2025-08-07 10:00:00+00:00,109.28,37.8093023255814
2025-08-07 11:00:00+00:00,103.47,37.8093023255814
2025-08-07 12:00:00+00:00,103.47,37.8093023255814
2025-08-07 13:00:00+00:00,102.83,37.8093023255814
2025-08-07 14:00:00+00:00,100.99,37.8093023255814
2025-08-07 15:00:00+00:00,100.53,37.8093023255814
2025-08-07 16:00:00+00:00,100.53,37.8093023255814
2025-08-07 17:00:00+00:00,99.73,37.8093023255814
2025-08-07 18:00:00+00:00,94.89,37.8093023255814
2025-08-07 19:00:00+00:00,94.18,37.8093023255814
2025-08-07 20:00:00+00:00,23.49,37.8093023255814
2025-08-07 21:00:00+00:00,-0.02,37.8093023255814
2025-08-07 22:00:00+00:00,-1,37.018604651162796
2025-08-07 23:00:00+00:00,-8.37,37.018604651162796
2025-08-08 00:00:00+00:00,-15.96,37.018604651162796
2025-08-08 01:00:00+00:00,-15.36,37.018604651162796
2025-08-08 02:00:00+00:00,-3.48,37.018604651162796
2025-08-08 03:00:00+00:00,73.28,37.018604651162796
2025-08-08 04:00:00+00:00,108.86,37.018604651162796
2025-08-08 05:00:00+00:00,108.2,37.018604651162796
2025-08-08 06:00:00+00:00,137.27,37.018604651162796
2025-08-08 07:00:00+00:00,146.34,37.018604651162796
2025-08-08 08:00:00+00:00,124.92,37.018604651162796
2025-08-08 09:00:00+00:00,111.56,37.018604651162796
2025-08-08 10:00:00+00:00,101.44,37.018604651162796
2025-08-08 11:00:00+00:00,84.99,37.018604651162796
2025-08-08 12:00:00+00:00,83.67,37.018604651162796
2025-08-08 13:00:00+00:00,83.79,37.018604651162796
2025-08-08 14:00:00+00:00,82.25,37.018604651162796
2025-08-08 15:00:00+00:00,82.6,37.018604651162796
2025-08-08 16:00:00+00:00,84.75,37.018604651162796
2025-08-08 17:00:00+00:00,83.08,37.018604651162796
2025-08-08 18:00:00+00:00,72.51,37.018604651162796
2025-08-08 19:00:00+00:00,26.38,37.018604651162796
2025-08-08 20:00:00+00:00,-0.01,37.018604651162796
2025-08-08 21:00:00+00:00,-3.29,37.018604651162796
2025-08-08 22:00:00+00:00,-15.6,36.204651162790704
2025-08-08 23:00:00+00:00,-39.44,36.204651162790704
2025-08-09 00:00:00+00:00,-61.52,36.204651162790704
2025-08-09 01:00:00+00:00,-52.63,36.204651162790704
2025-08-09 02:00:00+00:00,-21.12,36.204651162790704
2025-08-09 03:00:00+00:00,-2.48,36.204651162790704
2025-08-09 04:00:00+00:00,0.61,36.204651162790704
2025-08-09 05:00:00+00:00,85.94,36.204651162790704
2025-08-09 06:00:00+00:00,112.88,36.204651162790704
2025-08-09 07:00:00+00:00,125.83,36.204651162790704
2025-08-09 08:00:00+00:00,121.56,36.204651162790704
2025-08-09 09:00:00+00:00,107.38,36.204651162790704
2025-08-09 10:00:00+00:00,99.19,36.204651162790704
2025-08-09 11:00:00+00:00,101.98,36.204651162790704
2025-08-09 12:00:00+00:00,93.75,36.204651162790704
2025-08-09 13:00:00+00:00,88.83,36.204651162790704
2025-08-09 14:00:00+00:00,86.5,36.204651162790704
2025-08-09 15:00:00+00:00,94.7,36.204651162790704
2025-08-09 16:00:00+00:00,106.06,36.204651162790704
2025-08-09 17:00:00+00:00,133.21,36.204651162790704
2025-08-09 18:00:00+00:00,132.94,36.204651162790704
2025-08-09 19:00:00+00:00,105,36.204651162790704
2025-08-09 20:00:00+00:00,61.34,36.204651162790704
2025-08-09 21:00:00+00:00,24.31,36.204651162790704
2025-08-09 22:00:00+00:00,2.54,35.23255813953489
2025-08-09 23:00:00+00:00,10.44,35.23255813953489
2025-08-10 00:00:00+00:00,70.84,35.23255813953489
2025-08-10 01:00:00+00:00,95.4,35.23255813953489
2025-08-10 02:00:00+00:00,121.31,35.23255813953489
2025-08-10 03:00:00+00:00,186.35,35.23255813953489
2025-08-10 04:00:00+00:00,258.49,35.23255813953489
2025-08-10 05:00:00+00:00,142.2,35.23255813953489
2025-08-10 06:00:00+00:00,108.87,35.23255813953489
2025-08-10 07:00:00+00:00,96,35.23255813953489
2025-08-10 08:00:00+00:00,93,35.23255813953489
2025-08-10 09:00:00+00:00,89.67,35.23255813953489
2025-08-10 10:00:00+00:00,85.41,35.23255813953489
2025-08-10 11:00:00+00:00,85.37,35.23255813953489
2025-08-10 12:00:00+00:00,87.13,35.23255813953489
2025-08-10 13:00:00+00:00,94.99,35.23255813953489
2025-08-10 14:00:00+00:00,108.46,35.23255813953489
2025-08-10 15:00:00+00:00,105.36,35.23255813953489
2025-08-10 16:00:00+00:00,98.2,35.23255813953489
2025-08-10 17:00:00+00:00,85.79,35.23255813953489
2025-08-10 18:00:00+00:00,42.23,35.23255813953489
2025-08-10 19:00:00+00:00,24.37,35.23255813953489
2025-08-10 20:00:00+00:00,8.38,35.23255813953489
2025-08-10 21:00:00+00:00,3,35.23255813953489
2025-08-10 22:00:00+00:00,5.15,36.07209302325582
2025-08-10 23:00:00+00:00,35.05,36.07209302325582
2025-08-11 00:00:00+00:00,85.15,36.07209302325582
2025-08-11 01:00:00+00:00,100.66,36.07209302325582
2025-08-11 02:00:00+00:00,137.23,36.07209302325582
2025-08-11 03:00:00+00:00,222.15,36.07209302325582
2025-08-11 04:00:00+00:00,294.17,36.07209302325582
2025-08-11 05:00:00+00:00,157.56,36.07209302325582
2025-08-11 06:00:00+00:00,114.27,36.07209302325582
2025-08-11 07:00:00+00:00,97.96,36.07209302325582
2025-08-11 08:00:00+00:00,97.08,36.07209302325582
2025-08-11 09:00:00+00:00,90,36.07209302325582
2025-08-11 10:00:00+00:00,88.65,36.07209302325582
2025-08-11 11:00:00+00:00,87.16,36.07209302325582
2025-08-11 12:00:00+00:00,87.99,36.07209302325582
2025-08-11 13:00:00+00:00,94,36.07209302325582
2025-08-11 14:00:00+00:00,109.09,36.07209302325582
2025-08-11 15:00:00+00:00,107.88,36.07209302325582
2025-08-11 16:00:00+00:00,104.93,36.07209302325582
2025-08-11 17:00:00+00:00,77.9,36.07209302325582
2025-08-11 18:00:00+00:00,47.12,36.07209302325582
2025-08-11 19:00:00+00:00,40.32,36.07209302325582
2025-08-11 20:00:00+00:00,23.64,36.07209302325582
2025-08-11 21:00:00+00:00,18.48,36.07209302325582
2025-08-11 22:00:00+00:00,41.42,36.56976744186046
2025-08-11 23:00:00+00:00,70.9,36.56976744186046
2025-08-12 00:00:00+00:00,85.48,36.56976744186046
2025-08-12 01:00:00+00:00,96.64,36.56976744186046
2025-08-12 02:00:00+00:00,138.44,36.56976744186046
2025-08-12 03:00:00+00:00,227.6,36.56976744186046
2025-08-12 04:00:00+00:00,260.92,36.56976744186046
2025-08-12 05:00:00+00:00,154.87,36.56976744186046
2025-08-12 06:00:00+00:00,123.21,36.56976744186046
2025-08-12 07:00:00+00:00,106.27,36.56976744186046
2025-08-12 08:00:00+00:00,98.1,36.56976744186046
2025-08-12 09:00:00+00:00,95.76,36.56976744186046
2025-08-12 10:00:00+00:00,94.82,36.56976744186046
2025-08-12 11:00:00+00:00,94.82,36.56976744186046
2025-08-12 12:00:00+00:00,94.78,36.56976744186046
2025-08-12 13:00:00+00:00,98.57,36.56976744186046
2025-08-12 14:00:00+00:00,111.99,36.56976744186046
2025-08-12 15:00:00+00:00,110.45,36.56976744186046
2025-08-12 16:00:00+00:00,100.15,36.56976744186046
2025-08-12 17:00:00+00:00,91.77,36.56976744186046
2025-08-12 18:00:00+00:00,78.46,36.56976744186046
2025-08-12 19:00:00+00:00,67.35,36.56976744186046
2025-08-12 20:00:00+00:00,52.83,36.56976744186046
2025-08-12 21:00:00+00:00,41.58,36.56976744186046
2025-08-12 22:00:00+00:00,54.9,36.40232558139535
2025-08-12 23:00:00+00:00,69.43,36.40232558139535
2025-08-13 00:00:00+00:00,95.75,36.40232558139535
2025-08-13 01:00:00+00:00,108.22,36.40232558139535
2025-08-13 02:00:00+00:00,152.46,36.40232558139535
2025-08-13 03:00:00+00:00,250.08,36.40232558139535
2025-08-13 04:00:00+00:00,285.27,36.40232558139535
2025-08-13 05:00:00+00:00,155.82,36.40232558139535
2025-08-13 06:00:00+00:00,121.01,36.40232558139535
2025-08-13 07:00:00+00:00,105.95,36.40232558139535
2025-08-13 08:00:00+00:00,99.8,36.40232558139535
2025-08-13 09:00:00+00:00,99.14,36.40232558139535
2025-08-13 10:00:00+00:00,93.74,36.40232558139535
2025-08-13 11:00:00+00:00,94.54,36.40232558139535
2025-08-13 12:00:00+00:00,91.76,36.40232558139535
2025-08-13 13:00:00+00:00,96.65,36.40232558139535
2025-08-13 14:00:00+00:00,101.3,36.40232558139535
2025-08-13 15:00:00+00:00,100.98,36.40232558139535
2025-08-13 16:00:00+00:00,95.88,36.40232558139535
2025-08-13 17:00:00+00:00,76.64,36.40232558139535
2025-08-13 18:00:00+00:00,32.01,36.40232558139535
2025-08-13 19:00:00+00:00,3,36.40232558139535
2025-08-13 20:00:00+00:00,0.08,36.40232558139535
2025-08-13 21:00:00+00:00,1.7,36.40232558139535
2025-08-13 22:00:00+00:00,25.94,36.13488372093023
2025-08-13 23:00:00+00:00,100.78,36.13488372093023
2025-08-14 00:00:00+00:00,117.3,36.13488372093023
2025-08-14 01:00:00+00:00,122.78,36.13488372093023
2025-08-14 02:00:00+00:00,135.71,36.13488372093023
2025-08-14 03:00:00+00:00,113.44,36.13488372093023
2025-08-14 04:00:00+00:00,105.94,36.13488372093023
2025-08-14 05:00:00+00:00,101.91,36.13488372093023
2025-08-14 06:00:00+00:00,96.07,36.13488372093023
2025-08-14 07:00:00+00:00,94.57,36.13488372093023
2025-08-14 08:00:00+00:00,92.35,36.13488372093023
2025-08-14 09:00:00+00:00,88,36.13488372093023
2025-08-14 10:00:00+00:00,86.24,36.13488372093023
2025-08-14 11:00:00+00:00,87.46,36.13488372093023
2025-08-14 12:00:00+00:00,90.91,36.13488372093023
2025-08-14 13:00:00+00:00,89.95,36.13488372093023
2025-08-14 14:00:00+00:00,80.14,36.13488372093023
2025-08-14 15:00:00+00:00,66.63,36.13488372093023
2025-08-14 16:00:00+00:00,25.42,36.13488372093023
2025-08-14 17:00:00+00:00,3.8,36.13488372093023
2025-08-14 18:00:00+00:00,0.17,36.13488372093023
2025-08-14 19:00:00+00:00,-0.01,36.13488372093023
2025-08-14 20:00:00+00:00,-0.01,36.13488372093023
2025-08-14 21:00:00+00:00,-0.02,36.13488372093023
2025-08-14 22:00:00+00:00,-5.51,33.627906976744185
2025-08-14 23:00:00+00:00,77.43,33.627906976744185
2025-08-15 00:00:00+00:00,81.75,33.627906976744185
2025-08-15 01:00:00+00:00,105.03,33.627906976744185
2025-08-15 02:00:00+00:00,112.7,33.627906976744185
2025-08-15 03:00:00+00:00,105.92,33.627906976744185
2025-08-15 04:00:00+00:00,96.07,33.627906976744185
2025-08-15 05:00:00+00:00,90.01,33.627906976744185
2025-08-15 06:00:00+00:00,92.52,33.627906976744185
2025-08-15 07:00:00+00:00,88,33.627906976744185
2025-08-15 08:00:00+00:00,86.45,33.627906976744185
2025-08-15 09:00:00+00:00,86.15,33.627906976744185
2025-08-15 10:00:00+00:00,87.06,33.627906976744185
2025-08-15 11:00:00+00:00,89.15,33.627906976744185
2025-08-15 12:00:00+00:00,88.93,33.627906976744185
2025-08-15 13:00:00+00:00,94.1,33.627906976744185
2025-08-15 14:00:00+00:00,75.09,33.627906976744185
2025-08-15 15:00:00+00:00,27.65,33.627906976744185
2025-08-15 16:00:00+00:00,4.79,33.627906976744185
2025-08-15 17:00:00+00:00,0.24,33.627906976744185
2025-08-15 18:00:00+00:00,-0.11,33.627906976744185
2025-08-15 19:00:00+00:00,-0.83,33.627906976744185
2025-08-15 20:00:00+00:00,-1.23,33.627906976744185
2025-08-15 21:00:00+00:00,0.65,33.627906976744185
2025-08-15 22:00:00+00:00,10.17,34.03953488372093
2025-08-15 23:00:00+00:00,70.98,34.03953488372093
2025-08-16 00:00:00+00:00,110.38,34.03953488372093
2025-08-16 01:00:00+00:00,110.15,34.03953488372093
2025-08-16 02:00:00+00:00,111.22,34.03953488372093
2025-08-16 03:00:00+00:00,110.15,34.03953488372093
2025-08-16 04:00:00+00:00,105.07,34.03953488372093
2025-08-16 05:00:00+00:00,102.46,34.03953488372093
2025-08-16 06:00:00+00:00,91.57,34.03953488372093
2025-08-16 07:00:00+00:00,86.99,34.03953488372093
2025-08-16 08:00:00+00:00,83.97,34.03953488372093
2025-08-16 09:00:00+00:00,83.13,34.03953488372093
2025-08-16 10:00:00+00:00,88.41,34.03953488372093
2025-08-16 11:00:00+00:00,99.04,34.03953488372093
2025-08-16 12:00:00+00:00,117.71,34.03953488372093
2025-08-16 13:00:00+00:00,130.78,34.03953488372093
2025-08-16 14:00:00+00:00,109.42,34.03953488372093
2025-08-16 15:00:00+00:00,93.51,34.03953488372093
2025-08-16 16:00:00+00:00,93.4,34.03953488372093
2025-08-16 17:00:00+00:00,89.62,34.03953488372093
2025-08-16 18:00:00+00:00,91.99,34.03953488372093
2025-08-16 19:00:00+00:00,91.44,34.03953488372093
2025-08-16 20:00:00+00:00,97.15,34.03953488372093
2025-08-16 21:00:00+00:00,105.64,34.03953488372093
2025-08-16 22:00:00+00:00,97.78,33.08837209302326
2025-08-16 23:00:00+00:00,93.6,33.08837209302326
2025-08-17 00:00:00+00:00,111.58,33.08837209302326
2025-08-17 01:00:00+00:00,193.25,33.08837209302326
2025-08-17 02:00:00+00:00,242.75,33.08837209302326
2025-08-17 03:00:00+00:00,126.58,33.08837209302326
2025-08-17 04:00:00+00:00,107.38,33.08837209302326
2025-08-17 05:00:00+00:00,101.61,33.08837209302326
2025-08-17 06:00:00+00:00,100.95,33.08837209302326
2025-08-17 07:00:00+00:00,94.69,33.08837209302326
2025-08-17 08:00:00+00:00,88.07,33.08837209302326
2025-08-17 09:00:00+00:00,86.21,33.08837209302326
2025-08-17 10:00:00+00:00,89.9,33.08837209302326
2025-08-17 11:00:00+00:00,102.35,33.08837209302326
2025-08-17 12:00:00+00:00,111.02,33.08837209302326
2025-08-17 13:00:00+00:00,109.72,33.08837209302326
2025-08-17 14:00:00+00:00,98.05,33.08837209302326
2025-08-17 15:00:00+00:00,88.57,33.08837209302326
2025-08-17 16:00:00+00:00,69.64,33.08837209302326
2025-08-17 17:00:00+00:00,43.23,33.08837209302326
2025-08-17 18:00:00+00:00,25.5,33.08837209302326
2025-08-17 19:00:00+00:00,49.98,33.08837209302326
2025-08-17 20:00:00+00:00,69.27,33.08837209302326
2025-08-17 21:00:00+00:00,77.99,33.08837209302326
2025-08-17 22:00:00+00:00,97.48,34.151162790697676
2025-08-17 23:00:00+00:00,96.5,34.151162790697676
2025-08-18 00:00:00+00:00,155.22,34.151162790697676
2025-08-18 01:00:00+00:00,221.02,34.151162790697676
2025-08-18 02:00:00+00:00,239.22,34.151162790697676
2025-08-18 03:00:00+00:00,125.95,34.151162790697676
2025-08-18 04:00:00+00:00,104.59,34.151162790697676
2025-08-18 05:00:00+00:00,98.26,34.151162790697676
2025-08-18 06:00:00+00:00,97.6,34.151162790697676
2025-08-18 07:00:00+00:00,93.04,34.151162790697676
2025-08-18 08:00:00+00:00,87.56,34.151162790697676
2025-08-18 09:00:00+00:00,85.63,34.151162790697676
2025-08-18 10:00:00+00:00,89.68,34.151162790697676
2025-08-18 11:00:00+00:00,98.84,34.151162790697676
2025-08-18 12:00:00+00:00,109.46,34.151162790697676
2025-08-18 13:00:00+00:00,109.78,34.151162790697676
2025-08-18 14:00:00+00:00,102.98,34.151162790697676
2025-08-18 15:00:00+00:00,88.15,34.151162790697676
2025-08-18 16:00:00+00:00,77.2,34.151162790697676
2025-08-18 17:00:00+00:00,65.38,34.151162790697676
2025-08-18 18:00:00+00:00,48.61,34.151162790697676
2025-08-18 19:00:00+00:00,35,34.151162790697676
2025-08-18 20:00:00+00:00,41.92,34.151162790697676
2025-08-18 21:00:00+00:00,72.53,34.151162790697676
2025-08-18 22:00:00+00:00,80.94,35.16511627906977
2025-08-18 23:00:00+00:00,104.03,35.16511627906977
2025-08-19 00:00:00+00:00,114.35,35.16511627906977
2025-08-19 01:00:00+00:00,136.24,35.16511627906977
2025-08-19 02:00:00+00:00,153.17,35.16511627906977
2025-08-19 03:00:00+00:00,119.69,35.16511627906977
2025-08-19 04:00:00+00:00,105.44,35.16511627906977
2025-08-19 05:00:00+00:00,99,35.16511627906977
2025-08-19 06:00:00+00:00,97.5,35.16511627906977
2025-08-19 07:00:00+00:00,89.4,35.16511627906977
2025-08-19 08:00:00+00:00,86.61,35.16511627906977
2025-08-19 09:00:00+00:00,89.75,35.16511627906977
2025-08-19 10:00:00+00:00,91.05,35.16511627906977
2025-08-19 11:00:00+00:00,107.83,35.16511627906977
2025-08-19 12:00:00+00:00,114.59,35.16511627906977
2025-08-19 13:00:00+00:00,115.84,35.16511627906977
2025-08-19 14:00:00+00:00,107.06,35.16511627906977
2025-08-19 15:00:00+00:00,98.78,35.16511627906977
2025-08-19 16:00:00+00:00,87.7,35.16511627906977
2025-08-19 17:00:00+00:00,79.75,35.16511627906977
2025-08-19 18:00:00+00:00,71.47,35.16511627906977
2025-08-19 19:00:00+00:00,69.39,35.16511627906977
2025-08-19 20:00:00+00:00,77.29,35.16511627906977
2025-08-19 21:00:00+00:00,95.39,35.16511627906977
2025-08-19 22:00:00+00:00,89.35,35.174418604651166
2025-08-19 23:00:00+00:00,109.16,35.174418604651166
2025-08-20 00:00:00+00:00,141.16,35.174418604651166
2025-08-20 01:00:00+00:00,177.59,35.174418604651166
2025-08-20 02:00:00+00:00,179.88,35.174418604651166
2025-08-20 03:00:00+00:00,120.22,35.174418604651166
2025-08-20 04:00:00+00:00,107.25,35.174418604651166
2025-08-20 05:00:00+00:00,95.73,35.174418604651166
2025-08-20 06:00:00+00:00,96.84,35.174418604651166
2025-08-20 07:00:00+00:00,98.26,35.174418604651166
2025-08-20 08:00:00+00:00,94.25,35.174418604651166
2025-08-20 09:00:00+00:00,95.44,35.174418604651166
2025-08-20 10:00:00+00:00,94.03,35.174418604651166
2025-08-20 11:00:00+00:00,95.44,35.174418604651166
2025-08-20 12:00:00+00:00,105.04,35.174418604651166
2025-08-20 13:00:00+00:00,106.67,35.174418604651166
2025-08-20 14:00:00+00:00,102.8,35.174418604651166
2025-08-20 15:00:00+00:00,91.91,35.174418604651166
2025-08-20 16:00:00+00:00,73.31,35.174418604651166
2025-08-20 17:00:00+00:00,41.21,35.174418604651166
2025-08-20 18:00:00+00:00,13.66,35.174418604651166
2025-08-20 19:00:00+00:00,3.43,35.174418604651166
2025-08-20 20:00:00+00:00,-0.14,35.174418604651166
2025-08-20 21:00:00+00:00,4.03,35.174418604651166
2025-08-20 22:00:00+00:00,54.07,35.33255813953489
2025-08-20 23:00:00+00:00,85.04,35.33255813953489
2025-08-21 00:00:00+00:00,102.09,35.33255813953489
2025-08-21 01:00:00+00:00,105.34,35.33255813953489
2025-08-21 02:00:00+00:00,113.49,35.33255813953489
2025-08-21 03:00:00+00:00,107.52,35.33255813953489
2025-08-21 04:00:00+00:00,103.04,35.33255813953489
2025-08-21 05:00:00+00:00,99,35.33255813953489
2025-08-21 06:00:00+00:00,95.33,35.33255813953489
2025-08-21 07:00:00+00:00,89.32,35.33255813953489
2025-08-21 08:00:00+00:00,87.71,35.33255813953489
2025-08-21 09:00:00+00:00,85.16,35.33255813953489
2025-08-21 10:00:00+00:00,85.49,35.33255813953489
2025-08-21 11:00:00+00:00,85.55,35.33255813953489
2025-08-21 12:00:00+00:00,87.87,35.33255813953489
2025-08-21 13:00:00+00:00,92.1,35.33255813953489
2025-08-21 14:00:00+00:00,83.38,35.33255813953489
2025-08-21 15:00:00+00:00,55.83,35.33255813953489
2025-08-21 16:00:00+00:00,11.64,35.33255813953489
2025-08-21 17:00:00+00:00,3.31,35.33255813953489
2025-08-21 18:00:00+00:00,1.3,35.33255813953489
2025-08-21 19:00:00+00:00,1.17,35.33255813953489
2025-08-21 20:00:00+00:00,13.79,35.33255813953489
2025-08-21 21:00:00+00:00,29.29,35.33255813953489
2025-08-21 22:00:00+00:00,72.64,36.59069767441861
2025-08-21 23:00:00+00:00,109.07,36.59069767441861
2025-08-22 00:00:00+00:00,124.11,36.59069767441861
2025-08-22 01:00:00+00:00,115.71,36.59069767441861
2025-08-22 02:00:00+00:00,127.43,36.59069767441861
2025-08-22 03:00:00+00:00,120.38,36.59069767441861
2025-08-22 04:00:00+00:00,111.16,36.59069767441861
2025-08-22 05:00:00+00:00,106.61,36.59069767441861
2025-08-22 06:00:00+00:00,100.5,36.59069767441861
2025-08-22 07:00:00+00:00,95.12,36.59069767441861
2025-08-22 08:00:00+00:00,94.27,36.59069767441861
2025-08-22 09:00:00+00:00,91.96,36.59069767441861
2025-08-22 10:00:00+00:00,91.01,36.59069767441861
2025-08-22 11:00:00+00:00,90.86,36.59069767441861
2025-08-22 12:00:00+00:00,90,36.59069767441861
2025-08-22 13:00:00+00:00,84.93,36.59069767441861
2025-08-22 14:00:00+00:00,54.61,36.59069767441861
2025-08-22 15:00:00+00:00,-2.2,36.59069767441861
2025-08-22 16:00:00+00:00,-0.01,36.59069767441861
2025-08-22 17:00:00+00:00,-0.07,36.59069767441861
2025-08-22 18:00:00+00:00,-1.98,36.59069767441861
2025-08-22 19:00:00+00:00,-7.45,36.59069767441861
2025-08-22 20:00:00+00:00,-7.4,36.59069767441861
2025-08-22 21:00:00+00:00,-0.1,36.59069767441861
2025-08-22 22:00:00+00:00,65,36.36976744186046
2025-08-22 23:00:00+00:00,100.68,36.36976744186046
2025-08-23 00:00:00+00:00,110.61,36.36976744186046
2025-08-23 01:00:00+00:00,117.25,36.36976744186046
2025-08-23 02:00:00+00:00,114.32,36.36976744186046
2025-08-23 03:00:00+00:00,107.5,36.36976744186046
2025-08-23 04:00:00+00:00,100.52,36.36976744186046
2025-08-23 05:00:00+00:00,95.28,36.36976744186046
2025-08-23 06:00:00+00:00,87.03,36.36976744186046
2025-08-23 07:00:00+00:00,83.58,36.36976744186046
2025-08-23 08:00:00+00:00,82,36.36976744186046
2025-08-23 09:00:00+00:00,82.8,36.36976744186046
2025-08-23 10:00:00+00:00,101.96,36.36976744186046
2025-08-23 11:00:00+00:00,114.56,36.36976744186046
2025-08-23 12:00:00+00:00,123.79,36.36976744186046
2025-08-23 13:00:00+00:00,109.06,36.36976744186046
2025-08-23 14:00:00+00:00,91.97,36.36976744186046
2025-08-23 15:00:00+00:00,69.61,36.36976744186046
2025-08-23 16:00:00+00:00,35.02,36.36976744186046
2025-08-23 17:00:00+00:00,10,36.36976744186046
2025-08-23 18:00:00+00:00,5.93,36.36976744186046
2025-08-23 19:00:00+00:00,6.78,36.36976744186046
2025-08-23 20:00:00+00:00,28.33,36.36976744186046
2025-08-23 21:00:00+00:00,70.75,36.36976744186046
2025-08-23 22:00:00+00:00,87.71,37.02558139534884
2025-08-23 23:00:00+00:00,111.78,37.02558139534884
2025-08-24 00:00:00+00:00,157.6,37.02558139534884
2025-08-24 01:00:00+00:00,229.13,37.02558139534884
2025-08-24 02:00:00+00:00,137.61,37.02558139534884
2025-08-24 03:00:00+00:00,115.04,37.02558139534884
2025-08-24 04:00:00+00:00,105.15,37.02558139534884
2025-08-24 05:00:00+00:00,105.59,37.02558139534884
2025-08-24 06:00:00+00:00,100.98,37.02558139534884
2025-08-24 07:00:00+00:00,97.65,37.02558139534884
2025-08-24 08:00:00+00:00,96.06,37.02558139534884
2025-08-24 09:00:00+00:00,97.84,37.02558139534884
2025-08-24 10:00:00+00:00,105.78,37.02558139534884
2025-08-24 11:00:00+00:00,123.76,37.02558139534884
2025-08-24 12:00:00+00:00,123.14,37.02558139534884
2025-08-24 13:00:00+00:00,106.73,37.02558139534884
2025-08-24 14:00:00+00:00,90,37.02558139534884
2025-08-24 15:00:00+00:00,80.94,37.02558139534884
2025-08-24 16:00:00+00:00,71.04,37.02558139534884
2025-08-24 17:00:00+00:00,65,37.02558139534884
2025-08-24 18:00:00+00:00,70.99,37.02558139534884
2025-08-24 19:00:00+00:00,66.65,37.02558139534884
2025-08-24 20:00:00+00:00,81.69,37.02558139534884
2025-08-24 21:00:00+00:00,96.58,37.02558139534884
2025-08-24 22:00:00+00:00,106.84,37.711627906976744
2025-08-24 23:00:00+00:00,132.99,37.711627906976744
2025-08-25 00:00:00+00:00,194.69,37.711627906976744
2025-08-25 01:00:00+00:00,199.46,37.711627906976744
2025-08-25 02:00:00+00:00,128.15,37.711627906976744
2025-08-25 03:00:00+00:00,110.13,37.711627906976744
2025-08-25 04:00:00+00:00,102.63,37.711627906976744
2025-08-25 05:00:00+00:00,103.1,37.711627906976744
2025-08-25 06:00:00+00:00,90.67,37.711627906976744
2025-08-25 07:00:00+00:00,87.2,37.711627906976744
2025-08-25 08:00:00+00:00,87.94,37.711627906976744
2025-08-25 09:00:00+00:00,90.75,37.711627906976744
2025-08-25 10:00:00+00:00,98.53,37.711627906976744
2025-08-25 11:00:00+00:00,110.31,37.711627906976744
2025-08-25 12:00:00+00:00,115.43,37.711627906976744
2025-08-25 13:00:00+00:00,113.64,37.711627906976744
2025-08-25 14:00:00+00:00,101.63,37.711627906976744
2025-08-25 15:00:00+00:00,90.52,37.711627906976744
2025-08-25 16:00:00+00:00,92.47,37.711627906976744
2025-08-25 17:00:00+00:00,71.47,37.711627906976744
2025-08-25 18:00:00+00:00,58.58,37.711627906976744
2025-08-25 19:00:00+00:00,53.69,37.711627906976744
2025-08-25 20:00:00+00:00,77.56,37.711627906976744
2025-08-25 21:00:00+00:00,96.07,37.711627906976744
2025-08-25 22:00:00+00:00,105.87,37.693023255813955
2025-08-25 23:00:00+00:00,133.89,37.693023255813955
2025-08-26 00:00:00+00:00,219.61,37.693023255813955
2025-08-26 01:00:00+00:00,219.33,37.693023255813955
2025-08-26 02:00:00+00:00,128.19,37.693023255813955
2025-08-26 03:00:00+00:00,113.63,37.693023255813955
2025-08-26 04:00:00+00:00,103.57,37.693023255813955
2025-08-26 05:00:00+00:00,97.15,37.693023255813955
2025-08-26 06:00:00+00:00,92,37.693023255813955
2025-08-26 07:00:00+00:00,90.48,37.693023255813955
2025-08-26 08:00:00+00:00,90.14,37.693023255813955
2025-08-26 09:00:00+00:00,91.05,37.693023255813955
2025-08-26 10:00:00+00:00,98.51,37.693023255813955
2025-08-26 11:00:00+00:00,121.18,37.693023255813955
2025-08-26 12:00:00+00:00,137.1,37.693023255813955
2025-08-26 13:00:00+00:00,125.02,37.693023255813955
2025-08-26 14:00:00+00:00,80.64,37.693023255813955
2025-08-26 15:00:00+00:00,63.94,37.693023255813955
2025-08-26 16:00:00+00:00,55.14,37.693023255813955
2025-08-26 17:00:00+00:00,51.75,37.693023255813955
2025-08-26 18:00:00+00:00,48.06,37.693023255813955
2025-08-26 19:00:00+00:00,54.39,37.693023255813955
2025-08-26 20:00:00+00:00,67.55,37.693023255813955
2025-08-26 21:00:00+00:00,91.3,37.693023255813955
2025-08-26 22:00:00+00:00,127.16,36.61162790697675
2025-08-26 23:00:00+00:00,157,36.61162790697675
2025-08-27 00:00:00+00:00,192.29,36.61162790697675
2025-08-27 01:00:00+00:00,151.56,36.61162790697675
2025-08-27 02:00:00+00:00,123.45,36.61162790697675
2025-08-27 03:00:00+00:00,106.98,36.61162790697675
2025-08-27 04:00:00+00:00,91.9,36.61162790697675
2025-08-27 05:00:00+00:00,87.27,36.61162790697675
2025-08-27 06:00:00+00:00,85.59,36.61162790697675
2025-08-27 07:00:00+00:00,85.01,36.61162790697675
2025-08-27 08:00:00+00:00,87.27,36.61162790697675
2025-08-27 09:00:00+00:00,94.9,36.61162790697675
2025-08-27 10:00:00+00:00,94.52,36.61162790697675
2025-08-27 11:00:00+00:00,114.81,36.61162790697675
2025-08-27 12:00:00+00:00,119.99,36.61162790697675
2025-08-27 13:00:00+00:00,118.33,36.61162790697675
2025-08-27 14:00:00+00:00,109.7,36.61162790697675
2025-08-27 15:00:00+00:00,100.29,36.61162790697675
2025-08-27 16:00:00+00:00,100.17,36.61162790697675
2025-08-27 17:00:00+00:00,87.87,36.61162790697675
2025-08-27 18:00:00+00:00,93.3,36.61162790697675
2025-08-27 19:00:00+00:00,98.25,36.61162790697675
2025-08-27 20:00:00+00:00,107.87,36.61162790697675
2025-08-27 21:00:00+00:00,114.81,36.61162790697675
2025-08-27 22:00:00+00:00,108.6,36.2093023255814
2025-08-27 23:00:00+00:00,160.98,36.2093023255814
2025-08-28 00:00:00+00:00,175.74,36.2093023255814
2025-08-28 01:00:00+00:00,190.97,36.2093023255814
2025-08-28 02:00:00+00:00,139.94,36.2093023255814
2025-08-28 03:00:00+00:00,108.96,36.2093023255814
2025-08-28 04:00:00+00:00,97.24,36.2093023255814
2025-08-28 05:00:00+00:00,92.95,36.2093023255814
2025-08-28 06:00:00+00:00,87.13,36.2093023255814
2025-08-28 07:00:00+00:00,87.06,36.2093023255814
2025-08-28 08:00:00+00:00,87.88,36.2093023255814
2025-08-28 09:00:00+00:00,87.87,36.2093023255814
2025-08-28 10:00:00+00:00,88.83,36.2093023255814
2025-08-28 11:00:00+00:00,94.83,36.2093023255814
2025-08-28 12:00:00+00:00,97.77,36.2093023255814
2025-08-28 13:00:00+00:00,93.2,36.2093023255814
2025-08-28 14:00:00+00:00,97.57,36.2093023255814
2025-08-28 15:00:00+00:00,107.74,36.2093023255814
2025-08-28 16:00:00+00:00,97.73,36.2093023255814
2025-08-28 17:00:00+00:00,93.8,36.2093023255814
2025-08-28 18:00:00+00:00,93.74,36.2093023255814
2025-08-28 19:00:00+00:00,98.51,36.2093023255814
2025-08-28 20:00:00+00:00,115.77,36.2093023255814
2025-08-28 21:00:00+00:00,107.7,36.2093023255814
2025-08-28 22:00:00+00:00,110.24,35.06976744186047
2025-08-28 23:00:00+00:00,117.78,35.06976744186047
2025-08-29 00:00:00+00:00,129.89,35.06976744186047
2025-08-29 01:00:00+00:00,137.44,35.06976744186047
2025-08-29 02:00:00+00:00,121.99,35.06976744186047
2025-08-29 03:00:00+00:00,106.99,35.06976744186047
2025-08-29 04:00:00+00:00,94.83,35.06976744186047
2025-08-29 05:00:00+00:00,105.45,35.06976744186047
2025-08-29 06:00:00+00:00,103.38,35.06976744186047
2025-08-29 07:00:00+00:00,103.11,35.06976744186047
2025-08-29 08:00:00+00:00,97.48,35.06976744186047
2025-08-29 09:00:00+00:00,94.56,35.06976744186047
2025-08-29 10:00:00+00:00,103.38,35.06976744186047
2025-08-29 11:00:00+00:00,103.38,35.06976744186047
2025-08-29 12:00:00+00:00,97.48,35.06976744186047
2025-08-29 13:00:00+00:00,105.92,35.06976744186047
2025-08-29 14:00:00+00:00,100.76,35.06976744186047
2025-08-29 15:00:00+00:00,86.03,35.06976744186047
2025-08-29 16:00:00+00:00,59.35,35.06976744186047
2025-08-29 17:00:00+00:00,27.37,35.06976744186047
2025-08-29 18:00:00+00:00,56.43,35.06976744186047
2025-08-29 19:00:00+00:00,69.78,35.06976744186047
2025-08-29 20:00:00+00:00,86.94,35.06976744186047
2025-08-29 21:00:00+00:00,103.14,35.06976744186047
2025-08-29 22:00:00+00:00,160.96,34.92790697674419
2025-08-29 23:00:00+00:00,122.53,34.92790697674419
2025-08-30 00:00:00+00:00,146.86,34.92790697674419
2025-08-30 01:00:00+00:00,141.71,34.92790697674419
2025-08-30 02:00:00+00:00,119.51,34.92790697674419
2025-08-30 03:00:00+00:00,106.17,34.92790697674419
2025-08-30 04:00:00+00:00,96.06,34.92790697674419
2025-08-30 05:00:00+00:00,86.11,34.92790697674419
2025-08-30 06:00:00+00:00,84.27,34.92790697674419
2025-08-30 07:00:00+00:00,83.56,34.92790697674419
2025-08-30 08:00:00+00:00,82.67,34.92790697674419
2025-08-30 09:00:00+00:00,84.2,34.92790697674419
2025-08-30 10:00:00+00:00,95.09,34.92790697674419
2025-08-30 11:00:00+00:00,121.47,34.92790697674419
2025-08-30 12:00:00+00:00,134.1,34.92790697674419
2025-08-30 13:00:00+00:00,114.41,34.92790697674419
2025-08-30 14:00:00+00:00,99.24,34.92790697674419
2025-08-30 15:00:00+00:00,80.57,34.92790697674419
2025-08-30 16:00:00+00:00,68.93,34.92790697674419
2025-08-30 17:00:00+00:00,48.12,34.92790697674419
2025-08-30 18:00:00+00:00,56.27,34.92790697674419
2025-08-30 19:00:00+00:00,75.01,34.92790697674419
2025-08-30 20:00:00+00:00,76.29,34.92790697674419
2025-08-30 21:00:00+00:00,85.02,34.92790697674419
2025-08-30 22:00:00+00:00,110.79,35.45348837209302
2025-08-30 23:00:00+00:00,175.73,35.45348837209302
2025-08-31 00:00:00+00:00,243.85,35.45348837209302
2025-08-31 01:00:00+00:00,219.1,35.45348837209302
2025-08-31 02:00:00+00:00,126.24,35.45348837209302
2025-08-31 03:00:00+00:00,111.63,35.45348837209302
2025-08-31 04:00:00+00:00,99.63,35.45348837209302
2025-08-31 05:00:00+00:00,98.61,35.45348837209302
2025-08-31 06:00:00+00:00,99.08,35.45348837209302
2025-08-31 07:00:00+00:00,98.14,35.45348837209302
2025-08-31 08:00:00+00:00,98.14,35.45348837209302
2025-08-31 09:00:00+00:00,99.08,35.45348837209302
2025-08-31 10:00:00+00:00,105.9,35.45348837209302
2025-08-31 11:00:00+00:00,130.49,35.45348837209302
2025-08-31 12:00:00+00:00,152.09,35.45348837209302
2025-08-31 13:00:00+00:00,147.99,35.45348837209302
2025-08-31 14:00:00+00:00,115.4,35.45348837209302
2025-08-31 15:00:00+00:00,90.39,35.45348837209302
2025-08-31 16:00:00+00:00,81.23,35.45348837209302
2025-08-31 17:00:00+00:00,81.23,35.45348837209302
2025-08-31 18:00:00+00:00,85.85,35.45348837209302
2025-08-31 19:00:00+00:00,108.08,35.45348837209302
2025-08-31 20:00:00+00:00,116.45,35.45348837209302
2025-08-31 21:00:00+00:00,101.42,35.45348837209302
2025-08-31 22:00:00+00:00,132.52,34.94651162790698
2025-08-31 23:00:00+00:00,178.16,34.94651162790698
2025-09-01 00:00:00+00:00,304.72,34.94651162790698
2025-09-01 01:00:00+00:00,259.78,34.94651162790698
2025-09-01 02:00:00+00:00,138.92,34.94651162790698
2025-09-01 03:00:00+00:00,109.93,34.94651162790698
2025-09-01 04:00:00+00:00,93.92,34.94651162790698
2025-09-01 05:00:00+00:00,99.78,34.94651162790698
2025-09-01 06:00:00+00:00,99.31,34.94651162790698
2025-09-01 07:00:00+00:00,99.31,34.94651162790698
2025-09-01 08:00:00+00:00,99.8,34.94651162790698
2025-09-01 09:00:00+00:00,100.25,34.94651162790698
2025-09-01 10:00:00+00:00,101.77,34.94651162790698
2025-09-01 11:00:00+00:00,147.18,34.94651162790698
2025-09-01 12:00:00+00:00,142.98,34.94651162790698
2025-09-01 13:00:00+00:00,112.19,34.94651162790698
2025-09-01 14:00:00+00:00,100.25,34.94651162790698
2025-09-01 15:00:00+00:00,99.31,34.94651162790698
2025-09-01 16:00:00+00:00,81.74,34.94651162790698
2025-09-01 17:00:00+00:00,79.61,34.94651162790698
2025-09-01 18:00:00+00:00,79.19,34.94651162790698
2025-09-01 19:00:00+00:00,84.12,34.94651162790698
2025-09-01 20:00:00+00:00,100.72,34.94651162790698
2025-09-01 21:00:00+00:00,111.9,34.94651162790698
2025-09-01 22:00:00+00:00,127.66,35.55581395348837
2025-09-01 23:00:00+00:00,161.59,35.55581395348837
2025-09-02 00:00:00+00:00,293.35,35.55581395348837
2025-09-02 01:00:00+00:00,244.45,35.55581395348837
2025-09-02 02:00:00+00:00,139.7,35.55581395348837
2025-09-02 03:00:00+00:00,108.66,35.55581395348837
2025-09-02 04:00:00+00:00,100.48,35.55581395348837
2025-09-02 05:00:00+00:00,101.4,35.55581395348837
2025-09-02 06:00:00+00:00,102.81,35.55581395348837
2025-09-02 07:00:00+00:00,101.4,35.55581395348837
2025-09-02 08:00:00+00:00,101.4,35.55581395348837
2025-09-02 09:00:00+00:00,102.34,35.55581395348837
2025-09-02 10:00:00+00:00,96.24,35.55581395348837
2025-09-02 11:00:00+00:00,128.58,35.55581395348837
2025-09-02 12:00:00+00:00,122.05,35.55581395348837
2025-09-02 13:00:00+00:00,109.24,35.55581395348837
2025-09-02 14:00:00+00:00,85.33,35.55581395348837
2025-09-02 15:00:00+00:00,45.83,35.55581395348837
2025-09-02 16:00:00+00:00,13.15,35.55581395348837
2025-09-02 17:00:00+00:00,9.21,35.55581395348837
2025-09-02 18:00:00+00:00,14.24,35.55581395348837
2025-09-02 19:00:00+00:00,70.76,35.55581395348837
2025-09-02 20:00:00+00:00,83.67,35.55581395348837
2025-09-02 21:00:00+00:00,115.37,35.55581395348837
2025-09-02 22:00:00+00:00,162.63,36.50697674418605
2025-09-02 23:00:00+00:00,189.86,36.50697674418605
2025-09-03 00:00:00+00:00,343.28,36.50697674418605
2025-09-03 01:00:00+00:00,285.34,36.50697674418605
2025-09-03 02:00:00+00:00,147.55,36.50697674418605
2025-09-03 03:00:00+00:00,113.24,36.50697674418605
2025-09-03 04:00:00+00:00,104.79,36.50697674418605
2025-09-03 05:00:00+00:00,97.36,36.50697674418605
2025-09-03 06:00:00+00:00,92.38,36.50697674418605
2025-09-03 07:00:00+00:00,90.04,36.50697674418605
2025-09-03 08:00:00+00:00,92.97,36.50697674418605
2025-09-03 09:00:00+00:00,101.47,36.50697674418605
2025-09-03 10:00:00+00:00,101.94,36.50697674418605
2025-09-03 11:00:00+00:00,118.67,36.50697674418605
2025-09-03 12:00:00+00:00,131.54,36.50697674418605
2025-09-03 13:00:00+00:00,125.17,36.50697674418605
2025-09-03 14:00:00+00:00,100.98,36.50697674418605
2025-09-03 15:00:00+00:00,89.27,36.50697674418605
2025-09-03 16:00:00+00:00,86.24,36.50697674418605
2025-09-03 17:00:00+00:00,80.02,36.50697674418605
2025-09-03 18:00:00+00:00,73.72,36.50697674418605
2025-09-03 19:00:00+00:00,99.99,36.50697674418605
2025-09-03 20:00:00+00:00,104.23,36.50697674418605
2025-09-03 21:00:00+00:00,102.41,36.50697674418605
2025-09-03 22:00:00+00:00,157.96,36.44651162790698
2025-09-03 23:00:00+00:00,170.26,36.44651162790698
2025-09-04 00:00:00+00:00,171.35,36.44651162790698
2025-09-04 01:00:00+00:00,155.71,36.44651162790698
2025-09-04 02:00:00+00:00,121.29,36.44651162790698
2025-09-04 03:00:00+00:00,114.54,36.44651162790698
2025-09-04 04:00:00+00:00,102.59,36.44651162790698
2025-09-04 05:00:00+00:00,101.53,36.44651162790698
2025-09-04 06:00:00+00:00,101.14,36.44651162790698
2025-09-04 07:00:00+00:00,100.31,36.44651162790698
2025-09-04 08:00:00+00:00,98.8,36.44651162790698
2025-09-04 09:00:00+00:00,98.27,36.44651162790698
2025-09-04 10:00:00+00:00,98.9,36.44651162790698
2025-09-04 11:00:00+00:00,102.44,36.44651162790698
2025-09-04 12:00:00+00:00,100.66,36.44651162790698
2025-09-04 13:00:00+00:00,100.41,36.44651162790698
2025-09-04 14:00:00+00:00,117.53,36.44651162790698
2025-09-04 15:00:00+00:00,117.58,36.44651162790698
2025-09-04 16:00:00+00:00,109.05,36.44651162790698
2025-09-04 17:00:00+00:00,102.11,36.44651162790698
2025-09-04 18:00:00+00:00,102.38,36.44651162790698
2025-09-04 19:00:00+00:00,101.12,36.44651162790698
2025-09-04 20:00:00+00:00,101.56,36.44651162790698
2025-09-04 21:00:00+00:00,106.1,36.44651162790698
2025-09-04 22:00:00+00:00,123.41,36.04186046511628
2025-09-04 23:00:00+00:00,125.35,36.04186046511628
2025-09-05 00:00:00+00:00,187.4,36.04186046511628
2025-09-05 01:00:00+00:00,151.58,36.04186046511628
2025-09-05 02:00:00+00:00,115.15,36.04186046511628
2025-09-05 03:00:00+00:00,109.08,36.04186046511628
2025-09-05 04:00:00+00:00,106.29,36.04186046511628
2025-09-05 05:00:00+00:00,88.81,36.04186046511628
2025-09-05 06:00:00+00:00,97.85,36.04186046511628
2025-09-05 07:00:00+00:00,92.64,36.04186046511628
2025-09-05 08:00:00+00:00,88.46,36.04186046511628
2025-09-05 09:00:00+00:00,88.01,36.04186046511628
2025-09-05 10:00:00+00:00,87.46,36.04186046511628
2025-09-05 11:00:00+00:00,86.36,36.04186046511628
2025-09-05 12:00:00+00:00,91.84,36.04186046511628
2025-09-05 13:00:00+00:00,85.6,36.04186046511628
2025-09-05 14:00:00+00:00,86.15,36.04186046511628
2025-09-05 15:00:00+00:00,79.47,36.04186046511628
2025-09-05 16:00:00+00:00,42.11,36.04186046511628
2025-09-05 17:00:00+00:00,28.06,36.04186046511628
2025-09-05 18:00:00+00:00,27.56,36.04186046511628
2025-09-05 19:00:00+00:00,47.02,36.04186046511628
2025-09-05 20:00:00+00:00,79.95,36.04186046511628
2025-09-05 21:00:00+00:00,82.79,36.04186046511628
2025-09-05 22:00:00+00:00,97.65,34.746511627906976
2025-09-05 23:00:00+00:00,139,34.746511627906976
2025-09-06 00:00:00+00:00,181.79,34.746511627906976
2025-09-06 01:00:00+00:00,190.62,34.746511627906976
2025-09-06 02:00:00+00:00,155.17,34.746511627906976
2025-09-06 03:00:00+00:00,130,34.746511627906976
2025-09-06 04:00:00+00:00,104.96,34.746511627906976
2025-09-06 05:00:00+00:00,93.23,34.746511627906976
2025-09-06 06:00:00+00:00,89.87,34.746511627906976
2025-09-06 07:00:00+00:00,86.01,34.746511627906976
2025-09-06 08:00:00+00:00,85.11,34.746511627906976
2025-09-06 09:00:00+00:00,89,34.746511627906976
2025-09-06 10:00:00+00:00,100.42,34.746511627906976
2025-09-06 11:00:00+00:00,152.07,34.746511627906976
2025-09-06 12:00:00+00:00,158.02,34.746511627906976
2025-09-06 13:00:00+00:00,124.91,34.746511627906976
2025-09-06 14:00:00+00:00,101.92,34.746511627906976
2025-09-06 15:00:00+00:00,85.83,34.746511627906976
2025-09-06 16:00:00+00:00,76.7,34.746511627906976
2025-09-06 17:00:00+00:00,73.88,34.746511627906976
2025-09-06 18:00:00+00:00,76.72,34.746511627906976
2025-09-06 19:00:00+00:00,81.52,34.746511627906976
2025-09-06 20:00:00+00:00,96.2,34.746511627906976
2025-09-06 21:00:00+00:00,101.52,34.746511627906976
2025-09-06 22:00:00+00:00,155.21,35.241860465116275
2025-09-06 23:00:00+00:00,255.25,35.241860465116275
2025-09-07 00:00:00+00:00,446.8,35.241860465116275
2025-09-07 01:00:00+00:00,346.17,35.241860465116275
2025-09-07 02:00:00+00:00,152.52,35.241860465116275
2025-09-07 03:00:00+00:00,118.16,35.241860465116275
2025-09-07 04:00:00+00:00,107.57,35.241860465116275
2025-09-07 05:00:00+00:00,105.85,35.241860465116275
2025-09-07 06:00:00+00:00,108.45,35.241860465116275
2025-09-07 07:00:00+00:00,105.13,35.241860465116275
2025-09-07 08:00:00+00:00,103.07,35.241860465116275
2025-09-07 09:00:00+00:00,102.63,35.241860465116275
2025-09-07 10:00:00+00:00,110.91,35.241860465116275
2025-09-07 11:00:00+00:00,184.03,35.241860465116275
2025-09-07 12:00:00+00:00,258.75,35.241860465116275
2025-09-07 13:00:00+00:00,193.14,35.241860465116275
2025-09-07 14:00:00+00:00,125.5,35.241860465116275
2025-09-07 15:00:00+00:00,102.62,35.241860465116275
2025-09-07 16:00:00+00:00,95.98,35.241860465116275
2025-09-07 17:00:00+00:00,84.72,35.241860465116275
2025-09-07 18:00:00+00:00,84.29,35.241860465116275
2025-09-07 19:00:00+00:00,87.58,35.241860465116275
2025-09-07 20:00:00+00:00,95,35.241860465116275
2025-09-07 21:00:00+00:00,105.95,35.241860465116275
2025-09-07 22:00:00+00:00,115.38,36.31860465116279
2025-09-07 23:00:00+00:00,206.7,36.31860465116279
2025-09-08 00:00:00+00:00,392.91,36.31860465116279
2025-09-08 01:00:00+00:00,222.24,36.31860465116279
2025-09-08 02:00:00+00:00,102.06,36.31860465116279
2025-09-08 03:00:00+00:00,111.67,36.31860465116279
2025-09-08 04:00:00+00:00,104.95,36.31860465116279
2025-09-08 05:00:00+00:00,104.43,36.31860465116279
2025-09-08 06:00:00+00:00,102.96,36.31860465116279
2025-09-08 07:00:00+00:00,100.03,36.31860465116279
2025-09-08 08:00:00+00:00,100.86,36.31860465116279
2025-09-08 09:00:00+00:00,100.34,36.31860465116279
2025-09-08 10:00:00+00:00,109.67,36.31860465116279
2025-09-08 11:00:00+00:00,133.43,36.31860465116279
2025-09-08 12:00:00+00:00,218.2,36.31860465116279
2025-09-08 13:00:00+00:00,164.84,36.31860465116279
2025-09-08 14:00:00+00:00,119,36.31860465116279
2025-09-08 15:00:00+00:00,100.85,36.31860465116279
2025-09-08 16:00:00+00:00,80.15,36.31860465116279
2025-09-08 17:00:00+00:00,58.8,36.31860465116279
2025-09-08 18:00:00+00:00,68.8,36.31860465116279
2025-09-08 19:00:00+00:00,84.67,36.31860465116279
2025-09-08 20:00:00+00:00,96.36,36.31860465116279
2025-09-08 21:00:00+00:00,110.93,36.31860465116279
2025-09-08 22:00:00+00:00,134.09,37.66279069767442
2025-09-08 23:00:00+00:00,190.39,37.66279069767442
2025-09-09 00:00:00+00:00,294.05,37.66279069767442
2025-09-09 01:00:00+00:00,192.86,37.66279069767442
2025-09-09 02:00:00+00:00,124.19,37.66279069767442
2025-09-09 03:00:00+00:00,102.67,37.66279069767442
2025-09-09 04:00:00+00:00,104.43,37.66279069767442
2025-09-09 05:00:00+00:00,92.79,37.66279069767442
2025-09-09 06:00:00+00:00,90.09,37.66279069767442
2025-09-09 07:00:00+00:00,85.35,37.66279069767442
2025-09-09 08:00:00+00:00,85.81,37.66279069767442
2025-09-09 09:00:00+00:00,86.67,37.66279069767442
2025-09-09 10:00:00+00:00,90.27,37.66279069767442
2025-09-09 11:00:00+00:00,104.03,37.66279069767442
2025-09-09 12:00:00+00:00,133.77,37.66279069767442
2025-09-09 13:00:00+00:00,121.62,37.66279069767442
2025-09-09 14:00:00+00:00,104.93,37.66279069767442
2025-09-09 15:00:00+00:00,99.19,37.66279069767442
2025-09-09 16:00:00+00:00,97,37.66279069767442
2025-09-09 17:00:00+00:00,103.23,37.66279069767442
2025-09-09 18:00:00+00:00,88.45,37.66279069767442
2025-09-09 19:00:00+00:00,86.24,37.66279069767442
2025-09-09 20:00:00+00:00,102.86,37.66279069767442
2025-09-09 21:00:00+00:00,103.97,37.66279069767442
2025-09-09 22:00:00+00:00,114,36.98139534883721
2025-09-09 23:00:00+00:00,195.72,36.98139534883721
2025-09-10 00:00:00+00:00,327.1,36.98139534883721
2025-09-10 01:00:00+00:00,217.02,36.98139534883721
2025-09-10 02:00:00+00:00,138.05,36.98139534883721
2025-09-10 03:00:00+00:00,107.93,36.98139534883721
2025-09-10 04:00:00+00:00,104.64,36.98139534883721
2025-09-10 05:00:00+00:00,103.6,36.98139534883721
2025-09-10 06:00:00+00:00,103.6,36.98139534883721
2025-09-10 07:00:00+00:00,101,36.98139534883721
2025-09-10 08:00:00+00:00,98.98,36.98139534883721
2025-09-10 09:00:00+00:00,99.62,36.98139534883721
2025-09-10 10:00:00+00:00,103.6,36.98139534883721
2025-09-10 11:00:00+00:00,166.1,36.98139534883721
2025-09-10 12:00:00+00:00,172.41,36.98139534883721
2025-09-10 13:00:00+00:00,112.23,36.98139534883721
2025-09-10 14:00:00+00:00,82.01,36.98139534883721
2025-09-10 15:00:00+00:00,39.84,36.98139534883721
2025-09-10 16:00:00+00:00,3.99,36.98139534883721
2025-09-10 17:00:00+00:00,0.16,36.98139534883721
2025-09-10 18:00:00+00:00,9.08,36.98139534883721
2025-09-10 19:00:00+00:00,37.39,36.98139534883721
2025-09-10 20:00:00+00:00,91.37,36.98139534883721
2025-09-10 21:00:00+00:00,117.22,36.98139534883721
2025-09-10 22:00:00+00:00,165.39,37.241860465116275
2025-09-10 23:00:00+00:00,194.91,37.241860465116275
2025-09-11 00:00:00+00:00,300,37.241860465116275
2025-09-11 01:00:00+00:00,194.63,37.241860465116275
2025-09-11 02:00:00+00:00,134.14,37.241860465116275
2025-09-11 03:00:00+00:00,114.28,37.241860465116275
2025-09-11 04:00:00+00:00,105,37.241860465116275
2025-09-11 05:00:00+00:00,111.59,37.241860465116275
2025-09-11 06:00:00+00:00,103.82,37.241860465116275
2025-09-11 07:00:00+00:00,102.74,37.241860465116275
2025-09-11 08:00:00+00:00,101.51,37.241860465116275
2025-09-11 09:00:00+00:00,100.92,37.241860465116275
2025-09-11 10:00:00+00:00,105.93,37.241860465116275
2025-09-11 11:00:00+00:00,102.9,37.241860465116275
2025-09-11 12:00:00+00:00,103.29,37.241860465116275
2025-09-11 13:00:00+00:00,120.34,37.241860465116275
2025-09-11 14:00:00+00:00,112.67,37.241860465116275
2025-09-11 15:00:00+00:00,110.22,37.241860465116275
2025-09-11 16:00:00+00:00,89.12,37.241860465116275
2025-09-11 17:00:00+00:00,84.89,37.241860465116275
2025-09-11 18:00:00+00:00,87.42,37.241860465116275
2025-09-11 19:00:00+00:00,113.73,37.241860465116275
2025-09-11 20:00:00+00:00,144.13,37.241860465116275
2025-09-11 21:00:00+00:00,187.74,37.241860465116275
2025-09-11 22:00:00+00:00,158.95,36.818604651162794
2025-09-11 23:00:00+00:00,160.55,36.818604651162794
2025-09-12 00:00:00+00:00,194.58,36.818604651162794
2025-09-12 01:00:00+00:00,151.21,36.818604651162794
2025-09-12 02:00:00+00:00,123.2,36.818604651162794
2025-09-12 03:00:00+00:00,116.2,36.818604651162794
2025-09-12 04:00:00+00:00,108.25,36.818604651162794
2025-09-12 05:00:00+00:00,86.32,36.818604651162794
2025-09-12 06:00:00+00:00,101.35,36.818604651162794
2025-09-12 07:00:00+00:00,101.42,36.818604651162794
2025-09-12 08:00:00+00:00,99.65,36.818604651162794
2025-09-12 09:00:00+00:00,98.65,36.818604651162794
2025-09-12 10:00:00+00:00,99.59,36.818604651162794
2025-09-12 11:00:00+00:00,99.7,36.818604651162794
2025-09-12 12:00:00+00:00,104.13,36.818604651162794
2025-09-12 13:00:00+00:00,107.93,36.818604651162794
2025-09-12 14:00:00+00:00,87.76,36.818604651162794
2025-09-12 15:00:00+00:00,86.22,36.818604651162794
2025-09-12 16:00:00+00:00,88.13,36.818604651162794
2025-09-12 17:00:00+00:00,99.78,36.818604651162794
2025-09-12 18:00:00+00:00,99.74,36.818604651162794
2025-09-12 19:00:00+00:00,100.11,36.818604651162794
2025-09-12 20:00:00+00:00,105.77,36.818604651162794
2025-09-12 21:00:00+00:00,99.78,36.818604651162794
2025-09-12 22:00:00+00:00,98,35.644186046511635
2025-09-12 23:00:00+00:00,135.13,35.644186046511635
2025-09-13 00:00:00+00:00,156.18,35.644186046511635
2025-09-13 01:00:00+00:00,133.03,35.644186046511635
2025-09-13 02:00:00+00:00,96.63,35.644186046511635
2025-09-13 03:00:00+00:00,80.35,35.644186046511635
2025-09-13 04:00:00+00:00,83.19,35.644186046511635
2025-09-13 05:00:00+00:00,89.38,35.644186046511635
2025-09-13 06:00:00+00:00,89.98,35.644186046511635
2025-09-13 07:00:00+00:00,88.04,35.644186046511635
2025-09-13 08:00:00+00:00,89.39,35.644186046511635
2025-09-13 09:00:00+00:00,89.06,35.644186046511635
2025-09-13 10:00:00+00:00,87.2,35.644186046511635
2025-09-13 11:00:00+00:00,141.56,35.644186046511635
2025-09-13 12:00:00+00:00,213.65,35.644186046511635
2025-09-13 13:00:00+00:00,136.24,35.644186046511635
2025-09-13 14:00:00+00:00,108.65,35.644186046511635
2025-09-13 15:00:00+00:00,74.5,35.644186046511635
2025-09-13 16:00:00+00:00,27,35.644186046511635
2025-09-13 17:00:00+00:00,4.54,35.644186046511635
2025-09-13 18:00:00+00:00,3.73,35.644186046511635
2025-09-13 19:00:00+00:00,3.54,35.644186046511635
2025-09-13 20:00:00+00:00,70.43,35.644186046511635
2025-09-13 21:00:00+00:00,84.22,35.644186046511635
2025-09-13 22:00:00+00:00,119.74,36.425581395348836
2025-09-13 23:00:00+00:00,186.47,36.425581395348836
2025-09-14 00:00:00+00:00,207.64,36.425581395348836
2025-09-14 01:00:00+00:00,155.63,36.425581395348836
2025-09-14 02:00:00+00:00,103.3,36.425581395348836
2025-09-14 03:00:00+00:00,96.16,36.425581395348836
2025-09-14 04:00:00+00:00,85.98,36.425581395348836
2025-09-14 05:00:00+00:00,86.12,36.425581395348836
2025-09-14 06:00:00+00:00,83.56,36.425581395348836
2025-09-14 07:00:00+00:00,83.45,36.425581395348836
2025-09-14 08:00:00+00:00,83.05,36.425581395348836
2025-09-14 09:00:00+00:00,83.08,36.425581395348836
2025-09-14 10:00:00+00:00,87.82,36.425581395348836
2025-09-14 11:00:00+00:00,114.32,36.425581395348836
2025-09-14 12:00:00+00:00,117.64,36.425581395348836
2025-09-14 13:00:00+00:00,89.46,36.425581395348836
2025-09-14 14:00:00+00:00,66.01,36.425581395348836
2025-09-14 15:00:00+00:00,26.74,36.425581395348836
2025-09-14 16:00:00+00:00,29.24,36.425581395348836
2025-09-14 17:00:00+00:00,17.98,36.425581395348836
2025-09-14 18:00:00+00:00,18.98,36.425581395348836
2025-09-14 19:00:00+00:00,30.93,36.425581395348836
2025-09-14 20:00:00+00:00,27.57,36.425581395348836
2025-09-14 21:00:00+00:00,59.51,36.425581395348836
2025-09-14 22:00:00+00:00,83.76,36.223255813953486
2025-09-14 23:00:00+00:00,92.3,36.223255813953486
2025-09-15 00:00:00+00:00,155.52,36.223255813953486
2025-09-15 01:00:00+00:00,115.67,36.223255813953486
2025-09-15 02:00:00+00:00,90.64,36.223255813953486
2025-09-15 03:00:00+00:00,92.15,36.223255813953486
2025-09-15 04:00:00+00:00,74.16,36.223255813953486
2025-09-15 05:00:00+00:00,89.2,36.223255813953486
2025-09-15 06:00:00+00:00,86.1,36.223255813953486
2025-09-15 07:00:00+00:00,86.12,36.223255813953486
2025-09-15 08:00:00+00:00,88.95,36.223255813953486
2025-09-15 09:00:00+00:00,102.13,36.223255813953486
2025-09-15 10:00:00+00:00,109.98,36.223255813953486
2025-09-15 11:00:00+00:00,144.46,36.223255813953486
2025-09-15 12:00:00+00:00,138.92,36.223255813953486
2025-09-15 13:00:00+00:00,135.97,36.223255813953486
2025-09-15 14:00:00+00:00,100.43,36.223255813953486
2025-09-15 15:00:00+00:00,69.19,36.223255813953486
2025-09-15 16:00:00+00:00,43.23,36.223255813953486
2025-09-15 17:00:00+00:00,11.83,36.223255813953486
2025-09-15 18:00:00+00:00,8.44,36.223255813953486
2025-09-15 19:00:00+00:00,11.66,36.223255813953486
2025-09-15 20:00:00+00:00,45.82,36.223255813953486
2025-09-15 21:00:00+00:00,83.77,36.223255813953486
2025-09-15 22:00:00+00:00,108.15,36.097674418604655
2025-09-15 23:00:00+00:00,136.85,36.097674418604655
2025-09-16 00:00:00+00:00,258.96,36.097674418604655
2025-09-16 01:00:00+00:00,174.29,36.097674418604655
2025-09-16 02:00:00+00:00,105.8,36.097674418604655
2025-09-16 03:00:00+00:00,102.98,36.097674418604655
2025-09-16 04:00:00+00:00,94.28,36.097674418604655
2025-09-16 05:00:00+00:00,88.57,36.097674418604655
2025-09-16 06:00:00+00:00,86.06,36.097674418604655
2025-09-16 07:00:00+00:00,82.99,36.097674418604655
2025-09-16 08:00:00+00:00,85.21,36.097674418604655
2025-09-16 09:00:00+00:00,86.89,36.097674418604655
2025-09-16 10:00:00+00:00,104.99,36.097674418604655
2025-09-16 11:00:00+00:00,135.98,36.097674418604655
2025-09-16 12:00:00+00:00,118.56,36.097674418604655
2025-09-16 13:00:00+00:00,113.72,36.097674418604655
2025-09-16 14:00:00+00:00,100.15,36.097674418604655
2025-09-16 15:00:00+00:00,88.29,36.097674418604655
2025-09-16 16:00:00+00:00,85.86,36.097674418604655
2025-09-16 17:00:00+00:00,83.86,36.097674418604655
2025-09-16 18:00:00+00:00,87.84,36.097674418604655
2025-09-16 19:00:00+00:00,105.92,36.097674418604655
2025-09-16 20:00:00+00:00,146.79,36.097674418604655
2025-09-16 21:00:00+00:00,124.07,36.097674418604655
2025-09-16 22:00:00+00:00,188.81,36.009302325581395
2025-09-16 23:00:00+00:00,209.21,36.009302325581395
2025-09-17 00:00:00+00:00,378,36.009302325581395
2025-09-17 01:00:00+00:00,186.17,36.009302325581395
2025-09-17 02:00:00+00:00,110,36.009302325581395
2025-09-17 03:00:00+00:00,105.7,36.009302325581395
2025-09-17 04:00:00+00:00,103.09,36.009302325581395
2025-09-17 05:00:00+00:00,89.08,36.009302325581395
2025-09-17 06:00:00+00:00,86.84,36.009302325581395
2025-09-17 07:00:00+00:00,84.52,36.009302325581395
2025-09-17 08:00:00+00:00,86.77,36.009302325581395
2025-09-17 09:00:00+00:00,85.62,36.009302325581395
2025-09-17 10:00:00+00:00,91.76,36.009302325581395
2025-09-17 11:00:00+00:00,119.55,36.009302325581395
2025-09-17 12:00:00+00:00,142.17,36.009302325581395
2025-09-17 13:00:00+00:00,121.41,36.009302325581395
2025-09-17 14:00:00+00:00,97.83,36.009302325581395
2025-09-17 15:00:00+00:00,68.25,36.009302325581395
2025-09-17 16:00:00+00:00,55.46,36.009302325581395
2025-09-17 17:00:00+00:00,29.32,36.009302325581395
2025-09-17 18:00:00+00:00,19.36,36.009302325581395
2025-09-17 19:00:00+00:00,22.59,36.009302325581395
2025-09-17 20:00:00+00:00,77.51,36.009302325581395
2025-09-17 21:00:00+00:00,104,36.009302325581395
2025-09-17 22:00:00+00:00,119.59,36.72558139534883
2025-09-17 23:00:00+00:00,257.89,36.72558139534883
2025-09-18 00:00:00+00:00,423.07,36.72558139534883
2025-09-18 01:00:00+00:00,170.62,36.72558139534883
2025-09-18 02:00:00+00:00,111.05,36.72558139534883
2025-09-18 03:00:00+00:00,106.26,36.72558139534883
2025-09-18 04:00:00+00:00,82.24,36.72558139534883
2025-09-18 05:00:00+00:00,89.76,36.72558139534883
2025-09-18 06:00:00+00:00,103.67,36.72558139534883
2025-09-18 07:00:00+00:00,104.98,36.72558139534883
2025-09-18 08:00:00+00:00,106.5,36.72558139534883
2025-09-18 09:00:00+00:00,107.42,36.72558139534883
2025-09-18 10:00:00+00:00,107.42,36.72558139534883
2025-09-18 11:00:00+00:00,107.43,36.72558139534883
2025-09-18 12:00:00+00:00,105.41,36.72558139534883
2025-09-18 13:00:00+00:00,77.3,36.72558139534883
2025-09-18 14:00:00+00:00,24.91,36.72558139534883
2025-09-18 15:00:00+00:00,1.03,36.72558139534883
2025-09-18 16:00:00+00:00,-0.68,36.72558139534883
2025-09-18 17:00:00+00:00,-7,36.72558139534883
2025-09-18 18:00:00+00:00,-10.32,36.72558139534883
2025-09-18 19:00:00+00:00,-4.76,36.72558139534883
2025-09-18 20:00:00+00:00,0.06,36.72558139534883
2025-09-18 21:00:00+00:00,87.24,36.72558139534883
2025-09-18 22:00:00+00:00,118.17,37.269767441860466
2025-09-18 23:00:00+00:00,129.63,37.269767441860466
2025-09-19 00:00:00+00:00,139.63,37.269767441860466
2025-09-19 01:00:00+00:00,103.53,37.269767441860466
2025-09-19 02:00:00+00:00,103.12,37.269767441860466
2025-09-19 03:00:00+00:00,88.75,37.269767441860466
2025-09-19 04:00:00+00:00,70.56,37.269767441860466
2025-09-19 05:00:00+00:00,68.75,37.269767441860466
2025-09-19 06:00:00+00:00,0.74,37.269767441860466
2025-09-19 07:00:00+00:00,2.51,37.269767441860466
2025-09-19 08:00:00+00:00,0.46,37.269767441860466
2025-09-19 09:00:00+00:00,1.17,37.269767441860466
2025-09-19 10:00:00+00:00,0.14,37.269767441860466
2025-09-19 11:00:00+00:00,4.41,37.269767441860466
2025-09-19 12:00:00+00:00,5.23,37.269767441860466
2025-09-19 13:00:00+00:00,3.13,37.269767441860466
2025-09-19 14:00:00+00:00,0.41,37.269767441860466
2025-09-19 15:00:00+00:00,-0.15,37.269767441860466
2025-09-19 16:00:00+00:00,-6.85,37.269767441860466
2025-09-19 17:00:00+00:00,-9.94,37.269767441860466
2025-09-19 18:00:00+00:00,-10.19,37.269767441860466
2025-09-19 19:00:00+00:00,-2.72,37.269767441860466
2025-09-19 20:00:00+00:00,-0.04,37.269767441860466
2025-09-19 21:00:00+00:00,50.37,37.269767441860466
2025-09-19 22:00:00+00:00,119.33,36.51860465116279
2025-09-19 23:00:00+00:00,112.04,36.51860465116279
2025-09-20 00:00:00+00:00,122.03,36.51860465116279
2025-09-20 01:00:00+00:00,118.22,36.51860465116279
2025-09-20 02:00:00+00:00,103.73,36.51860465116279
2025-09-20 03:00:00+00:00,97.42,36.51860465116279
2025-09-20 04:00:00+00:00,90.74,36.51860465116279
2025-09-20 05:00:00+00:00,85.09,36.51860465116279
2025-09-20 06:00:00+00:00,81.35,36.51860465116279
2025-09-20 07:00:00+00:00,77.4,36.51860465116279
2025-09-20 08:00:00+00:00,77.08,36.51860465116279
2025-09-20 09:00:00+00:00,86,36.51860465116279
2025-09-20 10:00:00+00:00,91.83,36.51860465116279
2025-09-20 11:00:00+00:00,120.14,36.51860465116279
2025-09-20 12:00:00+00:00,133.14,36.51860465116279
2025-09-20 13:00:00+00:00,129.55,36.51860465116279
2025-09-20 14:00:00+00:00,106.65,36.51860465116279
2025-09-20 15:00:00+00:00,84.82,36.51860465116279
2025-09-20 16:00:00+00:00,84.95,36.51860465116279
2025-09-20 17:00:00+00:00,85.78,36.51860465116279
2025-09-20 18:00:00+00:00,90,36.51860465116279
2025-09-20 19:00:00+00:00,85.78,36.51860465116279
2025-09-20 20:00:00+00:00,85.78,36.51860465116279
2025-09-20 21:00:00+00:00,89.25,36.51860465116279
2025-09-20 22:00:00+00:00,173.31,36.358139534883726
2025-09-20 23:00:00+00:00,181.23,36.358139534883726
2025-09-21 00:00:00+00:00,374.57,36.358139534883726
2025-09-21 01:00:00+00:00,183.14,36.358139534883726
2025-09-21 02:00:00+00:00,115.66,36.358139534883726
2025-09-21 03:00:00+00:00,101.93,36.358139534883726
2025-09-21 04:00:00+00:00,92.85,36.358139534883726
2025-09-21 05:00:00+00:00,89.85,36.358139534883726
2025-09-21 06:00:00+00:00,88.91,36.358139534883726
2025-09-21 07:00:00+00:00,86.62,36.358139534883726
2025-09-21 08:00:00+00:00,87.1,36.358139534883726
2025-09-21 09:00:00+00:00,90.64,36.358139534883726
2025-09-21 10:00:00+00:00,103.11,36.358139534883726
2025-09-21 11:00:00+00:00,142,36.358139534883726
2025-09-21 12:00:00+00:00,183.59,36.358139534883726
2025-09-21 13:00:00+00:00,160.97,36.358139534883726
2025-09-21 14:00:00+00:00,121.34,36.358139534883726
2025-09-21 15:00:00+00:00,90.98,36.358139534883726
2025-09-21 16:00:00+00:00,102.37,36.358139534883726
2025-09-21 17:00:00+00:00,101.7,36.358139534883726
2025-09-21 18:00:00+00:00,103.11,36.358139534883726
2025-09-21 19:00:00+00:00,110.4,36.358139534883726
2025-09-21 20:00:00+00:00,109.78,36.358139534883726
2025-09-21 21:00:00+00:00,121.92,36.358139534883726
2025-09-21 22:00:00+00:00,198.03,37.56744186046512
2025-09-21 23:00:00+00:00,210.2,37.56744186046512
2025-09-22 00:00:00+00:00,415.02,37.56744186046512
2025-09-22 01:00:00+00:00,187.47,37.56744186046512
2025-09-22 02:00:00+00:00,125.14,37.56744186046512
2025-09-22 03:00:00+00:00,116.24,37.56744186046512
2025-09-22 04:00:00+00:00,101.7,37.56744186046512
2025-09-22 05:00:00+00:00,103.6,37.56744186046512
2025-09-22 06:00:00+00:00,103.13,37.56744186046512
2025-09-22 07:00:00+00:00,102.39,37.56744186046512
2025-09-22 08:00:00+00:00,101.64,37.56744186046512
2025-09-22 09:00:00+00:00,101.67,37.56744186046512
2025-09-22 10:00:00+00:00,105.48,37.56744186046512
2025-09-22 11:00:00+00:00,124.26,37.56744186046512
2025-09-22 12:00:00+00:00,156.21,37.56744186046512
2025-09-22 13:00:00+00:00,120.41,37.56744186046512
2025-09-22 14:00:00+00:00,98.59,37.56744186046512
2025-09-22 15:00:00+00:00,72.86,37.56744186046512
2025-09-22 16:00:00+00:00,54.32,37.56744186046512
2025-09-22 17:00:00+00:00,31.74,37.56744186046512
2025-09-22 18:00:00+00:00,20.22,37.56744186046512
2025-09-22 19:00:00+00:00,34.45,37.56744186046512
2025-09-22 20:00:00+00:00,84.25,37.56744186046512
2025-09-22 21:00:00+00:00,90.85,37.56744186046512
2025-09-22 22:00:00+00:00,110.77,37.02093023255814
2025-09-22 23:00:00+00:00,127.4,37.02093023255814
2025-09-23 00:00:00+00:00,189.66,37.02093023255814
2025-09-23 01:00:00+00:00,119.62,37.02093023255814
2025-09-23 02:00:00+00:00,97.02,37.02093023255814
2025-09-23 03:00:00+00:00,106.65,37.02093023255814
2025-09-23 04:00:00+00:00,103.34,37.02093023255814
2025-09-23 05:00:00+00:00,102.59,37.02093023255814
2025-09-23 06:00:00+00:00,94.86,37.02093023255814
2025-09-23 07:00:00+00:00,90.91,37.02093023255814
2025-09-23 08:00:00+00:00,88.85,37.02093023255814
2025-09-23 09:00:00+00:00,92.2,37.02093023255814
2025-09-23 10:00:00+00:00,102.29,37.02093023255814
2025-09-23 11:00:00+00:00,110.07,37.02093023255814
2025-09-23 12:00:00+00:00,120.51,37.02093023255814
2025-09-23 13:00:00+00:00,123.92,37.02093023255814
2025-09-23 14:00:00+00:00,98.61,37.02093023255814
2025-09-23 15:00:00+00:00,9.49,37.02093023255814
2025-09-23 16:00:00+00:00,-58.57,37.02093023255814
2025-09-23 17:00:00+00:00,-2.97,37.02093023255814
2025-09-23 18:00:00+00:00,-23.42,37.02093023255814
2025-09-23 19:00:00+00:00,4.61,37.02093023255814
2025-09-23 20:00:00+00:00,62.97,37.02093023255814
2025-09-23 21:00:00+00:00,96.57,37.02093023255814
2025-09-23 22:00:00+00:00,146.9,37.830232558139535
2025-09-23 23:00:00+00:00,118.21,37.830232558139535
2025-09-24 00:00:00+00:00,166.94,37.830232558139535
2025-09-24 01:00:00+00:00,123.63,37.830232558139535
2025-09-24 02:00:00+00:00,102.3,37.830232558139535
2025-09-24 03:00:00+00:00,104.51,37.830232558139535
2025-09-24 04:00:00+00:00,90.54,37.830232558139535
2025-09-24 05:00:00+00:00,78.48,37.830232558139535
2025-09-24 06:00:00+00:00,75.08,37.830232558139535
2025-09-24 07:00:00+00:00,73.18,37.830232558139535
2025-09-24 08:00:00+00:00,73.2,37.830232558139535
2025-09-24 09:00:00+00:00,75.12,37.830232558139535
2025-09-24 10:00:00+00:00,86.32,37.830232558139535
2025-09-24 11:00:00+00:00,106.61,37.830232558139535
2025-09-24 12:00:00+00:00,120.32,37.830232558139535
2025-09-24 13:00:00+00:00,118.93,37.830232558139535
2025-09-24 14:00:00+00:00,92.64,37.830232558139535
2025-09-24 15:00:00+00:00,45.11,37.830232558139535
2025-09-24 16:00:00+00:00,38.71,37.830232558139535
2025-09-24 17:00:00+00:00,19.39,37.830232558139535
2025-09-24 18:00:00+00:00,25.18,37.830232558139535
2025-09-24 19:00:00+00:00,34.19,37.830232558139535
2025-09-24 20:00:00+00:00,66.32,37.830232558139535
2025-09-24 21:00:00+00:00,100,37.830232558139535
2025-09-24 22:00:00+00:00,110.87,37.52093023255814
2025-09-24 23:00:00+00:00,124.61,37.52093023255814
2025-09-25 00:00:00+00:00,133,37.52093023255814
2025-09-25 01:00:00+00:00,119.61,37.52093023255814
2025-09-25 02:00:00+00:00,106.21,37.52093023255814
2025-09-25 03:00:00+00:00,98.56,37.52093023255814
2025-09-25 04:00:00+00:00,89.9,37.52093023255814
2025-09-25 05:00:00+00:00,87.48,37.52093023255814
2025-09-25 06:00:00+00:00,83.65,37.52093023255814
2025-09-25 07:00:00+00:00,83.19,37.52093023255814
2025-09-25 08:00:00+00:00,83.07,37.52093023255814
2025-09-25 09:00:00+00:00,85.96,37.52093023255814
2025-09-25 10:00:00+00:00,92.39,37.52093023255814
2025-09-25 11:00:00+00:00,91.51,37.52093023255814
2025-09-25 12:00:00+00:00,104.91,37.52093023255814
2025-09-25 13:00:00+00:00,109.64,37.52093023255814
2025-09-25 14:00:00+00:00,97.22,37.52093023255814
2025-09-25 15:00:00+00:00,89.37,37.52093023255814
2025-09-25 16:00:00+00:00,70.42,37.52093023255814
2025-09-25 17:00:00+00:00,54.83,37.52093023255814
2025-09-25 18:00:00+00:00,36.61,37.52093023255814
2025-09-25 19:00:00+00:00,49.36,37.52093023255814
2025-09-25 20:00:00+00:00,79.64,37.52093023255814
2025-09-25 21:00:00+00:00,94.82,37.52093023255814
2025-09-25 22:00:00+00:00,124.15,37.65813953488372
2025-09-25 23:00:00+00:00,136.33,37.65813953488372
2025-09-26 00:00:00+00:00,148.93,37.65813953488372
2025-09-26 01:00:00+00:00,120.72,37.65813953488372
2025-09-26 02:00:00+00:00,111.11,37.65813953488372
2025-09-26 03:00:00+00:00,105.99,37.65813953488372
2025-09-26 04:00:00+00:00,99.49,37.65813953488372
2025-09-26 05:00:00+00:00,99.61,37.65813953488372
2025-09-26 06:00:00+00:00,100.58,37.65813953488372
2025-09-26 07:00:00+00:00,97.15,37.65813953488372
2025-09-26 08:00:00+00:00,93.76,37.65813953488372
2025-09-26 09:00:00+00:00,97.2,37.65813953488372
2025-09-26 10:00:00+00:00,99.56,37.65813953488372
2025-09-26 11:00:00+00:00,99.82,37.65813953488372
2025-09-26 12:00:00+00:00,105.2,37.65813953488372
2025-09-26 13:00:00+00:00,98.28,37.65813953488372
2025-09-26 14:00:00+00:00,92.9,37.65813953488372
2025-09-26 15:00:00+00:00,83.38,37.65813953488372
2025-09-26 16:00:00+00:00,37.71,37.65813953488372
2025-09-26 17:00:00+00:00,17.11,37.65813953488372
2025-09-26 18:00:00+00:00,8.53,37.65813953488372
2025-09-26 19:00:00+00:00,13,37.65813953488372
2025-09-26 20:00:00+00:00,63.17,37.65813953488372
2025-09-26 21:00:00+00:00,93.17,37.65813953488372
2025-09-26 22:00:00+00:00,105.28,35.1
2025-09-26 23:00:00+00:00,134.55,35.1
2025-09-27 00:00:00+00:00,146.45,35.1
2025-09-27 01:00:00+00:00,131.73,35.1
2025-09-27 02:00:00+00:00,111.35,35.1
2025-09-27 03:00:00+00:00,104.79,35.1
2025-09-27 04:00:00+00:00,99.38,35.1
2025-09-27 05:00:00+00:00,92.33,35.1
2025-09-27 06:00:00+00:00,90.23,35.1
2025-09-27 07:00:00+00:00,89.4,35.1
2025-09-27 08:00:00+00:00,89.56,35.1
2025-09-27 09:00:00+00:00,90.48,35.1
2025-09-27 10:00:00+00:00,99.89,35.1
2025-09-27 11:00:00+00:00,129.46,35.1
2025-09-27 12:00:00+00:00,211.99,35.1
2025-09-27 13:00:00+00:00,164.59,35.1
2025-09-27 14:00:00+00:00,120.72,35.1
2025-09-27 15:00:00+00:00,91.03,35.1
2025-09-27 16:00:00+00:00,86.15,35.1
2025-09-27 17:00:00+00:00,89.56,35.1
2025-09-27 18:00:00+00:00,93.11,35.1
2025-09-27 19:00:00+00:00,97.19,35.1
2025-09-27 20:00:00+00:00,89.03,35.1
2025-09-27 21:00:00+00:00,104.69,35.1
2025-09-27 22:00:00+00:00,150.34,34.93255813953489
2025-09-27 23:00:00+00:00,284.19,34.93255813953489
2025-09-28 00:00:00+00:00,409.41,34.93255813953489
2025-09-28 01:00:00+00:00,165.19,34.93255813953489
2025-09-28 02:00:00+00:00,121.41,34.93255813953489
2025-09-28 03:00:00+00:00,103.45,34.93255813953489
2025-09-28 04:00:00+00:00,91.2,34.93255813953489
2025-09-28 05:00:00+00:00,101.35,34.93255813953489
2025-09-28 06:00:00+00:00,99.49,34.93255813953489
2025-09-28 07:00:00+00:00,97.71,34.93255813953489
2025-09-28 08:00:00+00:00,99.49,34.93255813953489
2025-09-28 09:00:00+00:00,99.66,34.93255813953489
2025-09-28 10:00:00+00:00,104.71,34.93255813953489
2025-09-28 11:00:00+00:00,142.15,34.93255813953489
2025-09-28 12:00:00+00:00,250.43,34.93255813953489
2025-09-28 13:00:00+00:00,217.69,34.93255813953489
2025-09-28 14:00:00+00:00,138.24,34.93255813953489
2025-09-28 15:00:00+00:00,116.53,34.93255813953489
2025-09-28 16:00:00+00:00,98.32,34.93255813953489
2025-09-28 17:00:00+00:00,99.25,34.93255813953489
2025-09-28 18:00:00+00:00,111.2,34.93255813953489
2025-09-28 19:00:00+00:00,108.85,34.93255813953489
2025-09-28 20:00:00+00:00,102.53,34.93255813953489
2025-09-28 21:00:00+00:00,123.6,34.93255813953489
2025-09-28 22:00:00+00:00,168.28,35.32325581395349
2025-09-28 23:00:00+00:00,266.31,35.32325581395349
2025-09-29 00:00:00+00:00,393.74,35.32325581395349
2025-09-29 01:00:00+00:00,138.96,35.32325581395349
2025-09-29 02:00:00+00:00,107.27,35.32325581395349
2025-09-29 03:00:00+00:00,100.65,35.32325581395349
2025-09-29 04:00:00+00:00,92.03,35.32325581395349
2025-09-29 05:00:00+00:00,93.68,35.32325581395349
2025-09-29 06:00:00+00:00,97.9375,35.32325581395349
2025-09-29 07:00:00+00:00,99.4275,35.32325581395349
2025-09-29 08:00:00+00:00,93.68,35.32325581395349
2025-09-29 09:00:00+00:00,94.9175,35.32325581395349
2025-09-29 10:00:00+00:00,97.205,35.32325581395349
2025-09-29 11:00:00+00:00,127.7625,35.32325581395349
2025-09-29 12:00:00+00:00,175.8625,35.32325581395349
2025-09-29 13:00:00+00:00,138.745,35.32325581395349
2025-09-29 14:00:00+00:00,105.2825,35.32325581395349
2025-09-29 15:00:00+00:00,92.1875,35.32325581395349
2025-09-29 16:00:00+00:00,86.1325,35.32325581395349
2025-09-29 17:00:00+00:00,84.445,35.32325581395349
2025-09-29 18:00:00+00:00,91.1625,35.32325581395349
2025-09-29 19:00:00+00:00,93.68,35.32325581395349
2025-09-29 20:00:00+00:00,96.8,35.32325581395349
2025-09-29 21:00:00+00:00,106.135,35.32325581395349
2025-09-29 22:00:00+00:00,147.6225,35.12558139534884
2025-09-29 23:00:00+00:00,256.0925,35.12558139534884
2025-09-30 00:00:00+00:00,348.0575,35.12558139534884
2025-09-30 01:00:00+00:00,153.9,35.12558139534884
2025-09-30 02:00:00+00:00,114.1875,35.12558139534884
2025-09-30 03:00:00+00:00,98.915,35.12558139534884
2025-09-30 04:00:00+00:00,90.965,35.12558139534884
2025-09-30 05:00:00+00:00,91.47,35.12558139534884
2025-09-30 06:00:00+00:00,93.515,35.12558139534884
2025-09-30 07:00:00+00:00,93.7125,35.12558139534884
2025-09-30 08:00:00+00:00,93.1925,35.12558139534884
2025-09-30 09:00:00+00:00,93.085,35.12558139534884
2025-09-30 10:00:00+00:00,96.8025,35.12558139534884
2025-09-30 11:00:00+00:00,131.5225,35.12558139534884
2025-09-30 12:00:00+00:00,182.375,35.12558139534884
2025-09-30 13:00:00+00:00,127.215,35.12558139534884
2025-09-30 14:00:00+00:00,99.7725,35.12558139534884
2025-09-30 15:00:00+00:00,90.5375,35.12558139534884
2025-09-30 16:00:00+00:00,79.6375,35.12558139534884
2025-09-30 17:00:00+00:00,69.92,35.12558139534884
2025-09-30 18:00:00+00:00,83.34,35.12558139534884
2025-09-30 19:00:00+00:00,92.2475,35.12558139534884
2025-09-30 20:00:00+00:00,97.0425,35.12558139534884
2025-09-30 21:00:00+00:00,97.5675,35.12558139534884
2025-09-30 22:00:00+00:00,150.735,35.35581395348837
2025-09-30 23:00:00+00:00,188.675,35.35581395348837
2025-10-01 00:00:00+00:00,211.465,35.35581395348837
2025-10-01 01:00:00+00:00,150.71,35.35581395348837
2025-10-01 02:00:00+00:00,114.83,35.35581395348837
2025-10-01 03:00:00+00:00,103.9225,35.35581395348837
2025-10-01 04:00:00+00:00,94.4125,35.35581395348837
2025-10-01 05:00:00+00:00,94.7925,35.35581395348837
2025-10-01 06:00:00+00:00,101.3025,35.35581395348837
2025-10-01 07:00:00+00:00,100.95,35.35581395348837
2025-10-01 08:00:00+00:00,98.685,35.35581395348837
2025-10-01 09:00:00+00:00,100.325,35.35581395348837
2025-10-01 10:00:00+00:00,102.1125,35.35581395348837
2025-10-01 11:00:00+00:00,157.1625,35.35581395348837
2025-10-01 12:00:00+00:00,189.21,35.35581395348837
2025-10-01 13:00:00+00:00,123.395,35.35581395348837
2025-10-01 14:00:00+00:00,96.605,35.35581395348837
2025-10-01 15:00:00+00:00,66.64,35.35581395348837
2025-10-01 16:00:00+00:00,51.1,35.35581395348837
2025-10-01 17:00:00+00:00,61.485,35.35581395348837
2025-10-01 18:00:00+00:00,87.1625,35.35581395348837
2025-10-01 19:00:00+00:00,90.0575,35.35581395348837
2025-10-01 20:00:00+00:00,103.895,35.35581395348837
2025-10-01 21:00:00+00:00,105.965,35.35581395348837
2025-10-01 22:00:00+00:00,148.595,37.418604651162795
2025-10-01 23:00:00+00:00,193.4525,37.418604651162795
2025-10-02 00:00:00+00:00,201.96,37.418604651162795
2025-10-02 01:00:00+00:00,144.9525,37.418604651162795
2025-10-02 02:00:00+00:00,111.5225,37.418604651162795
2025-10-02 03:00:00+00:00,100.0275,37.418604651162795
2025-10-02 04:00:00+00:00,94.38,37.418604651162795
2025-10-02 05:00:00+00:00,99.73,37.418604651162795
2025-10-02 06:00:00+00:00,92.79,37.418604651162795
2025-10-02 07:00:00+00:00,94.6175,37.418604651162795
2025-10-02 08:00:00+00:00,94.615,37.418604651162795
2025-10-02 09:00:00+00:00,96.995,37.418604651162795
2025-10-02 10:00:00+00:00,94.615,37.418604651162795
2025-10-02 11:00:00+00:00,86.325,37.418604651162795
2025-10-02 12:00:00+00:00,86.3225,37.418604651162795
2025-10-02 13:00:00+00:00,65.65,37.418604651162795
2025-10-02 14:00:00+00:00,10.505,37.418604651162795
2025-10-02 15:00:00+00:00,3.7625,37.418604651162795
2025-10-02 16:00:00+00:00,0.475,37.418604651162795
2025-10-02 17:00:00+00:00,0.12,37.418604651162795
2025-10-02 18:00:00+00:00,0.87,37.418604651162795
2025-10-02 19:00:00+00:00,7.8675,37.418604651162795
2025-10-02 20:00:00+00:00,15.7,37.418604651162795
2025-10-02 21:00:00+00:00,70.03,37.418604651162795
2025-10-02 22:00:00+00:00,93.42,36.97441860465116
2025-10-02 23:00:00+00:00,95.0175,36.97441860465116
2025-10-03 00:00:00+00:00,104.9325,36.97441860465116
2025-10-03 01:00:00+00:00,92.8625,36.97441860465116
2025-10-03 02:00:00+00:00,83.83,36.97441860465116
2025-10-03 03:00:00+00:00,56.2125,36.97441860465116
2025-10-03 04:00:00+00:00,3.7575,36.97441860465116
2025-10-03 05:00:00+00:00,4.8925,36.97441860465116
2025-10-03 06:00:00+00:00,1.6075,36.97441860465116
2025-10-03 07:00:00+00:00,-0.065,36.97441860465116
2025-10-03 08:00:00+00:00,-0.09,36.97441860465116
2025-10-03 09:00:00+00:00,-0.0925,36.97441860465116
2025-10-03 10:00:00+00:00,0.02,36.97441860465116
2025-10-03 11:00:00+00:00,-0.115,36.97441860465116
2025-10-03 12:00:00+00:00,0.84,36.97441860465116
2025-10-03 13:00:00+00:00,0,36.97441860465116
2025-10-03 14:00:00+00:00,4.29,36.97441860465116
2025-10-03 15:00:00+00:00,3.515,36.97441860465116
2025-10-03 16:00:00+00:00,3.085,36.97441860465116
2025-10-03 17:00:00+00:00,4.11,36.97441860465116
2025-10-03 18:00:00+00:00,2.9975,36.97441860465116
2025-10-03 19:00:00+00:00,2.68,36.97441860465116
2025-10-03 20:00:00+00:00,4.7075,36.97441860465116
2025-10-03 21:00:00+00:00,81.9975,36.97441860465116
2025-10-03 22:00:00+00:00,106.075,37.518604651162796
2025-10-03 23:00:00+00:00,97.5625,37.518604651162796
2025-10-04 00:00:00+00:00,103.31,37.518604651162796
2025-10-04 01:00:00+00:00,90.5175,37.518604651162796
2025-10-04 02:00:00+00:00,89.2725,37.518604651162796
2025-10-04 03:00:00+00:00,69.97,37.518604651162796
2025-10-04 04:00:00+00:00,40.645,37.518604651162796
2025-10-04 05:00:00+00:00,33.99,37.518604651162796
2025-10-04 06:00:00+00:00,36.76,37.518604651162796
2025-10-04 07:00:00+00:00,28.9725,37.518604651162796
2025-10-04 08:00:00+00:00,21.575,37.518604651162796
2025-10-04 09:00:00+00:00,19.8175,37.518604651162796
2025-10-04 10:00:00+00:00,58.055,37.518604651162796
2025-10-04 11:00:00+00:00,88.48,37.518604651162796
2025-10-04 12:00:00+00:00,104.3825,37.518604651162796
2025-10-04 13:00:00+00:00,114.2275,37.518604651162796
2025-10-04 14:00:00+00:00,120.54,37.518604651162796
2025-10-04 15:00:00+00:00,101.4375,37.518604651162796
2025-10-04 16:00:00+00:00,90.91,37.518604651162796
2025-10-04 17:00:00+00:00,90.53,37.518604651162796
2025-10-04 18:00:00+00:00,91,37.518604651162796
2025-10-04 19:00:00+00:00,98.34,37.518604651162796
2025-10-04 20:00:00+00:00,102.395,37.518604651162796
2025-10-04 21:00:00+00:00,120.655,37.518604651162796
2025-10-04 22:00:00+00:00,133.345,38.269767441860466
2025-10-04 23:00:00+00:00,130.295,38.269767441860466
2025-10-05 00:00:00+00:00,160.0175,38.269767441860466
2025-10-05 01:00:00+00:00,128.07,38.269767441860466
2025-10-05 02:00:00+00:00,120.21,38.269767441860466
2025-10-05 03:00:00+00:00,119.2725,38.269767441860466
2025-10-05 04:00:00+00:00,105.8575,38.269767441860466
2025-10-05 05:00:00+00:00,106.3525,38.269767441860466
2025-10-05 06:00:00+00:00,106.3175,38.269767441860466
2025-10-05 07:00:00+00:00,106.505,38.269767441860466
2025-10-05 08:00:00+00:00,106.27,38.269767441860466
2025-10-05 09:00:00+00:00,104.2625,38.269767441860466
2025-10-05 10:00:00+00:00,97.2475,38.269767441860466
2025-10-05 11:00:00+00:00,134.625,38.269767441860466
2025-10-05 12:00:00+00:00,231.125,38.269767441860466
2025-10-05 13:00:00+00:00,278.725,38.269767441860466
2025-10-05 14:00:00+00:00,204.3475,38.269767441860466
2025-10-05 15:00:00+00:00,138.2125,38.269767441860466
2025-10-05 16:00:00+00:00,118.6975,38.269767441860466
2025-10-05 17:00:00+00:00,111.4525,38.269767441860466
2025-10-05 18:00:00+00:00,108.205,38.269767441860466
2025-10-05 19:00:00+00:00,107.45,38.269767441860466
2025-10-05 20:00:00+00:00,115.315,38.269767441860466
2025-10-05 21:00:00+00:00,124.61,38.269767441860466
2025-10-05 22:00:00+00:00,152.4725,38.93488372093023
2025-10-05 23:00:00+00:00,212.06,38.93488372093023
2025-10-06 00:00:00+00:00,228.2975,38.93488372093023
2025-10-06 01:00:00+00:00,146.5625,38.93488372093023
2025-10-06 02:00:00+00:00,123.2425,38.93488372093023
2025-10-06 03:00:00+00:00,107.4225,38.93488372093023
2025-10-06 04:00:00+00:00,97.4825,38.93488372093023
2025-10-06 05:00:00+00:00,111.0775,38.93488372093023
2025-10-06 06:00:00+00:00,110.1475,38.93488372093023
2025-10-06 07:00:00+00:00,106.9825,38.93488372093023
2025-10-06 08:00:00+00:00,106.965,38.93488372093023
2025-10-06 09:00:00+00:00,106.74,38.93488372093023
2025-10-06 10:00:00+00:00,107.215,38.93488372093023
2025-10-06 11:00:00+00:00,116.885,38.93488372093023
2025-10-06 12:00:00+00:00,155.0125,38.93488372093023
2025-10-06 13:00:00+00:00,166.115,38.93488372093023
2025-10-06 14:00:00+00:00,130.705,38.93488372093023
2025-10-06 15:00:00+00:00,113.9075,38.93488372093023
2025-10-06 16:00:00+00:00,108.0275,38.93488372093023
2025-10-06 17:00:00+00:00,106.1425,38.93488372093023
2025-10-06 18:00:00+00:00,108.14,38.93488372093023
2025-10-06 19:00:00+00:00,106.3825,38.93488372093023
2025-10-06 20:00:00+00:00,105.6775,38.93488372093023
2025-10-06 21:00:00+00:00,120.57,38.93488372093023
2025-10-06 22:00:00+00:00,151.1425,38.51860465116279
2025-10-06 23:00:00+00:00,181.855,38.51860465116279
2025-10-07 00:00:00+00:00,201.12,38.51860465116279
2025-10-07 01:00:00+00:00,140.65,38.51860465116279
2025-10-07 02:00:00+00:00,113.1775,38.51860465116279
2025-10-07 03:00:00+00:00,108.835,38.51860465116279
2025-10-07 04:00:00+00:00,100.2725,38.51860465116279
2025-10-07 05:00:00+00:00,106.4825,38.51860465116279
2025-10-07 06:00:00+00:00,106.865,38.51860465116279
2025-10-07 07:00:00+00:00,106.6425,38.51860465116279
2025-10-07 08:00:00+00:00,106.44,38.51860465116279
2025-10-07 09:00:00+00:00,105.995,38.51860465116279
2025-10-07 10:00:00+00:00,107.0475,38.51860465116279
2025-10-07 11:00:00+00:00,126.7825,38.51860465116279
2025-10-07 12:00:00+00:00,151.2875,38.51860465116279
2025-10-07 13:00:00+00:00,153.3675,38.51860465116279
2025-10-07 14:00:00+00:00,133.1325,38.51860465116279
2025-10-07 15:00:00+00:00,111.365,38.51860465116279
2025-10-07 16:00:00+00:00,99.5325,38.51860465116279
2025-10-07 17:00:00+00:00,98.115,38.51860465116279
2025-10-07 18:00:00+00:00,105.405,38.51860465116279
2025-10-07 19:00:00+00:00,106.69,38.51860465116279
2025-10-07 20:00:00+00:00,110.185,38.51860465116279
2025-10-07 21:00:00+00:00,109.545,38.51860465116279
2025-10-07 22:00:00+00:00,115.8875,40.06279069767442
2025-10-07 23:00:00+00:00,120.905,40.06279069767442
2025-10-08 00:00:00+00:00,115,40.06279069767442
2025-10-08 01:00:00+00:00,106.785,40.06279069767442
2025-10-08 02:00:00+00:00,103.9325,40.06279069767442
2025-10-08 03:00:00+00:00,106.3025,40.06279069767442
2025-10-08 04:00:00+00:00,91.055,40.06279069767442
2025-10-08 05:00:00+00:00,86.355,40.06279069767442
2025-10-08 06:00:00+00:00,83.8175,40.06279069767442
2025-10-08 07:00:00+00:00,78.98,40.06279069767442
2025-10-08 08:00:00+00:00,76.0475,40.06279069767442
2025-10-08 09:00:00+00:00,76.405,40.06279069767442
2025-10-08 10:00:00+00:00,73.175,40.06279069767442
2025-10-08 11:00:00+00:00,97.73,40.06279069767442
2025-10-08 12:00:00+00:00,113.2575,40.06279069767442
2025-10-08 13:00:00+00:00,122.14,40.06279069767442
2025-10-08 14:00:00+00:00,107.9025,40.06279069767442
2025-10-08 15:00:00+00:00,93.275,40.06279069767442
2025-10-08 16:00:00+00:00,82.72,40.06279069767442
2025-10-08 17:00:00+00:00,77.7325,40.06279069767442
2025-10-08 18:00:00+00:00,77.3625,40.06279069767442
2025-10-08 19:00:00+00:00,82.5325,40.06279069767442
2025-10-08 20:00:00+00:00,91.235,40.06279069767442
2025-10-08 21:00:00+00:00,108.1275,40.06279069767442
2025-10-08 22:00:00+00:00,111.37,39.63953488372093
2025-10-08 23:00:00+00:00,107.96,39.63953488372093
2025-10-09 00:00:00+00:00,110.175,39.63953488372093
2025-10-09 01:00:00+00:00,106.1875,39.63953488372093
2025-10-09 02:00:00+00:00,100.4075,39.63953488372093
2025-10-09 03:00:00+00:00,95.865,39.63953488372093
2025-10-09 04:00:00+00:00,91.615,39.63953488372093
2025-10-09 05:00:00+00:00,92.815,39.63953488372093
2025-10-09 06:00:00+00:00,88.8,39.63953488372093
2025-10-09 07:00:00+00:00,87.68,39.63953488372093
2025-10-09 08:00:00+00:00,84.5325,39.63953488372093
2025-10-09 09:00:00+00:00,82.5725,39.63953488372093
2025-10-09 10:00:00+00:00,84.9975,39.63953488372093
2025-10-09 11:00:00+00:00,90.265,39.63953488372093
2025-10-09 12:00:00+00:00,96.7525,39.63953488372093
2025-10-09 13:00:00+00:00,101.43,39.63953488372093
2025-10-09 14:00:00+00:00,102.715,39.63953488372093
2025-10-09 15:00:00+00:00,104.4325,39.63953488372093
2025-10-09 16:00:00+00:00,105.7575,39.63953488372093
2025-10-09 17:00:00+00:00,102.085,39.63953488372093
2025-10-09 18:00:00+00:00,104.9725,39.63953488372093
2025-10-09 19:00:00+00:00,107.22,39.63953488372093
2025-10-09 20:00:00+00:00,105.74,39.63953488372093
2025-10-09 21:00:00+00:00,117.335,39.63953488372093
2025-10-09 22:00:00+00:00,122.35,38.39767441860466
2025-10-09 23:00:00+00:00,125.7275,38.39767441860466
2025-10-10 00:00:00+00:00,130.3925,38.39767441860466
2025-10-10 01:00:00+00:00,120.91,38.39767441860466
2025-10-10 02:00:00+00:00,114.715,38.39767441860466
2025-10-10 03:00:00+00:00,108.455,38.39767441860466
2025-10-10 04:00:00+00:00,98.405,38.39767441860466
2025-10-10 05:00:00+00:00,96.3075,38.39767441860466
2025-10-10 06:00:00+00:00,92.85,38.39767441860466
2025-10-10 07:00:00+00:00,89.5075,38.39767441860466
2025-10-10 08:00:00+00:00,87.0325,38.39767441860466
2025-10-10 09:00:00+00:00,88.18,38.39767441860466
2025-10-10 10:00:00+00:00,89.35,38.39767441860466
2025-10-10 11:00:00+00:00,88.815,38.39767441860466
2025-10-10 12:00:00+00:00,89.49,38.39767441860466
2025-10-10 13:00:00+00:00,88.7925,38.39767441860466
2025-10-10 14:00:00+00:00,88.71,38.39767441860466
2025-10-10 15:00:00+00:00,86.39,38.39767441860466
2025-10-10 16:00:00+00:00,84.9475,38.39767441860466
2025-10-10 17:00:00+00:00,86.34,38.39767441860466
2025-10-10 18:00:00+00:00,90.89,38.39767441860466
2025-10-10 19:00:00+00:00,92.5025,38.39767441860466
2025-10-10 20:00:00+00:00,89.89,38.39767441860466
2025-10-10 21:00:00+00:00,100.2475,38.39767441860466
2025-10-10 22:00:00+00:00,107.155,38.22790697674419
2025-10-10 23:00:00+00:00,102.4525,38.22790697674419
2025-10-11 00:00:00+00:00,108.795,38.22790697674419
2025-10-11 01:00:00+00:00,108.7475,38.22790697674419
2025-10-11 02:00:00+00:00,108.7875,38.22790697674419
2025-10-11 03:00:00+00:00,108.6,38.22790697674419
2025-10-11 04:00:00+00:00,98.175,38.22790697674419
2025-10-11 05:00:00+00:00,105.99,38.22790697674419
2025-10-11 06:00:00+00:00,107.87,38.22790697674419
2025-10-11 07:00:00+00:00,105.05,38.22790697674419
2025-10-11 08:00:00+00:00,105.3675,38.22790697674419
2025-10-11 09:00:00+00:00,100.1375,38.22790697674419
2025-10-11 10:00:00+00:00,100.2375,38.22790697674419
2025-10-11 11:00:00+00:00,123.0575,38.22790697674419
2025-10-11 12:00:00+00:00,205.0325,38.22790697674419
2025-10-11 13:00:00+00:00,195.395,38.22790697674419
2025-10-11 14:00:00+00:00,147.39,38.22790697674419
2025-10-11 15:00:00+00:00,124.0675,38.22790697674419
2025-10-11 16:00:00+00:00,106.7425,38.22790697674419
2025-10-11 17:00:00+00:00,95.8725,38.22790697674419
2025-10-11 18:00:00+00:00,91.2275,38.22790697674419
2025-10-11 19:00:00+00:00,94.215,38.22790697674419
2025-10-11 20:00:00+00:00,104.1725,38.22790697674419
2025-10-11 21:00:00+00:00,111.26,38.22790697674419
2025-10-11 22:00:00+00:00,164.2375,37.88604651162791
2025-10-11 23:00:00+00:00,285.8075,37.88604651162791
2025-10-12 00:00:00+00:00,279.325,37.88604651162791
2025-10-12 01:00:00+00:00,168.835,37.88604651162791
2025-10-12 02:00:00+00:00,125.27,37.88604651162791
2025-10-12 03:00:00+00:00,121.8575,37.88604651162791
2025-10-12 04:00:00+00:00,111.555,37.88604651162791
2025-10-12 05:00:00+00:00,111.1325,37.88604651162791
2025-10-12 06:00:00+00:00,106.8575,37.88604651162791
2025-10-12 07:00:00+00:00,106.53,37.88604651162791
2025-10-12 08:00:00+00:00,106.145,37.88604651162791
2025-10-12 09:00:00+00:00,106.535,37.88604651162791
2025-10-12 10:00:00+00:00,107.0025,37.88604651162791
2025-10-12 11:00:00+00:00,133.7625,37.88604651162791
2025-10-12 12:00:00+00:00,207.46,37.88604651162791
2025-10-12 13:00:00+00:00,211.3625,37.88604651162791
2025-10-12 14:00:00+00:00,165.28,37.88604651162791
2025-10-12 15:00:00+00:00,134.305,37.88604651162791
2025-10-12 16:00:00+00:00,121.3025,37.88604651162791
2025-10-12 17:00:00+00:00,110.325,37.88604651162791
2025-10-12 18:00:00+00:00,109.43,37.88604651162791
2025-10-12 19:00:00+00:00,119.935,37.88604651162791
2025-10-12 20:00:00+00:00,140.8875,37.88604651162791
2025-10-12 21:00:00+00:00,190.3225,37.88604651162791
2025-10-12 22:00:00+00:00,243.0925,38.72790697674419
2025-10-12 23:00:00+00:00,395.29,38.72790697674419
2025-10-13 00:00:00+00:00,410.4825,38.72790697674419
2025-10-13 01:00:00+00:00,225.8875,38.72790697674419
2025-10-13 02:00:00+00:00,152.01,38.72790697674419
2025-10-13 03:00:00+00:00,126.8825,38.72790697674419
2025-10-13 04:00:00+00:00,114.58,38.72790697674419
2025-10-13 05:00:00+00:00,116.84,38.72790697674419
2025-10-13 06:00:00+00:00,113.5875,38.72790697674419
2025-10-13 07:00:00+00:00,111.83,38.72790697674419
2025-10-13 08:00:00+00:00,109.0225,38.72790697674419
2025-10-13 09:00:00+00:00,111.83,38.72790697674419
2025-10-13 10:00:00+00:00,115.245,38.72790697674419
2025-10-13 11:00:00+00:00,155.2625,38.72790697674419
2025-10-13 12:00:00+00:00,287.1175,38.72790697674419
2025-10-13 13:00:00+00:00,277.765,38.72790697674419
2025-10-13 14:00:00+00:00,180.96,38.72790697674419
2025-10-13 15:00:00+00:00,137.41,38.72790697674419
2025-10-13 16:00:00+00:00,128.0175,38.72790697674419
2025-10-13 17:00:00+00:00,121.5625,38.72790697674419
2025-10-13 18:00:00+00:00,115.2775,38.72790697674419
2025-10-13 19:00:00+00:00,128.96,38.72790697674419
2025-10-13 20:00:00+00:00,126.6,38.72790697674419
2025-10-13 21:00:00+00:00,141.69,38.72790697674419
2025-10-13 22:00:00+00:00,157.6325,38.52325581395349
2025-10-13 23:00:00+00:00,204.32,38.52325581395349
2025-10-14 00:00:00+00:00,207.4575,38.52325581395349
2025-10-14 01:00:00+00:00,135.93,38.52325581395349
2025-10-14 02:00:00+00:00,110.7,38.52325581395349
2025-10-14 03:00:00+00:00,102.03,38.52325581395349
2025-10-14 04:00:00+00:00,105.7175,38.52325581395349
2025-10-14 05:00:00+00:00,107.3625,38.52325581395349
2025-10-14 06:00:00+00:00,105.9725,38.52325581395349
2025-10-14 07:00:00+00:00,105.6225,38.52325581395349
2025-10-14 08:00:00+00:00,105.23,38.52325581395349
2025-10-14 09:00:00+00:00,107.73,38.52325581395349
2025-10-14 10:00:00+00:00,106.34,38.52325581395349
2025-10-14 11:00:00+00:00,121.405,38.52325581395349
2025-10-14 12:00:00+00:00,118.805,38.52325581395349
2025-10-14 13:00:00+00:00,132.5,38.52325581395349
2025-10-14 14:00:00+00:00,120.35,38.52325581395349
2025-10-14 15:00:00+00:00,100.795,38.52325581395349
2025-10-14 16:00:00+00:00,102.1325,38.52325581395349
2025-10-14 17:00:00+00:00,96.895,38.52325581395349
2025-10-14 18:00:00+00:00,101.7225,38.52325581395349
2025-10-14 19:00:00+00:00,109.3725,38.52325581395349
2025-10-14 20:00:00+00:00,112.34,38.52325581395349
2025-10-14 21:00:00+00:00,124.6325,38.52325581395349
2025-10-14 22:00:00+00:00,133.5425,38.43953488372093
2025-10-14 23:00:00+00:00,150.3175,38.43953488372093
2025-10-15 00:00:00+00:00,146.36,38.43953488372093
2025-10-15 01:00:00+00:00,130.365,38.43953488372093
2025-10-15 02:00:00+00:00,113.7875,38.43953488372093
2025-10-15 03:00:00+00:00,105.5975,38.43953488372093
2025-10-15 04:00:00+00:00,105.9825,38.43953488372093
2025-10-15 05:00:00+00:00,105.8075,38.43953488372093
2025-10-15 06:00:00+00:00,106.285,38.43953488372093
2025-10-15 07:00:00+00:00,105.9325,38.43953488372093
2025-10-15 08:00:00+00:00,105.81,38.43953488372093
2025-10-15 09:00:00+00:00,116.4925,38.43953488372093
2025-10-15 10:00:00+00:00,105.535,38.43953488372093
2025-10-15 11:00:00+00:00,119.29,38.43953488372093
2025-10-15 12:00:00+00:00,152.69,38.43953488372093
2025-10-15 13:00:00+00:00,150.935,38.43953488372093
2025-10-15 14:00:00+00:00,129.02,38.43953488372093
2025-10-15 15:00:00+00:00,118.125,38.43953488372093
2025-10-15 16:00:00+00:00,105.8,38.43953488372093
2025-10-15 17:00:00+00:00,109.8475,38.43953488372093
2025-10-15 18:00:00+00:00,107.86,38.43953488372093
2025-10-15 19:00:00+00:00,105.83,38.43953488372093
2025-10-15 20:00:00+00:00,112.72,38.43953488372093
2025-10-15 21:00:00+00:00,146.945,38.43953488372093
2025-10-15 22:00:00+00:00,157.04,38.341860465116284
2025-10-15 23:00:00+00:00,164.58,38.341860465116284
2025-10-16 00:00:00+00:00,161.1275,38.341860465116284
2025-10-16 01:00:00+00:00,133.4275,38.341860465116284
2025-10-16 02:00:00+00:00,110.7475,38.341860465116284
2025-10-16 03:00:00+00:00,101.0025,38.341860465116284
2025-10-16 04:00:00+00:00,105.8,38.341860465116284
2025-10-16 05:00:00+00:00,92.325,38.341860465116284
2025-10-16 06:00:00+00:00,85.87,38.341860465116284
2025-10-16 07:00:00+00:00,83.15,38.341860465116284
2025-10-16 08:00:00+00:00,83.4625,38.341860465116284
2025-10-16 09:00:00+00:00,85.27,38.341860465116284
2025-10-16 10:00:00+00:00,83.07,38.341860465116284
2025-10-16 11:00:00+00:00,87.205,38.341860465116284
2025-10-16 12:00:00+00:00,104.03,38.341860465116284
2025-10-16 13:00:00+00:00,106.1475,38.341860465116284
2025-10-16 14:00:00+00:00,92.7975,38.341860465116284
2025-10-16 15:00:00+00:00,83.525,38.341860465116284
2025-10-16 16:00:00+00:00,82.2325,38.341860465116284
2025-10-16 17:00:00+00:00,76.7,38.341860465116284
2025-10-16 18:00:00+00:00,72.18,38.341860465116284
2025-10-16 19:00:00+00:00,76.6275,38.341860465116284
2025-10-16 20:00:00+00:00,86.255,38.341860465116284
2025-10-16 21:00:00+00:00,100.8175,38.341860465116284
2025-10-16 22:00:00+00:00,120.1375,39.02558139534884
2025-10-16 23:00:00+00:00,125.74,39.02558139534884
2025-10-17 00:00:00+00:00,116.7325,39.02558139534884
2025-10-17 01:00:00+00:00,107.7725,39.02558139534884
2025-10-17 02:00:00+00:00,100.56,39.02558139534884
2025-10-17 03:00:00+00:00,100.7825,39.02558139534884
2025-10-17 04:00:00+00:00,101.3775,39.02558139534884
2025-10-17 05:00:00+00:00,111.41,39.02558139534884
2025-10-17 06:00:00+00:00,100.5925,39.02558139534884
2025-10-17 07:00:00+00:00,97.8925,39.02558139534884
2025-10-17 08:00:00+00:00,98.8825,39.02558139534884
2025-10-17 09:00:00+00:00,102.6075,39.02558139534884
2025-10-17 10:00:00+00:00,106.1325,39.02558139534884
2025-10-17 11:00:00+00:00,107.9375,39.02558139534884
2025-10-17 12:00:00+00:00,99.4075,39.02558139534884
2025-10-17 13:00:00+00:00,100.84,39.02558139534884
2025-10-17 14:00:00+00:00,100.1025,39.02558139534884
2025-10-17 15:00:00+00:00,82.705,39.02558139534884
2025-10-17 16:00:00+00:00,61.9425,39.02558139534884
2025-10-17 17:00:00+00:00,34.8325,39.02558139534884
2025-10-17 18:00:00+00:00,28.52,39.02558139534884
2025-10-17 19:00:00+00:00,54.1775,39.02558139534884
2025-10-17 20:00:00+00:00,86.525,39.02558139534884
2025-10-17 21:00:00+00:00,109.175,39.02558139534884
2025-10-17 22:00:00+00:00,141.3275,38.86976744186046
2025-10-17 23:00:00+00:00,156.9825,38.86976744186046
2025-10-18 00:00:00+00:00,164.9675,38.86976744186046
2025-10-18 01:00:00+00:00,135.9125,38.86976744186046
2025-10-18 02:00:00+00:00,117.9975,38.86976744186046
2025-10-18 03:00:00+00:00,103.17,38.86976744186046
2025-10-18 04:00:00+00:00,98.4025,38.86976744186046
2025-10-18 05:00:00+00:00,96.105,38.86976744186046
2025-10-18 06:00:00+00:00,95.155,38.86976744186046
2025-10-18 07:00:00+00:00,91.5875,38.86976744186046
2025-10-18 08:00:00+00:00,90.57,38.86976744186046
2025-10-18 09:00:00+00:00,90.6975,38.86976744186046
2025-10-18 10:00:00+00:00,102.3475,38.86976744186046
2025-10-18 11:00:00+00:00,124.19,38.86976744186046
2025-10-18 12:00:00+00:00,222.1125,38.86976744186046
2025-10-18 13:00:00+00:00,124.44,38.86976744186046
2025-10-18 14:00:00+00:00,86.5575,38.86976744186046
2025-10-18 15:00:00+00:00,47.6575,38.86976744186046
2025-10-18 16:00:00+00:00,54.4875,38.86976744186046
2025-10-18 17:00:00+00:00,16.4575,38.86976744186046
2025-10-18 18:00:00+00:00,26.8225,38.86976744186046
2025-10-18 19:00:00+00:00,64.51,38.86976744186046
2025-10-18 20:00:00+00:00,98.6075,38.86976744186046
2025-10-18 21:00:00+00:00,113.03,38.86976744186046
2025-10-18 22:00:00+00:00,121.8525,38.639534883720934
2025-10-18 23:00:00+00:00,111.7,38.639534883720934
2025-10-19 00:00:00+00:00,103.7325,38.639534883720934
2025-10-19 01:00:00+00:00,96.25,38.639534883720934
2025-10-19 02:00:00+00:00,96.8525,38.639534883720934
2025-10-19 03:00:00+00:00,108.465,38.639534883720934
2025-10-19 04:00:00+00:00,79.7375,38.639534883720934
2025-10-19 05:00:00+00:00,68.71,38.639534883720934
2025-10-19 06:00:00+00:00,54.8775,38.639534883720934
2025-10-19 07:00:00+00:00,51.5875,38.639534883720934
2025-10-19 08:00:00+00:00,44.165,38.639534883720934
2025-10-19 09:00:00+00:00,49.99,38.639534883720934
2025-10-19 10:00:00+00:00,88.1925,38.639534883720934
2025-10-19 11:00:00+00:00,116.0275,38.639534883720934
2025-10-19 12:00:00+00:00,116.7625,38.639534883720934
2025-10-19 13:00:00+00:00,113.1075,38.639534883720934
2025-10-19 14:00:00+00:00,91.2825,38.639534883720934
2025-10-19 15:00:00+00:00,53.99,38.639534883720934
2025-10-19 16:00:00+00:00,34.615,38.639534883720934
2025-10-19 17:00:00+00:00,26.285,38.639534883720934
2025-10-19 18:00:00+00:00,25.725,38.639534883720934
2025-10-19 19:00:00+00:00,56.31,38.639534883720934
2025-10-19 20:00:00+00:00,92.6825,38.639534883720934
2025-10-19 21:00:00+00:00,111.1325,38.639534883720934
2025-10-19 22:00:00+00:00,146.24,38.4046511627907
2025-10-19 23:00:00+00:00,133.795,38.4046511627907
2025-10-20 00:00:00+00:00,133.155,38.4046511627907
2025-10-20 01:00:00+00:00,119.5825,38.4046511627907
2025-10-20 02:00:00+00:00,113.11,38.4046511627907
2025-10-20 03:00:00+00:00,123.0025,38.4046511627907
2025-10-20 04:00:00+00:00,99.2675,38.4046511627907
2025-10-20 05:00:00+00:00,91.99,38.4046511627907
2025-10-20 06:00:00+00:00,93.14,38.4046511627907
2025-10-20 07:00:00+00:00,94.5175,38.4046511627907
2025-10-20 08:00:00+00:00,95.755,38.4046511627907
2025-10-20 09:00:00+00:00,98.6325,38.4046511627907
2025-10-20 10:00:00+00:00,107.3175,38.4046511627907
2025-10-20 11:00:00+00:00,118.005,38.4046511627907
2025-10-20 12:00:00+00:00,169.9225,38.4046511627907
2025-10-20 13:00:00+00:00,142.8275,38.4046511627907
2025-10-20 14:00:00+00:00,126.2,38.4046511627907
2025-10-20 15:00:00+00:00,106.33,38.4046511627907
2025-10-20 16:00:00+00:00,97.37,38.4046511627907
2025-10-20 17:00:00+00:00,97.0725,38.4046511627907
2025-10-20 18:00:00+00:00,97.11,38.4046511627907
2025-10-20 19:00:00+00:00,100.7725,38.4046511627907
2025-10-20 20:00:00+00:00,118.605,38.4046511627907
2025-10-20 21:00:00+00:00,169.0975,38.4046511627907
2025-10-20 22:00:00+00:00,213.58,38.360465116279066
2025-10-20 23:00:00+00:00,295.1175,38.360465116279066
2025-10-21 00:00:00+00:00,275.1825,38.360465116279066
2025-10-21 01:00:00+00:00,185.39,38.360465116279066
2025-10-21 02:00:00+00:00,136.98,38.360465116279066
2025-10-21 03:00:00+00:00,125.4775,38.360465116279066
2025-10-21 04:00:00+00:00,111.2775,38.360465116279066
2025-10-21 05:00:00+00:00,109.9125,38.360465116279066
2025-10-21 06:00:00+00:00,108.55,38.360465116279066
2025-10-21 07:00:00+00:00,120.6575,38.360465116279066
2025-10-21 08:00:00+00:00,107.275,38.360465116279066
2025-10-21 09:00:00+00:00,106.565,38.360465116279066
2025-10-21 10:00:00+00:00,104.8875,38.360465116279066
2025-10-21 11:00:00+00:00,146.905,38.360465116279066
2025-10-21 12:00:00+00:00,170.295,38.360465116279066
2025-10-21 13:00:00+00:00,144,38.360465116279066
2025-10-21 14:00:00+00:00,105.865,38.360465116279066
2025-10-21 15:00:00+00:00,101.5275,38.360465116279066
2025-10-21 16:00:00+00:00,92.935,38.360465116279066
2025-10-21 17:00:00+00:00,87.835,38.360465116279066
2025-10-21 18:00:00+00:00,89.5325,38.360465116279066
2025-10-21 19:00:00+00:00,101.15,38.360465116279066
2025-10-21 20:00:00+00:00,104,38.360465116279066
2025-10-21 21:00:00+00:00,117.75,38.360465116279066
2025-10-21 22:00:00+00:00,133.375,37.88604651162791
2025-10-21 23:00:00+00:00,120.655,37.88604651162791
2025-10-22 00:00:00+00:00,127,37.88604651162791
2025-10-22 01:00:00+00:00,125.68,37.88604651162791
2025-10-22 02:00:00+00:00,112.465,37.88604651162791
2025-10-22 03:00:00+00:00,113.13,37.88604651162791
2025-10-22 04:00:00+00:00,109.61,37.88604651162791
2025-10-22 05:00:00+00:00,99.865,37.88604651162791
2025-10-22 06:00:00+00:00,95.96,37.88604651162791
2025-10-22 07:00:00+00:00,90.0025,37.88604651162791
2025-10-22 08:00:00+00:00,90.025,37.88604651162791
2025-10-22 09:00:00+00:00,91.39,37.88604651162791
2025-10-22 10:00:00+00:00,96.175,37.88604651162791
2025-10-22 11:00:00+00:00,114.465,37.88604651162791
2025-10-22 12:00:00+00:00,141.6,37.88604651162791
2025-10-22 13:00:00+00:00,146.9925,37.88604651162791
2025-10-22 14:00:00+00:00,126.18,37.88604651162791
2025-10-22 15:00:00+00:00,110.6925,37.88604651162791
2025-10-22 16:00:00+00:00,107.9925,37.88604651162791
2025-10-22 17:00:00+00:00,112.64,37.88604651162791
2025-10-22 18:00:00+00:00,119.18,37.88604651162791
2025-10-22 19:00:00+00:00,110.5325,37.88604651162791
2025-10-22 20:00:00+00:00,109.6775,37.88604651162791
2025-10-22 21:00:00+00:00,120.765,37.88604651162791
2025-10-22 22:00:00+00:00,151.885,38.13720930232559
2025-10-22 23:00:00+00:00,127.485,38.13720930232559
2025-10-23 00:00:00+00:00,117.175,38.13720930232559
2025-10-23 01:00:00+00:00,99.7925,38.13720930232559
2025-10-23 02:00:00+00:00,90.135,38.13720930232559
2025-10-23 03:00:00+00:00,85.88,38.13720930232559
2025-10-23 04:00:00+00:00,64.945,38.13720930232559
2025-10-23 05:00:00+00:00,90.26,38.13720930232559
2025-10-23 06:00:00+00:00,65.1875,38.13720930232559
2025-10-23 07:00:00+00:00,57.305,38.13720930232559
2025-10-23 08:00:00+00:00,66.86,38.13720930232559
2025-10-23 09:00:00+00:00,84.1775,38.13720930232559
2025-10-23 10:00:00+00:00,88.865,38.13720930232559
2025-10-23 11:00:00+00:00,111.34,38.13720930232559
2025-10-23 12:00:00+00:00,124.265,38.13720930232559
2025-10-23 13:00:00+00:00,114.8975,38.13720930232559
2025-10-23 14:00:00+00:00,92.9075,38.13720930232559
2025-10-23 15:00:00+00:00,52.2375,38.13720930232559
2025-10-23 16:00:00+00:00,20.1075,38.13720930232559
2025-10-23 17:00:00+00:00,11.94,38.13720930232559
2025-10-23 18:00:00+00:00,17.245,38.13720930232559
2025-10-23 19:00:00+00:00,75.29,38.13720930232559
2025-10-23 20:00:00+00:00,95.8575,38.13720930232559
2025-10-23 21:00:00+00:00,108.275,38.13720930232559
2025-10-23 22:00:00+00:00,117.5775,38.44883720930233
2025-10-23 23:00:00+00:00,123.385,38.44883720930233
2025-10-24 00:00:00+00:00,100.31,38.44883720930233
2025-10-24 01:00:00+00:00,96.065,38.44883720930233
2025-10-24 02:00:00+00:00,107.4275,38.44883720930233
2025-10-24 03:00:00+00:00,98.895,38.44883720930233
2025-10-24 04:00:00+00:00,79.1075,38.44883720930233
2025-10-24 05:00:00+00:00,74.4875,38.44883720930233
2025-10-24 06:00:00+00:00,46.8225,38.44883720930233
2025-10-24 07:00:00+00:00,40.04,38.44883720930233
2025-10-24 08:00:00+00:00,30.55,38.44883720930233
2025-10-24 09:00:00+00:00,28.1075,38.44883720930233
2025-10-24 10:00:00+00:00,27.6325,38.44883720930233
2025-10-24 11:00:00+00:00,38.0425,38.44883720930233
2025-10-24 12:00:00+00:00,42.5275,38.44883720930233
2025-10-24 13:00:00+00:00,33.63,38.44883720930233
2025-10-24 14:00:00+00:00,25.0425,38.44883720930233
2025-10-24 15:00:00+00:00,22.775,38.44883720930233
2025-10-24 16:00:00+00:00,10.4475,38.44883720930233
2025-10-24 17:00:00+00:00,5.74,38.44883720930233
2025-10-24 18:00:00+00:00,4.3075,38.44883720930233
2025-10-24 19:00:00+00:00,7.02,38.44883720930233
2025-10-24 20:00:00+00:00,46.92,38.44883720930233
2025-10-24 21:00:00+00:00,90.4675,38.44883720930233
2025-10-24 22:00:00+00:00,112.4275,37.70697674418604
2025-10-24 23:00:00+00:00,123.5525,37.70697674418604
2025-10-25 00:00:00+00:00,111.42,37.70697674418604
2025-10-25 01:00:00+00:00,104.5025,37.70697674418604
2025-10-25 02:00:00+00:00,98.175,37.70697674418604
2025-10-25 03:00:00+00:00,106.435,37.70697674418604
2025-10-25 04:00:00+00:00,78.455,37.70697674418604
2025-10-25 05:00:00+00:00,23.465,37.70697674418604
2025-10-25 06:00:00+00:00,20.8825,37.70697674418604
2025-10-25 07:00:00+00:00,19.3325,37.70697674418604
2025-10-25 08:00:00+00:00,17.9775,37.70697674418604
2025-10-25 09:00:00+00:00,17.1775,37.70697674418604
2025-10-25 10:00:00+00:00,26.22,37.70697674418604
2025-10-25 11:00:00+00:00,34.6925,37.70697674418604
2025-10-25 12:00:00+00:00,89.9675,37.70697674418604
2025-10-25 13:00:00+00:00,103.645,37.70697674418604
2025-10-25 14:00:00+00:00,106.7625,37.70697674418604
2025-10-25 15:00:00+00:00,105.135,37.70697674418604
2025-10-25 16:00:00+00:00,100.11,37.70697674418604
2025-10-25 17:00:00+00:00,102.255,37.70697674418604
2025-10-25 18:00:00+00:00,105.345,37.70697674418604
2025-10-25 19:00:00+00:00,98.49,37.70697674418604
2025-10-25 20:00:00+00:00,109.6875,37.70697674418604
2025-10-25 21:00:00+00:00,151.835,37.70697674418604
2025-10-25 22:00:00+00:00,190.995,38.639534883720934
2025-10-25 23:00:00+00:00,203.9975,38.639534883720934
2025-10-26 00:00:00+00:00,138.5225,38.639534883720934
2025-10-26 01:00:00+00:00,139.5725,38.639534883720934
2025-10-26 02:00:00+00:00,126.005,38.639534883720934
2025-10-26 03:00:00+00:00,110.8525,38.639534883720934
2025-10-26 04:00:00+00:00,98.5,38.639534883720934
2025-10-26 05:00:00+00:00,98.295,38.639534883720934
2025-10-26 06:00:00+00:00,66.2725,38.639534883720934
2025-10-26 07:00:00+00:00,42.485,38.639534883720934
2025-10-26 08:00:00+00:00,34.93,38.639534883720934
2025-10-26 09:00:00+00:00,28.725,38.639534883720934
2025-10-26 10:00:00+00:00,29.6975,38.639534883720934
2025-10-26 11:00:00+00:00,43.6975,38.639534883720934
2025-10-26 12:00:00+00:00,88.725,38.639534883720934
2025-10-26 13:00:00+00:00,97.975,38.639534883720934
2025-10-26 14:00:00+00:00,98.055,38.639534883720934
2025-10-26 15:00:00+00:00,94.7175,38.639534883720934
2025-10-26 16:00:00+00:00,86.9175,38.639534883720934
2025-10-26 17:00:00+00:00,93.05,38.639534883720934
2025-10-26 18:00:00+00:00,104.2175,38.639534883720934
2025-10-26 19:00:00+00:00,109.685,38.639534883720934
2025-10-26 20:00:00+00:00,105.7725,38.639534883720934
2025-10-26 21:00:00+00:00,110.33,38.639534883720934
2025-10-26 22:00:00+00:00,131.1575,38.639534883720934
2025-10-26 23:00:00+00:00,139.87,38.72093023255814
2025-10-27 00:00:00+00:00,119.7,38.72093023255814
2025-10-27 01:00:00+00:00,108.495,38.72093023255814
2025-10-27 02:00:00+00:00,100.81,38.72093023255814
2025-10-27 03:00:00+00:00,95.6175,38.72093023255814
2025-10-27 04:00:00+00:00,93.515,38.72093023255814
2025-10-27 05:00:00+00:00,82.865,38.72093023255814
2025-10-27 06:00:00+00:00,69.5975,38.72093023255814
2025-10-27 07:00:00+00:00,63.9275,38.72093023255814
2025-10-27 08:00:00+00:00,63.31,38.72093023255814
2025-10-27 09:00:00+00:00,65.2825,38.72093023255814
2025-10-27 10:00:00+00:00,66.7325,38.72093023255814
2025-10-27 11:00:00+00:00,77.2275,38.72093023255814
2025-10-27 12:00:00+00:00,106.165,38.72093023255814
2025-10-27 13:00:00+00:00,108.7125,38.72093023255814
2025-10-27 14:00:00+00:00,100.2525,38.72093023255814
2025-10-27 15:00:00+00:00,86.22,38.72093023255814
2025-10-27 16:00:00+00:00,73.3875,38.72093023255814
2025-10-27 17:00:00+00:00,71.765,38.72093023255814
2025-10-27 18:00:00+00:00,71.7225,38.72093023255814
2025-10-27 19:00:00+00:00,88.4475,38.72093023255814
2025-10-27 20:00:00+00:00,105.5925,38.72093023255814
2025-10-27 21:00:00+00:00,124.5175,38.72093023255814
2025-10-27 22:00:00+00:00,167.04,38.72093023255814
2025-10-27 23:00:00+00:00,191.1275,37.40232558139535
2025-10-28 00:00:00+00:00,149.1175,37.40232558139535
2025-10-28 01:00:00+00:00,153.5475,37.40232558139535
2025-10-28 02:00:00+00:00,137.0525,37.40232558139535
2025-10-28 03:00:00+00:00,103.455,37.40232558139535
2025-10-28 04:00:00+00:00,106.8775,37.40232558139535
2025-10-28 05:00:00+00:00,100.545,37.40232558139535
2025-10-28 06:00:00+00:00,85.3725,37.40232558139535
2025-10-28 07:00:00+00:00,73.04,37.40232558139535
2025-10-28 08:00:00+00:00,71.5225,37.40232558139535
2025-10-28 09:00:00+00:00,68.14,37.40232558139535
2025-10-28 10:00:00+00:00,61.74,37.40232558139535
2025-10-28 11:00:00+00:00,79.6025,37.40232558139535
2025-10-28 12:00:00+00:00,112.8025,37.40232558139535
2025-10-28 13:00:00+00:00,107.9275,37.40232558139535
2025-10-28 14:00:00+00:00,100.9575,37.40232558139535
2025-10-28 15:00:00+00:00,99.1575,37.40232558139535
2025-10-28 16:00:00+00:00,94.985,37.40232558139535
2025-10-28 17:00:00+00:00,95.485,37.40232558139535
2025-10-28 18:00:00+00:00,95.04,37.40232558139535
2025-10-28 19:00:00+00:00,95.5125,37.40232558139535
2025-10-28 20:00:00+00:00,97.53,37.40232558139535
2025-10-28 21:00:00+00:00,100.3075,37.40232558139535
2025-10-28 22:00:00+00:00,105.14,37.40232558139535
2025-10-28 23:00:00+00:00,109.625,38.009302325581395
2025-10-29 00:00:00+00:00,108.13,38.009302325581395
2025-10-29 01:00:00+00:00,106.8975,38.009302325581395
2025-10-29 02:00:00+00:00,97.94,38.009302325581395
2025-10-29 03:00:00+00:00,94.8325,38.009302325581395
2025-10-29 04:00:00+00:00,91.96,38.009302325581395
2025-10-29 05:00:00+00:00,77.9225,38.009302325581395
2025-10-29 06:00:00+00:00,59.5625,38.009302325581395
2025-10-29 07:00:00+00:00,43.63,38.009302325581395
2025-10-29 08:00:00+00:00,41.5025,38.009302325581395
2025-10-29 09:00:00+00:00,58.9525,38.009302325581395
2025-10-29 10:00:00+00:00,77.8,38.009302325581395
2025-10-29 11:00:00+00:00,89.6925,38.009302325581395
2025-10-29 12:00:00+00:00,124.5375,38.009302325581395
2025-10-29 13:00:00+00:00,120.0775,38.009302325581395
2025-10-29 14:00:00+00:00,110.8775,38.009302325581395
2025-10-29 15:00:00+00:00,85.7775,38.009302325581395
2025-10-29 16:00:00+00:00,77.4675,38.009302325581395
2025-10-29 17:00:00+00:00,75.9175,38.009302325581395
2025-10-29 18:00:00+00:00,77.75,38.009302325581395
2025-10-29 19:00:00+00:00,88.3275,38.009302325581395
2025-10-29 20:00:00+00:00,113.6025,38.009302325581395
2025-10-29 21:00:00+00:00,139.5175,38.009302325581395
2025-10-29 22:00:00+00:00,233.025,38.009302325581395
2025-10-29 23:00:00+00:00,291.065,38.472093023255816
2025-10-30 00:00:00+00:00,191.645,38.472093023255816
2025-10-30 01:00:00+00:00,184.0825,38.472093023255816
2025-10-30 02:00:00+00:00,145.31,38.472093023255816
2025-10-30 03:00:00+00:00,122.1975,38.472093023255816
2025-10-30 04:00:00+00:00,107.29,38.472093023255816
2025-10-30 05:00:00+00:00,101.83,38.472093023255816
2025-10-30 06:00:00+00:00,110.095,38.472093023255816
2025-10-30 07:00:00+00:00,89.405,38.472093023255816
2025-10-30 08:00:00+00:00,74.9525,38.472093023255816
2025-10-30 09:00:00+00:00,76.4475,38.472093023255816
2025-10-30 10:00:00+00:00,67.9125,38.472093023255816
2025-10-30 11:00:00+00:00,74.27,38.472093023255816
2025-10-30 12:00:00+00:00,73.39,38.472093023255816
2025-10-30 13:00:00+00:00,53.795,38.472093023255816
2025-10-30 14:00:00+00:00,41.82,38.472093023255816
2025-10-30 15:00:00+00:00,26.395,38.472093023255816
2025-10-30 16:00:00+00:00,18.3,38.472093023255816
2025-10-30 17:00:00+00:00,15.7575,38.472093023255816
2025-10-30 18:00:00+00:00,21.015,38.472093023255816
2025-10-30 19:00:00+00:00,31.5175,38.472093023255816
2025-10-30 20:00:00+00:00,76.385,38.472093023255816
2025-10-30 21:00:00+00:00,98.5725,38.472093023255816
2025-10-30 22:00:00+00:00,101.28,38.472093023255816
2025-10-30 23:00:00+00:00,97.8725,38.16279069767442
2025-10-31 00:00:00+00:00,96.4825,38.16279069767442
2025-10-31 01:00:00+00:00,89.0925,38.16279069767442
2025-10-31 02:00:00+00:00,91.3525,38.16279069767442
2025-10-31 03:00:00+00:00,97.975,38.16279069767442
2025-10-31 04:00:00+00:00,86.59,38.16279069767442
2025-10-31 05:00:00+00:00,79.225,38.16279069767442
2025-10-31 06:00:00+00:00,77.44,38.16279069767442
2025-10-31 07:00:00+00:00,79.63,38.16279069767442
2025-10-31 08:00:00+00:00,81.915,38.16279069767442
2025-10-31 09:00:00+00:00,93.7275,38.16279069767442
2025-10-31 10:00:00+00:00,105.8125,38.16279069767442
2025-10-31 11:00:00+00:00,109.85,38.16279069767442
2025-10-31 12:00:00+00:00,105.81,38.16279069767442
2025-10-31 13:00:00+00:00,103.045,38.16279069767442
2025-10-31 14:00:00+00:00,98.265,38.16279069767442
2025-10-31 15:00:00+00:00,106.1775,38.16279069767442
2025-10-31 16:00:00+00:00,111.015,38.16279069767442
2025-10-31 17:00:00+00:00,112.095,38.16279069767442
2025-10-31 18:00:00+00:00,120.1975,38.16279069767442
2025-10-31 19:00:00+00:00,104.7775,38.16279069767442
2025-10-31 20:00:00+00:00,102.5325,38.16279069767442
2025-10-31 21:00:00+00:00,113.9025,38.16279069767442
2025-10-31 22:00:00+00:00,119.97,38.16279069767442
2025-10-31 23:00:00+00:00,131.91,31.25348837209302
2025-11-01 00:00:00+00:00,130.0025,31.25348837209302
2025-11-01 01:00:00+00:00,119.2875,31.25348837209302
2025-11-01 02:00:00+00:00,132.4275,31.25348837209302
2025-11-01 03:00:00+00:00,107.9825,31.25348837209302
2025-11-01 04:00:00+00:00,103.28,31.25348837209302
2025-11-01 05:00:00+00:00,90.6325,31.25348837209302
2025-11-01 06:00:00+00:00,96.675,31.25348837209302
2025-11-01 07:00:00+00:00,100.59,31.25348837209302
2025-11-01 08:00:00+00:00,101.89,31.25348837209302
2025-11-01 09:00:00+00:00,99.995,31.25348837209302
2025-11-01 10:00:00+00:00,101.9775,31.25348837209302
2025-11-01 11:00:00+00:00,118.4425,31.25348837209302
2025-11-01 12:00:00+00:00,158.225,31.25348837209302
2025-11-01 13:00:00+00:00,158.9,31.25348837209302
2025-11-01 14:00:00+00:00,167.3175,31.25348837209302
2025-11-01 15:00:00+00:00,135.2375,31.25348837209302
2025-11-01 16:00:00+00:00,120.47,31.25348837209302
2025-11-01 17:00:00+00:00,115.215,31.25348837209302
2025-11-01 18:00:00+00:00,119.62,31.25348837209302
2025-11-01 19:00:00+00:00,118.7175,31.25348837209302
2025-11-01 20:00:00+00:00,129.095,31.25348837209302
2025-11-01 21:00:00+00:00,150.6125,31.25348837209302
2025-11-01 22:00:00+00:00,172.6475,31.25348837209302
2025-11-01 23:00:00+00:00,177.2725,31.548837209302327
2025-11-02 00:00:00+00:00,143.3275,31.548837209302327
2025-11-02 01:00:00+00:00,146.12,31.548837209302327
2025-11-02 02:00:00+00:00,134.0625,31.548837209302327
2025-11-02 03:00:00+00:00,107.18,31.548837209302327
2025-11-02 04:00:00+00:00,99.355,31.548837209302327
2025-11-02 05:00:00+00:00,83.1775,31.548837209302327
2025-11-02 06:00:00+00:00,72.765,31.548837209302327
2025-11-02 07:00:00+00:00,77.7475,31.548837209302327
2025-11-02 08:00:00+00:00,75.4475,31.548837209302327
2025-11-02 09:00:00+00:00,79.1675,31.548837209302327
2025-11-02 10:00:00+00:00,78.4175,31.548837209302327
2025-11-02 11:00:00+00:00,80.1525,31.548837209302327
2025-11-02 12:00:00+00:00,114.3025,31.548837209302327
2025-11-02 13:00:00+00:00,111.0225,31.548837209302327
2025-11-02 14:00:00+00:00,109.2225,31.548837209302327
2025-11-02 15:00:00+00:00,84.035,31.548837209302327
2025-11-02 16:00:00+00:00,72.78,31.548837209302327
2025-11-02 17:00:00+00:00,76.3025,31.548837209302327
2025-11-02 18:00:00+00:00,81.6575,31.548837209302327
2025-11-02 19:00:00+00:00,79.9475,31.548837209302327
2025-11-02 20:00:00+00:00,103.97,31.548837209302327
2025-11-02 21:00:00+00:00,145.0275,31.548837209302327
2025-11-02 22:00:00+00:00,221.6475,31.548837209302327
2025-11-02 23:00:00+00:00,213.6725,31.955813953488374
2025-11-03 00:00:00+00:00,133.67,31.955813953488374
2025-11-03 01:00:00+00:00,164.6725,31.955813953488374
2025-11-03 02:00:00+00:00,165.6775,31.955813953488374
2025-11-03 03:00:00+00:00,111.725,31.955813953488374
2025-11-03 04:00:00+00:00,108.5825,31.955813953488374
2025-11-03 05:00:00+00:00,94.0025,31.955813953488374
2025-11-03 06:00:00+00:00,102.8225,31.955813953488374
2025-11-03 07:00:00+00:00,97.515,31.955813953488374
2025-11-03 08:00:00+00:00,95.42,31.955813953488374
2025-11-03 09:00:00+00:00,96.26,31.955813953488374
2025-11-03 10:00:00+00:00,101.1275,31.955813953488374
2025-11-03 11:00:00+00:00,102.385,31.955813953488374
2025-11-03 12:00:00+00:00,120.6475,31.955813953488374
2025-11-03 13:00:00+00:00,114.1775,31.955813953488374
2025-11-03 14:00:00+00:00,114.145,31.955813953488374
2025-11-03 15:00:00+00:00,90.87,31.955813953488374
2025-11-03 16:00:00+00:00,80.305,31.955813953488374
2025-11-03 17:00:00+00:00,79.3975,31.955813953488374
2025-11-03 18:00:00+00:00,87.9875,31.955813953488374
2025-11-03 19:00:00+00:00,100.8925,31.955813953488374
2025-11-03 20:00:00+00:00,105.2275,31.955813953488374
2025-11-03 21:00:00+00:00,124.8675,31.955813953488374
2025-11-03 22:00:00+00:00,154.9475,31.955813953488374
2025-11-03 23:00:00+00:00,149.52,34.28604651162791
2025-11-04 00:00:00+00:00,125.52,34.28604651162791
2025-11-04 01:00:00+00:00,110.6425,34.28604651162791
2025-11-04 02:00:00+00:00,104.31,34.28604651162791
2025-11-04 03:00:00+00:00,100.37,34.28604651162791
2025-11-04 04:00:00+00:00,95.7775,34.28604651162791
2025-11-04 05:00:00+00:00,90.4225,34.28604651162791
2025-11-04 06:00:00+00:00,100.0975,34.28604651162791
2025-11-04 07:00:00+00:00,101.865,34.28604651162791
2025-11-04 08:00:00+00:00,101.6775,34.28604651162791
2025-11-04 09:00:00+00:00,101.5125,34.28604651162791
2025-11-04 10:00:00+00:00,102.3975,34.28604651162791
2025-11-04 11:00:00+00:00,109.4825,34.28604651162791
2025-11-04 12:00:00+00:00,121.485,34.28604651162791
2025-11-04 13:00:00+00:00,123.495,34.28604651162791
2025-11-04 14:00:00+00:00,117.475,34.28604651162791
2025-11-04 15:00:00+00:00,91.1675,34.28604651162791
2025-11-04 16:00:00+00:00,86.07,34.28604651162791
2025-11-04 17:00:00+00:00,84.445,34.28604651162791
2025-11-04 18:00:00+00:00,85.005,34.28604651162791
2025-11-04 19:00:00+00:00,89.525,34.28604651162791
2025-11-04 20:00:00+00:00,103.26,34.28604651162791
2025-11-04 21:00:00+00:00,130.3975,34.28604651162791
2025-11-04 22:00:00+00:00,146.6475,34.28604651162791
2025-11-04 23:00:00+00:00,158.62,35.85813953488372
2025-11-05 00:00:00+00:00,141.6925,35.85813953488372
2025-11-05 01:00:00+00:00,131.7075,35.85813953488372
2025-11-05 02:00:00+00:00,114.8475,35.85813953488372
2025-11-05 03:00:00+00:00,102.1825,35.85813953488372
2025-11-05 04:00:00+00:00,100.7175,35.85813953488372
2025-11-05 05:00:00+00:00,92.1875,35.85813953488372
2025-11-05 06:00:00+00:00,90.8125,35.85813953488372
2025-11-05 07:00:00+00:00,89.905,35.85813953488372
2025-11-05 08:00:00+00:00,90.785,35.85813953488372
2025-11-05 09:00:00+00:00,91.14,35.85813953488372
2025-11-05 10:00:00+00:00,92.0675,35.85813953488372
2025-11-05 11:00:00+00:00,101.39,35.85813953488372
2025-11-05 12:00:00+00:00,116.91,35.85813953488372
2025-11-05 13:00:00+00:00,134.53,35.85813953488372
2025-11-05 14:00:00+00:00,126.555,35.85813953488372
2025-11-05 15:00:00+00:00,109.0225,35.85813953488372
2025-11-05 16:00:00+00:00,93.6775,35.85813953488372
2025-11-05 17:00:00+00:00,90.75,35.85813953488372
2025-11-05 18:00:00+00:00,89.745,35.85813953488372
2025-11-05 19:00:00+00:00,93.56,35.85813953488372
2025-11-05 20:00:00+00:00,105.495,35.85813953488372
2025-11-05 21:00:00+00:00,129.04,35.85813953488372
2025-11-05 22:00:00+00:00,176.825,35.85813953488372
2025-11-05 23:00:00+00:00,194.82,35.253488372093024
2025-11-06 00:00:00+00:00,147.4525,35.253488372093024
2025-11-06 01:00:00+00:00,128.8025,35.253488372093024
2025-11-06 02:00:00+00:00,111.5825,35.253488372093024
2025-11-06 03:00:00+00:00,101.8325,35.253488372093024
2025-11-06 04:00:00+00:00,101.1375,35.253488372093024
2025-11-06 05:00:00+00:00,96.6775,35.253488372093024
2025-11-06 06:00:00+00:00,100.0325,35.253488372093024
2025-11-06 07:00:00+00:00,99.915,35.253488372093024
2025-11-06 08:00:00+00:00,100.01,35.253488372093024
2025-11-06 09:00:00+00:00,101.635,35.253488372093024
2025-11-06 10:00:00+00:00,101.9725,35.253488372093024
2025-11-06 11:00:00+00:00,105.59,35.253488372093024
2025-11-06 12:00:00+00:00,101.63,35.253488372093024
2025-11-06 13:00:00+00:00,102.635,35.253488372093024
2025-11-06 14:00:00+00:00,105.62,35.253488372093024
2025-11-06 15:00:00+00:00,102.775,35.253488372093024
2025-11-06 16:00:00+00:00,99.6275,35.253488372093024
2025-11-06 17:00:00+00:00,93.6625,35.253488372093024
2025-11-06 18:00:00+00:00,100.2375,35.253488372093024
2025-11-06 19:00:00+00:00,108.3525,35.253488372093024
2025-11-06 20:00:00+00:00,129.5,35.253488372093024
2025-11-06 21:00:00+00:00,122.35,35.253488372093024
2025-11-06 22:00:00+00:00,134.4475,35.253488372093024
2025-11-06 23:00:00+00:00,136.56,35.50232558139535
2025-11-07 00:00:00+00:00,136.2375,35.50232558139535
2025-11-07 01:00:00+00:00,132.14,35.50232558139535
2025-11-07 02:00:00+00:00,123.895,35.50232558139535
2025-11-07 03:00:00+00:00,114.245,35.50232558139535
2025-11-07 04:00:00+00:00,106.97,35.50232558139535
2025-11-07 05:00:00+00:00,102.2425,35.50232558139535
2025-11-07 06:00:00+00:00,99.085,35.50232558139535
2025-11-07 07:00:00+00:00,99.8875,35.50232558139535
2025-11-07 08:00:00+00:00,99.795,35.50232558139535
2025-11-07 09:00:00+00:00,99.8075,35.50232558139535
2025-11-07 10:00:00+00:00,99.8825,35.50232558139535
2025-11-07 11:00:00+00:00,99.7975,35.50232558139535
2025-11-07 12:00:00+00:00,99.205,35.50232558139535
2025-11-07 13:00:00+00:00,99.2475,35.50232558139535
2025-11-07 14:00:00+00:00,101.92,35.50232558139535
2025-11-07 15:00:00+00:00,101.22,35.50232558139535
2025-11-07 16:00:00+00:00,100.6275,35.50232558139535
2025-11-07 17:00:00+00:00,100.75,35.50232558139535
2025-11-07 18:00:00+00:00,105.335,35.50232558139535
2025-11-07 19:00:00+00:00,106.56,35.50232558139535
2025-11-07 20:00:00+00:00,106.5175,35.50232558139535
2025-11-07 21:00:00+00:00,121.7875,35.50232558139535
2025-11-07 22:00:00+00:00,138.7025,35.50232558139535
2025-11-07 23:00:00+00:00,136.4325,34.81395348837209
2025-11-08 00:00:00+00:00,130.66,34.81395348837209
2025-11-08 01:00:00+00:00,138.7075,34.81395348837209
2025-11-08 02:00:00+00:00,127.8575,34.81395348837209
2025-11-08 03:00:00+00:00,117.3175,34.81395348837209
2025-11-08 04:00:00+00:00,108.3425,34.81395348837209
2025-11-08 05:00:00+00:00,100.0175,34.81395348837209
2025-11-08 06:00:00+00:00,90.105,34.81395348837209
2025-11-08 07:00:00+00:00,88.73,34.81395348837209
2025-11-08 08:00:00+00:00,90.0675,34.81395348837209
2025-11-08 09:00:00+00:00,89.205,34.81395348837209
2025-11-08 10:00:00+00:00,88.925,34.81395348837209
2025-11-08 11:00:00+00:00,94.4325,34.81395348837209
2025-11-08 12:00:00+00:00,118.255,34.81395348837209
2025-11-08 13:00:00+00:00,145.6375,34.81395348837209
2025-11-08 14:00:00+00:00,159.455,34.81395348837209
2025-11-08 15:00:00+00:00,145.45,34.81395348837209
2025-11-08 16:00:00+00:00,131.145,34.81395348837209
2025-11-08 17:00:00+00:00,119.6525,34.81395348837209
2025-11-08 18:00:00+00:00,111.5575,34.81395348837209
2025-11-08 19:00:00+00:00,131.9975,34.81395348837209
2025-11-08 20:00:00+00:00,163.95,34.81395348837209
2025-11-08 21:00:00+00:00,190.74,34.81395348837209
2025-11-08 22:00:00+00:00,234.1525,34.81395348837209
2025-11-08 23:00:00+00:00,197.555,35.50697674418605
2025-11-09 00:00:00+00:00,184.42,35.50697674418605
2025-11-09 01:00:00+00:00,164.7375,35.50697674418605
2025-11-09 02:00:00+00:00,173.065,35.50697674418605
2025-11-09 03:00:00+00:00,119.5275,35.50697674418605
2025-11-09 04:00:00+00:00,115.43,35.50697674418605
2025-11-09 05:00:00+00:00,102.3775,35.50697674418605
2025-11-09 06:00:00+00:00,103.1775,35.50697674418605
2025-11-09 07:00:00+00:00,108.2175,35.50697674418605
2025-11-09 08:00:00+00:00,101.99,35.50697674418605
2025-11-09 09:00:00+00:00,101.98,35.50697674418605
2025-11-09 10:00:00+00:00,101.98,35.50697674418605
2025-11-09 11:00:00+00:00,103.5275,35.50697674418605
2025-11-09 12:00:00+00:00,105.6175,35.50697674418605
2025-11-09 13:00:00+00:00,109.1975,35.50697674418605
2025-11-09 14:00:00+00:00,115.0275,35.50697674418605
2025-11-09 15:00:00+00:00,109.4425,35.50697674418605
2025-11-09 16:00:00+00:00,104.8975,35.50697674418605
2025-11-09 17:00:00+00:00,104.995,35.50697674418605
2025-11-09 18:00:00+00:00,106.72,35.50697674418605
2025-11-09 19:00:00+00:00,109.9625,35.50697674418605
2025-11-09 20:00:00+00:00,108.33,35.50697674418605
2025-11-09 21:00:00+00:00,126.195,35.50697674418605
2025-11-09 22:00:00+00:00,143.3725,35.50697674418605
2025-11-09 23:00:00+00:00,138.15,35.9046511627907
2025-11-10 00:00:00+00:00,124.8,35.9046511627907
2025-11-10 01:00:00+00:00,119.1175,35.9046511627907
2025-11-10 02:00:00+00:00,111.9725,35.9046511627907
2025-11-10 03:00:00+00:00,106.3825,35.9046511627907
2025-11-10 04:00:00+00:00,102.27,35.9046511627907
2025-11-10 05:00:00+00:00,99.4725,35.9046511627907
2025-11-10 06:00:00+00:00,88.96,35.9046511627907
2025-11-10 07:00:00+00:00,94.345,35.9046511627907
2025-11-10 08:00:00+00:00,93.405,35.9046511627907
2025-11-10 09:00:00+00:00,94.8025,35.9046511627907
2025-11-10 10:00:00+00:00,90.845,35.9046511627907
2025-11-10 11:00:00+00:00,113.2725,35.9046511627907
2025-11-10 12:00:00+00:00,184.09,35.9046511627907
2025-11-10 13:00:00+00:00,197.6975,35.9046511627907
2025-11-10 14:00:00+00:00,158.8425,35.9046511627907
2025-11-10 15:00:00+00:00,124.44,35.9046511627907
2025-11-10 16:00:00+00:00,100.315,35.9046511627907
2025-11-10 17:00:00+00:00,97.665,35.9046511627907
2025-11-10 18:00:00+00:00,99.9275,35.9046511627907
2025-11-10 19:00:00+00:00,102.005,35.9046511627907
2025-11-10 20:00:00+00:00,121.865,35.9046511627907
2025-11-10 21:00:00+00:00,169.7725,35.9046511627907
2025-11-10 22:00:00+00:00,182.2125,35.9046511627907
2025-11-10 23:00:00+00:00,130.6425,33.73255813953489
2025-11-11 00:00:00+00:00,122.5925,33.73255813953489
2025-11-11 01:00:00+00:00,112.465,33.73255813953489
2025-11-11 02:00:00+00:00,105.335,33.73255813953489
2025-11-11 03:00:00+00:00,96.7175,33.73255813953489
2025-11-11 04:00:00+00:00,86.795,33.73255813953489
2025-11-11 05:00:00+00:00,66.07,33.73255813953489
2025-11-11 06:00:00+00:00,45.7825,33.73255813953489
2025-11-11 07:00:00+00:00,35.0325,33.73255813953489
2025-11-11 08:00:00+00:00,1.5325,33.73255813953489
2025-11-11 09:00:00+00:00,-0.0875,33.73255813953489
2025-11-11 10:00:00+00:00,14.13,33.73255813953489
2025-11-11 11:00:00+00:00,48.2575,33.73255813953489
2025-11-11 12:00:00+00:00,89.415,33.73255813953489
2025-11-11 13:00:00+00:00,101.76,33.73255813953489
2025-11-11 14:00:00+00:00,88.1025,33.73255813953489
2025-11-11 15:00:00+00:00,57.235,33.73255813953489
2025-11-11 16:00:00+00:00,29.485,33.73255813953489
2025-11-11 17:00:00+00:00,24.425,33.73255813953489
2025-11-11 18:00:00+00:00,40.395,33.73255813953489
2025-11-11 19:00:00+00:00,67.1975,33.73255813953489
2025-11-11 20:00:00+00:00,86.8525,33.73255813953489
2025-11-11 21:00:00+00:00,98.8725,33.73255813953489
2025-11-11 22:00:00+00:00,104.8475,33.73255813953489
2025-11-11 23:00:00+00:00,101.38,34.3093023255814
2025-11-12 00:00:00+00:00,99.56,34.3093023255814
2025-11-12 01:00:00+00:00,105.7725,34.3093023255814
2025-11-12 02:00:00+00:00,113.1975,34.3093023255814
2025-11-12 03:00:00+00:00,102.66,34.3093023255814
2025-11-12 04:00:00+00:00,104.705,34.3093023255814
2025-11-12 05:00:00+00:00,91.8375,34.3093023255814
2025-11-12 06:00:00+00:00,97.0925,34.3093023255814
2025-11-12 07:00:00+00:00,93.3675,34.3093023255814
2025-11-12 08:00:00+00:00,93.875,34.3093023255814
2025-11-12 09:00:00+00:00,91.32,34.3093023255814
2025-11-12 10:00:00+00:00,94.785,34.3093023255814
2025-11-12 11:00:00+00:00,102.53,34.3093023255814
2025-11-12 12:00:00+00:00,119.405,34.3093023255814
2025-11-12 13:00:00+00:00,140.42,34.3093023255814
2025-11-12 14:00:00+00:00,138.615,34.3093023255814
2025-11-12 15:00:00+00:00,123.6775,34.3093023255814
2025-11-12 16:00:00+00:00,114.8525,34.3093023255814
2025-11-12 17:00:00+00:00,108.5775,34.3093023255814
2025-11-12 18:00:00+00:00,105.1025,34.3093023255814
2025-11-12 19:00:00+00:00,114.6825,34.3093023255814
2025-11-12 20:00:00+00:00,151.9825,34.3093023255814
2025-11-12 21:00:00+00:00,172.095,34.3093023255814
2025-11-12 22:00:00+00:00,192.7925,34.3093023255814
2025-11-12 23:00:00+00:00,176.51,35.26046511627907
2025-11-13 00:00:00+00:00,160.71,35.26046511627907
2025-11-13 01:00:00+00:00,170.575,35.26046511627907
2025-11-13 02:00:00+00:00,140.4725,35.26046511627907
2025-11-13 03:00:00+00:00,112.1625,35.26046511627907
2025-11-13 04:00:00+00:00,108.28,35.26046511627907
2025-11-13 05:00:00+00:00,103.405,35.26046511627907
2025-11-13 06:00:00+00:00,103.2025,35.26046511627907
2025-11-13 07:00:00+00:00,100.865,35.26046511627907
2025-11-13 08:00:00+00:00,102.705,35.26046511627907
2025-11-13 09:00:00+00:00,102.635,35.26046511627907
2025-11-13 10:00:00+00:00,104.2825,35.26046511627907
2025-11-13 11:00:00+00:00,106.0175,35.26046511627907
2025-11-13 12:00:00+00:00,103.03,35.26046511627907
2025-11-13 13:00:00+00:00,105.43,35.26046511627907
2025-11-13 14:00:00+00:00,103.725,35.26046511627907
2025-11-13 15:00:00+00:00,104.425,35.26046511627907
2025-11-13 16:00:00+00:00,111.4575,35.26046511627907
2025-11-13 17:00:00+00:00,106.895,35.26046511627907
2025-11-13 18:00:00+00:00,106.005,35.26046511627907
2025-11-13 19:00:00+00:00,111.3475,35.26046511627907
2025-11-13 20:00:00+00:00,132.5775,35.26046511627907
2025-11-13 21:00:00+00:00,162.54,35.26046511627907
2025-11-13 22:00:00+00:00,161.5675,35.26046511627907
2025-11-13 23:00:00+00:00,134.185,35.17906976744187
2025-11-14 00:00:00+00:00,126.635,35.17906976744187
2025-11-14 01:00:00+00:00,114.915,35.17906976744187
2025-11-14 02:00:00+00:00,111.605,35.17906976744187
2025-11-14 03:00:00+00:00,102.2925,35.17906976744187
2025-11-14 04:00:00+00:00,102.065,35.17906976744187
2025-11-14 05:00:00+00:00,100.655,35.17906976744187
2025-11-14 06:00:00+00:00,93.77,35.17906976744187
2025-11-14 07:00:00+00:00,99.96,35.17906976744187
2025-11-14 08:00:00+00:00,98.0625,35.17906976744187
2025-11-14 09:00:00+00:00,99.155,35.17906976744187
2025-11-14 10:00:00+00:00,98.79,35.17906976744187
2025-11-14 11:00:00+00:00,102.925,35.17906976744187
2025-11-14 12:00:00+00:00,102.8,35.17906976744187
2025-11-14 13:00:00+00:00,100.5475,35.17906976744187
2025-11-14 14:00:00+00:00,102.0125,35.17906976744187
2025-11-14 15:00:00+00:00,102.895,35.17906976744187
2025-11-14 16:00:00+00:00,101.9475,35.17906976744187
2025-11-14 17:00:00+00:00,104.3475,35.17906976744187
2025-11-14 18:00:00+00:00,103.5975,35.17906976744187
2025-11-14 19:00:00+00:00,106.3475,35.17906976744187
2025-11-14 20:00:00+00:00,111.1175,35.17906976744187
2025-11-14 21:00:00+00:00,118.9175,35.17906976744187
2025-11-14 22:00:00+00:00,125.7675,35.17906976744187
2025-11-14 23:00:00+00:00,130.8275,36.437209302325584
2025-11-15 00:00:00+00:00,126.08,36.437209302325584
2025-11-15 01:00:00+00:00,116.2325,36.437209302325584
2025-11-15 02:00:00+00:00,109.3625,36.437209302325584
2025-11-15 03:00:00+00:00,100.0925,36.437209302325584
2025-11-15 04:00:00+00:00,101.785,36.437209302325584
2025-11-15 05:00:00+00:00,102.31,36.437209302325584
2025-11-15 06:00:00+00:00,92.3325,36.437209302325584
2025-11-15 07:00:00+00:00,99.28,36.437209302325584
2025-11-15 08:00:00+00:00,99.5325,36.437209302325584
2025-11-15 09:00:00+00:00,98.5475,36.437209302325584
2025-11-15 10:00:00+00:00,101.8875,36.437209302325584
2025-11-15 11:00:00+00:00,100.735,36.437209302325584
2025-11-15 12:00:00+00:00,113.9125,36.437209302325584
2025-11-15 13:00:00+00:00,119.6225,36.437209302325584
2025-11-15 14:00:00+00:00,134.86,36.437209302325584
2025-11-15 15:00:00+00:00,133.7525,36.437209302325584
2025-11-15 16:00:00+00:00,140.015,36.437209302325584
2025-11-15 17:00:00+00:00,130.265,36.437209302325584
2025-11-15 18:00:00+00:00,156.7625,36.437209302325584
2025-11-15 19:00:00+00:00,162,36.437209302325584
2025-11-15 20:00:00+00:00,162.38,36.437209302325584
2025-11-15 21:00:00+00:00,138.8325,36.437209302325584
2025-11-15 22:00:00+00:00,131.085,36.437209302325584
2025-11-15 23:00:00+00:00,118.0325,37.146511627906975
2025-11-16 00:00:00+00:00,116.58,37.146511627906975
2025-11-16 01:00:00+00:00,110.7075,37.146511627906975
2025-11-16 02:00:00+00:00,103.0125,37.146511627906975
2025-11-16 03:00:00+00:00,93.26,37.146511627906975
2025-11-16 04:00:00+00:00,90.1025,37.146511627906975
2025-11-16 05:00:00+00:00,85.395,37.146511627906975
2025-11-16 06:00:00+00:00,87.4125,37.146511627906975
2025-11-16 07:00:00+00:00,83.0325,37.146511627906975
2025-11-16 08:00:00+00:00,79.235,37.146511627906975
2025-11-16 09:00:00+00:00,77.9625,37.146511627906975
2025-11-16 10:00:00+00:00,82.9825,37.146511627906975
2025-11-16 11:00:00+00:00,92.905,37.146511627906975
2025-11-16 12:00:00+00:00,117.9975,37.146511627906975
2025-11-16 13:00:00+00:00,107.315,37.146511627906975
2025-11-16 14:00:00+00:00,120.13,37.146511627906975
2025-11-16 15:00:00+00:00,107.735,37.146511627906975
2025-11-16 16:00:00+00:00,92.3725,37.146511627906975
2025-11-16 17:00:00+00:00,89.5975,37.146511627906975
2025-11-16 18:00:00+00:00,94.8625,37.146511627906975
2025-11-16 19:00:00+00:00,107.865,37.146511627906975
2025-11-16 20:00:00+00:00,125.2875,37.146511627906975
2025-11-16 21:00:00+00:00,140.3775,37.146511627906975
2025-11-16 22:00:00+00:00,165.73,37.146511627906975
2025-11-16 23:00:00+00:00,152.8475,37.525581395348844
2025-11-17 00:00:00+00:00,146.655,37.525581395348844
2025-11-17 01:00:00+00:00,139.2825,37.525581395348844
2025-11-17 02:00:00+00:00,123.9025,37.525581395348844
2025-11-17 03:00:00+00:00,104.3875,37.525581395348844
2025-11-17 04:00:00+00:00,108.13,37.525581395348844
2025-11-17 05:00:00+00:00,98.5975,37.525581395348844
2025-11-17 06:00:00+00:00,89.0375,37.525581395348844
2025-11-17 07:00:00+00:00,91.0575,37.525581395348844
2025-11-17 08:00:00+00:00,89.9025,37.525581395348844
2025-11-17 09:00:00+00:00,96.3125,37.525581395348844
2025-11-17 10:00:00+00:00,105.7875,37.525581395348844
2025-11-17 11:00:00+00:00,109.455,37.525581395348844
2025-11-17 12:00:00+00:00,121.8225,37.525581395348844
2025-11-17 13:00:00+00:00,146.32,37.525581395348844
2025-11-17 14:00:00+00:00,137.51,37.525581395348844
2025-11-17 15:00:00+00:00,117.2225,37.525581395348844
2025-11-17 16:00:00+00:00,98.285,37.525581395348844
2025-11-17 17:00:00+00:00,92.7625,37.525581395348844
2025-11-17 18:00:00+00:00,95.795,37.525581395348844
2025-11-17 19:00:00+00:00,107.1675,37.525581395348844
2025-11-17 20:00:00+00:00,133.2575,37.525581395348844
2025-11-17 21:00:00+00:00,214.01,37.525581395348844
2025-11-17 22:00:00+00:00,257.37,37.525581395348844
2025-11-17 23:00:00+00:00,170.085,37.372093023255815
2025-11-18 00:00:00+00:00,150.045,37.372093023255815
2025-11-18 01:00:00+00:00,137.0025,37.372093023255815
2025-11-18 02:00:00+00:00,117.015,37.372093023255815
2025-11-18 03:00:00+00:00,105.0475,37.372093023255815
2025-11-18 04:00:00+00:00,106.185,37.372093023255815
2025-11-18 05:00:00+00:00,109.4375,37.372093023255815
2025-11-18 06:00:00+00:00,107.0525,37.372093023255815
2025-11-18 07:00:00+00:00,107.1525,37.372093023255815
2025-11-18 08:00:00+00:00,101.63,37.372093023255815
2025-11-18 09:00:00+00:00,102.82,37.372093023255815
2025-11-18 10:00:00+00:00,104.8,37.372093023255815
2025-11-18 11:00:00+00:00,110.12,37.372093023255815
2025-11-18 12:00:00+00:00,117.2775,37.372093023255815
2025-11-18 13:00:00+00:00,152.505,37.372093023255815
2025-11-18 14:00:00+00:00,156.2275,37.372093023255815
2025-11-18 15:00:00+00:00,152.5575,37.372093023255815
2025-11-18 16:00:00+00:00,142.515,37.372093023255815
2025-11-18 17:00:00+00:00,133.36,37.372093023255815
2025-11-18 18:00:00+00:00,145.5325,37.372093023255815
2025-11-18 19:00:00+00:00,169.825,37.372093023255815
2025-11-18 20:00:00+00:00,178.5875,37.372093023255815
2025-11-18 21:00:00+00:00,178.845,37.372093023255815
2025-11-18 22:00:00+00:00,203.5375,37.372093023255815
2025-11-18 23:00:00+00:00,175.0525,37.4
2025-11-19 00:00:00+00:00,162.8775,37.4
2025-11-19 01:00:00+00:00,155.665,37.4
2025-11-19 02:00:00+00:00,136.215,37.4
2025-11-19 03:00:00+00:00,118.77,37.4
2025-11-19 04:00:00+00:00,106.815,37.4
2025-11-19 05:00:00+00:00,94.4325,37.4
2025-11-19 06:00:00+00:00,102.14,37.4
2025-11-19 07:00:00+00:00,94.3125,37.4
2025-11-19 08:00:00+00:00,90.425,37.4
2025-11-19 09:00:00+00:00,90.4375,37.4
2025-11-19 10:00:00+00:00,94.9825,37.4
2025-11-19 11:00:00+00:00,102.9125,37.4
2025-11-19 12:00:00+00:00,133.09,37.4
2025-11-19 13:00:00+00:00,179.9575,37.4
2025-11-19 14:00:00+00:00,205.52,37.4
2025-11-19 15:00:00+00:00,182.905,37.4
2025-11-19 16:00:00+00:00,153.8775,37.4
2025-11-19 17:00:00+00:00,140.4125,37.4
2025-11-19 18:00:00+00:00,132.1425,37.4
2025-11-19 19:00:00+00:00,137.295,37.4
2025-11-19 20:00:00+00:00,160.4475,37.4
2025-11-19 21:00:00+00:00,198.2725,37.4
2025-11-19 22:00:00+00:00,252.49,37.4
2025-11-19 23:00:00+00:00,250.765,36.56976744186046
2025-11-20 00:00:00+00:00,206.2425,36.56976744186046
2025-11-20 01:00:00+00:00,172.345,36.56976744186046
2025-11-20 02:00:00+00:00,142.97,36.56976744186046
2025-11-20 03:00:00+00:00,117.655,36.56976744186046
2025-11-20 04:00:00+00:00,108.2725,36.56976744186046
2025-11-20 05:00:00+00:00,111.585,36.56976744186046
2025-11-20 06:00:00+00:00,116.1875,36.56976744186046
2025-11-20 07:00:00+00:00,112.56,36.56976744186046
2025-11-20 08:00:00+00:00,121.3475,36.56976744186046
2025-11-20 09:00:00+00:00,117.2875,36.56976744186046
2025-11-20 10:00:00+00:00,112.0625,36.56976744186046
2025-11-20 11:00:00+00:00,106.3375,36.56976744186046
2025-11-20 12:00:00+00:00,104.71,36.56976744186046
2025-11-20 13:00:00+00:00,109.3675,36.56976744186046
2025-11-20 14:00:00+00:00,112.565,36.56976744186046
2025-11-20 15:00:00+00:00,108.545,36.56976744186046
2025-11-20 16:00:00+00:00,105.215,36.56976744186046
2025-11-20 17:00:00+00:00,107.1075,36.56976744186046
2025-11-20 18:00:00+00:00,108.5475,36.56976744186046
2025-11-20 19:00:00+00:00,120.89,36.56976744186046
2025-11-20 20:00:00+00:00,167.8625,36.56976744186046
2025-11-20 21:00:00+00:00,195.9025,36.56976744186046
2025-11-20 22:00:00+00:00,206.6675,36.56976744186046
2025-11-20 23:00:00+00:00,177.2475,37.6906976744186
2025-11-21 00:00:00+00:00,176.3975,37.6906976744186
2025-11-21 01:00:00+00:00,176.365,37.6906976744186
2025-11-21 02:00:00+00:00,170.4275,37.6906976744186
2025-11-21 03:00:00+00:00,115.64,37.6906976744186
2025-11-21 04:00:00+00:00,105.7125,37.6906976744186
2025-11-21 05:00:00+00:00,106.4675,37.6906976744186
2025-11-21 06:00:00+00:00,105.575,37.6906976744186
2025-11-21 07:00:00+00:00,107.4175,37.6906976744186
2025-11-21 08:00:00+00:00,108.0175,37.6906976744186
2025-11-21 09:00:00+00:00,106.665,37.6906976744186
2025-11-21 10:00:00+00:00,106.9725,37.6906976744186
2025-11-21 11:00:00+00:00,104.6125,37.6906976744186
2025-11-21 12:00:00+00:00,106.6475,37.6906976744186
2025-11-21 13:00:00+00:00,102.6175,37.6906976744186
2025-11-21 14:00:00+00:00,106.44,37.6906976744186
2025-11-21 15:00:00+00:00,109.93,37.6906976744186
2025-11-21 16:00:00+00:00,111.445,37.6906976744186
2025-11-21 17:00:00+00:00,111.445,37.6906976744186
2025-11-21 18:00:00+00:00,108.0325,37.6906976744186
2025-11-21 19:00:00+00:00,120.995,37.6906976744186
2025-11-21 20:00:00+00:00,150.3525,37.6906976744186
2025-11-21 21:00:00+00:00,171.365,37.6906976744186
2025-11-21 22:00:00+00:00,199.8275,37.6906976744186
2025-11-21 23:00:00+00:00,160.21,37.79767441860465
2025-11-22 00:00:00+00:00,151.3125,37.79767441860465
2025-11-22 01:00:00+00:00,154.4925,37.79767441860465
2025-11-22 02:00:00+00:00,134.1525,37.79767441860465
2025-11-22 03:00:00+00:00,111.3475,37.79767441860465
2025-11-22 04:00:00+00:00,104.4075,37.79767441860465
2025-11-22 05:00:00+00:00,107.4275,37.79767441860465
2025-11-22 06:00:00+00:00,106.005,37.79767441860465
2025-11-22 07:00:00+00:00,102.5725,37.79767441860465
2025-11-22 08:00:00+00:00,101.0875,37.79767441860465
2025-11-22 09:00:00+00:00,101.2075,37.79767441860465
2025-11-22 10:00:00+00:00,102.9675,37.79767441860465
2025-11-22 11:00:00+00:00,105.1225,37.79767441860465
2025-11-22 12:00:00+00:00,161.6175,37.79767441860465
2025-11-22 13:00:00+00:00,225.9475,37.79767441860465
2025-11-22 14:00:00+00:00,222.85,37.79767441860465
2025-11-22 15:00:00+00:00,231.98,37.79767441860465
2025-11-22 16:00:00+00:00,203.365,37.79767441860465
2025-11-22 17:00:00+00:00,227.3525,37.79767441860465
2025-11-22 18:00:00+00:00,234.9225,37.79767441860465
2025-11-22 19:00:00+00:00,239.5825,37.79767441860465
2025-11-22 20:00:00+00:00,266.6125,37.79767441860465
2025-11-22 21:00:00+00:00,271.3025,37.79767441860465
2025-11-22 22:00:00+00:00,302.205,37.79767441860465
2025-11-22 23:00:00+00:00,279.43,37.85581395348837
2025-11-23 00:00:00+00:00,260.985,37.85581395348837
2025-11-23 01:00:00+00:00,237.7125,37.85581395348837
2025-11-23 02:00:00+00:00,204.6675,37.85581395348837
2025-11-23 03:00:00+00:00,142.6225,37.85581395348837
2025-11-23 04:00:00+00:00,126.0975,37.85581395348837
2025-11-23 05:00:00+00:00,108.97,37.85581395348837
2025-11-23 06:00:00+00:00,102.76,37.85581395348837
2025-11-23 07:00:00+00:00,102.3375,37.85581395348837
2025-11-23 08:00:00+00:00,100.6575,37.85581395348837
2025-11-23 09:00:00+00:00,100.91,37.85581395348837
2025-11-23 10:00:00+00:00,102.795,37.85581395348837
2025-11-23 11:00:00+00:00,110.8675,37.85581395348837
2025-11-23 12:00:00+00:00,273.215,37.85581395348837
2025-11-23 13:00:00+00:00,341.4475,37.85581395348837
2025-11-23 14:00:00+00:00,375.6575,37.85581395348837
2025-11-23 15:00:00+00:00,360.0175,37.85581395348837
2025-11-23 16:00:00+00:00,354.5325,37.85581395348837
2025-11-23 17:00:00+00:00,372.38,37.85581395348837
2025-11-23 18:00:00+00:00,406.03,37.85581395348837
2025-11-23 19:00:00+00:00,419.14,37.85581395348837
2025-11-23 20:00:00+00:00,424.78,37.85581395348837
2025-11-23 21:00:00+00:00,379.7725,37.85581395348837
2025-11-23 22:00:00+00:00,389.72,37.85581395348837
2025-11-23 23:00:00+00:00,378.96,37.85116279069767
2025-11-24 00:00:00+00:00,301.19,37.85116279069767
2025-11-24 01:00:00+00:00,253.1675,37.85116279069767
2025-11-24 02:00:00+00:00,174.555,37.85116279069767
2025-11-24 03:00:00+00:00,134.6775,37.85116279069767
2025-11-24 04:00:00+00:00,120.4025,37.85116279069767
2025-11-24 05:00:00+00:00,106.0475,37.85116279069767
2025-11-24 06:00:00+00:00,106.3675,37.85116279069767
2025-11-24 07:00:00+00:00,100.4675,37.85116279069767
2025-11-24 08:00:00+00:00,98.0625,37.85116279069767
2025-11-24 09:00:00+00:00,96.715,37.85116279069767
2025-11-24 10:00:00+00:00,96.175,37.85116279069767
2025-11-24 11:00:00+00:00,98.1025,37.85116279069767
2025-11-24 12:00:00+00:00,127.46,37.85116279069767
2025-11-24 13:00:00+00:00,182.015,37.85116279069767
2025-11-24 14:00:00+00:00,210.645,37.85116279069767
2025-11-24 15:00:00+00:00,210.2175,37.85116279069767
2025-11-24 16:00:00+00:00,183.2825,37.85116279069767
2025-11-24 17:00:00+00:00,171.0275,37.85116279069767
2025-11-24 18:00:00+00:00,164.92,37.85116279069767
2025-11-24 19:00:00+00:00,169.2475,37.85116279069767
2025-11-24 20:00:00+00:00,174.7725,37.85116279069767
2025-11-24 21:00:00+00:00,148.1675,37.85116279069767
2025-11-24 22:00:00+00:00,162.17,37.85116279069767
2025-11-24 23:00:00+00:00,130.2025,37.34418604651163
2025-11-25 00:00:00+00:00,113.4675,37.34418604651163
2025-11-25 01:00:00+00:00,126.7675,37.34418604651163
2025-11-25 02:00:00+00:00,137.3175,37.34418604651163
2025-11-25 03:00:00+00:00,114.9675,37.34418604651163
2025-11-25 04:00:00+00:00,102.165,37.34418604651163
2025-11-25 05:00:00+00:00,94.22,37.34418604651163
2025-11-25 06:00:00+00:00,93.6825,37.34418604651163
2025-11-25 07:00:00+00:00,89.4375,37.34418604651163
2025-11-25 08:00:00+00:00,88.84,37.34418604651163
2025-11-25 09:00:00+00:00,90.505,37.34418604651163
2025-11-25 10:00:00+00:00,92.46,37.34418604651163
2025-11-25 11:00:00+00:00,107.145,37.34418604651163
2025-11-25 12:00:00+00:00,115.2975,37.34418604651163
2025-11-25 13:00:00+00:00,129.52,37.34418604651163
2025-11-25 14:00:00+00:00,148.5225,37.34418604651163
2025-11-25 15:00:00+00:00,136.775,37.34418604651163
2025-11-25 16:00:00+00:00,110.025,37.34418604651163
2025-11-25 17:00:00+00:00,112.8975,37.34418604651163
2025-11-25 18:00:00+00:00,130.6175,37.34418604651163
2025-11-25 19:00:00+00:00,164.2975,37.34418604651163
2025-11-25 20:00:00+00:00,208.2125,37.34418604651163
2025-11-25 21:00:00+00:00,232.6325,37.34418604651163
2025-11-25 22:00:00+00:00,261.3225,37.34418604651163
2025-11-25 23:00:00+00:00,209.2,37.66046511627907
2025-11-26 00:00:00+00:00,151.6325,37.66046511627907
2025-11-26 01:00:00+00:00,147,37.66046511627907
2025-11-26 02:00:00+00:00,113.3475,37.66046511627907
2025-11-26 03:00:00+00:00,101.54,37.66046511627907
2025-11-26 04:00:00+00:00,106.83,37.66046511627907
2025-11-26 05:00:00+00:00,104.8425,37.66046511627907
2025-11-26 06:00:00+00:00,97.01,37.66046511627907
2025-11-26 07:00:00+00:00,93.3525,37.66046511627907
2025-11-26 08:00:00+00:00,88.0025,37.66046511627907
2025-11-26 09:00:00+00:00,91.0975,37.66046511627907
2025-11-26 10:00:00+00:00,98.665,37.66046511627907
2025-11-26 11:00:00+00:00,104.9725,37.66046511627907
2025-11-26 12:00:00+00:00,110.8075,37.66046511627907
2025-11-26 13:00:00+00:00,149.7625,37.66046511627907
2025-11-26 14:00:00+00:00,162.495,37.66046511627907
2025-11-26 15:00:00+00:00,134.8725,37.66046511627907
2025-11-26 16:00:00+00:00,113.77,37.66046511627907
2025-11-26 17:00:00+00:00,109.295,37.66046511627907
2025-11-26 18:00:00+00:00,117.1675,37.66046511627907
2025-11-26 19:00:00+00:00,146.52,37.66046511627907
2025-11-26 20:00:00+00:00,233.3375,37.66046511627907
2025-11-26 21:00:00+00:00,175.725,37.66046511627907
2025-11-26 22:00:00+00:00,196.4975,37.66046511627907
2025-11-26 23:00:00+00:00,159.55,37.2139534883721
2025-11-27 00:00:00+00:00,135.4375,37.2139534883721
2025-11-27 01:00:00+00:00,134.875,37.2139534883721
2025-11-27 02:00:00+00:00,118.32,37.2139534883721
2025-11-27 03:00:00+00:00,102.545,37.2139534883721
2025-11-27 04:00:00+00:00,109.33,37.2139534883721
2025-11-27 05:00:00+00:00,110.645,37.2139534883721
2025-11-27 06:00:00+00:00,106.195,37.2139534883721
2025-11-27 07:00:00+00:00,105.72,37.2139534883721
2025-11-27 08:00:00+00:00,105.205,37.2139534883721
2025-11-27 09:00:00+00:00,104.985,37.2139534883721
2025-11-27 10:00:00+00:00,106.205,37.2139534883721
2025-11-27 11:00:00+00:00,111.5575,37.2139534883721
2025-11-27 12:00:00+00:00,106.765,37.2139534883721
2025-11-27 13:00:00+00:00,107.77,37.2139534883721
2025-11-27 14:00:00+00:00,106.1925,37.2139534883721
2025-11-27 15:00:00+00:00,106.615,37.2139534883721
2025-11-27 16:00:00+00:00,105.69,37.2139534883721
2025-11-27 17:00:00+00:00,103.615,37.2139534883721
2025-11-27 18:00:00+00:00,106.415,37.2139534883721
2025-11-27 19:00:00+00:00,107.74,37.2139534883721
2025-11-27 20:00:00+00:00,125.165,37.2139534883721
2025-11-27 21:00:00+00:00,138.3,37.2139534883721
2025-11-27 22:00:00+00:00,183.005,37.2139534883721
2025-11-27 23:00:00+00:00,166.9575,36.7906976744186
2025-11-28 00:00:00+00:00,156.4875,36.7906976744186
2025-11-28 01:00:00+00:00,158.9225,36.7906976744186
2025-11-28 02:00:00+00:00,141.0725,36.7906976744186
2025-11-28 03:00:00+00:00,124.6175,36.7906976744186
2025-11-28 04:00:00+00:00,120.3275,36.7906976744186
2025-11-28 05:00:00+00:00,107.6175,36.7906976744186
2025-11-28 06:00:00+00:00,105.74,36.7906976744186
2025-11-28 07:00:00+00:00,108.1,36.7906976744186
2025-11-28 08:00:00+00:00,106.525,36.7906976744186
2025-11-28 09:00:00+00:00,106.29,36.7906976744186
2025-11-28 10:00:00+00:00,105.37,36.7906976744186
2025-11-28 11:00:00+00:00,104.61,36.7906976744186
2025-11-28 12:00:00+00:00,106.1325,36.7906976744186
2025-11-28 13:00:00+00:00,106.64,36.7906976744186
2025-11-28 14:00:00+00:00,106.885,36.7906976744186
2025-11-28 15:00:00+00:00,107.23,36.7906976744186
2025-11-28 16:00:00+00:00,107.8975,36.7906976744186
2025-11-28 17:00:00+00:00,108.6125,36.7906976744186
2025-11-28 18:00:00+00:00,109.8375,36.7906976744186
2025-11-28 19:00:00+00:00,105.715,36.7906976744186
2025-11-28 20:00:00+00:00,110.0925,36.7906976744186
2025-11-28 21:00:00+00:00,110.5925,36.7906976744186
2025-11-28 22:00:00+00:00,116.4425,36.7906976744186
2025-11-28 23:00:00+00:00,119.87,37.227906976744194
2025-11-29 00:00:00+00:00,121.025,37.227906976744194
2025-11-29 01:00:00+00:00,125.525,37.227906976744194
2025-11-29 02:00:00+00:00,121.3175,37.227906976744194
2025-11-29 03:00:00+00:00,115.06,37.227906976744194
2025-11-29 04:00:00+00:00,107.4175,37.227906976744194
2025-11-29 05:00:00+00:00,105.335,37.227906976744194
2025-11-29 06:00:00+00:00,109.11,37.227906976744194
2025-11-29 07:00:00+00:00,110.01,37.227906976744194
2025-11-29 08:00:00+00:00,111.33,37.227906976744194
2025-11-29 09:00:00+00:00,114.56,37.227906976744194
2025-11-29 10:00:00+00:00,111.98,37.227906976744194
2025-11-29 11:00:00+00:00,104.885,37.227906976744194
2025-11-29 12:00:00+00:00,182.92,37.227906976744194
2025-11-29 13:00:00+00:00,181.285,37.227906976744194
2025-11-29 14:00:00+00:00,186.1275,37.227906976744194
2025-11-29 15:00:00+00:00,207.3725,37.227906976744194
2025-11-29 16:00:00+00:00,166.6225,37.227906976744194
2025-11-29 17:00:00+00:00,158.31,37.227906976744194
2025-11-29 18:00:00+00:00,206.3975,37.227906976744194
2025-11-29 19:00:00+00:00,210.5625,37.227906976744194
2025-11-29 20:00:00+00:00,246.855,37.227906976744194
2025-11-29 21:00:00+00:00,302.6775,37.227906976744194
2025-11-29 22:00:00+00:00,388.425,37.227906976744194
2025-11-29 23:00:00+00:00,341.085,36.35581395348838
2025-11-30 00:00:00+00:00,372.1725,36.35581395348838
2025-11-30 01:00:00+00:00,336.58,36.35581395348838
2025-11-30 02:00:00+00:00,271.6425,36.35581395348838
2025-11-30 03:00:00+00:00,182.65,36.35581395348838
2025-11-30 04:00:00+00:00,147.365,36.35581395348838
2025-11-30 05:00:00+00:00,115.525,36.35581395348838
2025-11-30 06:00:00+00:00,113.4925,36.35581395348838
2025-11-30 07:00:00+00:00,112.3775,36.35581395348838
2025-11-30 08:00:00+00:00,114.575,36.35581395348838
2025-11-30 09:00:00+00:00,114.41,36.35581395348838
2025-11-30 10:00:00+00:00,114.945,36.35581395348838
2025-11-30 11:00:00+00:00,115.8325,36.35581395348838
2025-11-30 12:00:00+00:00,133.0125,36.35581395348838
2025-11-30 13:00:00+00:00,196.2025,36.35581395348838
2025-11-30 14:00:00+00:00,229.2925,36.35581395348838
2025-11-30 15:00:00+00:00,201.4825,36.35581395348838
2025-11-30 16:00:00+00:00,163.1025,36.35581395348838
2025-11-30 17:00:00+00:00,182.025,36.35581395348838
2025-11-30 18:00:00+00:00,177.1875,36.35581395348838
2025-11-30 19:00:00+00:00,220.845,36.35581395348838
2025-11-30 20:00:00+00:00,228.7375,36.35581395348838
2025-11-30 21:00:00+00:00,236.97,36.35581395348838
2025-11-30 22:00:00+00:00,271.8525,36.35581395348838
2025-11-30 23:00:00+00:00,200.81,36.574418604651164
2025-12-01 00:00:00+00:00,189.3475,36.574418604651164
2025-12-01 01:00:00+00:00,176.2675,36.574418604651164
2025-12-01 02:00:00+00:00,153.8775,36.574418604651164
2025-12-01 03:00:00+00:00,129.71,36.574418604651164
2025-12-01 04:00:00+00:00,119.7175,36.574418604651164
2025-12-01 05:00:00+00:00,109.8525,36.574418604651164
2025-12-01 06:00:00+00:00,105.5075,36.574418604651164
2025-12-01 07:00:00+00:00,107.91,36.574418604651164
2025-12-01 08:00:00+00:00,105.455,36.574418604651164
2025-12-01 09:00:00+00:00,107.3075,36.574418604651164
2025-12-01 10:00:00+00:00,108.345,36.574418604651164
2025-12-01 11:00:00+00:00,107.58,36.574418604651164
2025-12-01 12:00:00+00:00,146.3475,36.574418604651164
2025-12-01 13:00:00+00:00,198.26,36.574418604651164
2025-12-01 14:00:00+00:00,247.71,36.574418604651164
2025-12-01 15:00:00+00:00,218.11,36.574418604651164
2025-12-01 16:00:00+00:00,185.95,36.574418604651164
2025-12-01 17:00:00+00:00,172.4075,36.574418604651164
2025-12-01 18:00:00+00:00,165.89,36.574418604651164
2025-12-01 19:00:00+00:00,180.2675,36.574418604651164
2025-12-01 20:00:00+00:00,202.6325,36.574418604651164
2025-12-01 21:00:00+00:00,247.425,36.574418604651164
2025-12-01 22:00:00+00:00,315.235,36.574418604651164
2025-12-01 23:00:00+00:00,261.245,36.165116279069764
2025-12-02 00:00:00+00:00,205.48,36.165116279069764
2025-12-02 01:00:00+00:00,175.1375,36.165116279069764
2025-12-02 02:00:00+00:00,147.2475,36.165116279069764
2025-12-02 03:00:00+00:00,123.6725,36.165116279069764
2025-12-02 04:00:00+00:00,113.6425,36.165116279069764
2025-12-02 05:00:00+00:00,104.5275,36.165116279069764
2025-12-02 06:00:00+00:00,115.195,36.165116279069764
2025-12-02 07:00:00+00:00,114.845,36.165116279069764
2025-12-02 08:00:00+00:00,115.81,36.165116279069764
2025-12-02 09:00:00+00:00,114.8025,36.165116279069764
2025-12-02 10:00:00+00:00,114.6975,36.165116279069764
2025-12-02 11:00:00+00:00,106.4575,36.165116279069764
2025-12-02 12:00:00+00:00,132.275,36.165116279069764
2025-12-02 13:00:00+00:00,200.47,36.165116279069764
2025-12-02 14:00:00+00:00,214.03,36.165116279069764
2025-12-02 15:00:00+00:00,184.4375,36.165116279069764
2025-12-02 16:00:00+00:00,144.45,36.165116279069764
2025-12-02 17:00:00+00:00,150.235,36.165116279069764
2025-12-02 18:00:00+00:00,144.5,36.165116279069764
2025-12-02 19:00:00+00:00,161.115,36.165116279069764
2025-12-02 20:00:00+00:00,169.9675,36.165116279069764
2025-12-02 21:00:00+00:00,168.2925,36.165116279069764
2025-12-02 22:00:00+00:00,164.6625,36.165116279069764
2025-12-02 23:00:00+00:00,146.88,36.055813953488375
2025-12-03 00:00:00+00:00,144.38,36.055813953488375
2025-12-03 01:00:00+00:00,138.4425,36.055813953488375
2025-12-03 02:00:00+00:00,124.1475,36.055813953488375
2025-12-03 03:00:00+00:00,111.6925,36.055813953488375
2025-12-03 04:00:00+00:00,110.885,36.055813953488375
2025-12-03 05:00:00+00:00,105.39,36.055813953488375
2025-12-03 06:00:00+00:00,106.1375,36.055813953488375
2025-12-03 07:00:00+00:00,105.2375,36.055813953488375
2025-12-03 08:00:00+00:00,103.945,36.055813953488375
2025-12-03 09:00:00+00:00,104.4125,36.055813953488375
2025-12-03 10:00:00+00:00,105.23,36.055813953488375
2025-12-03 11:00:00+00:00,106.3025,36.055813953488375
2025-12-03 12:00:00+00:00,124.8325,36.055813953488375
2025-12-03 13:00:00+00:00,153.345,36.055813953488375
2025-12-03 14:00:00+00:00,185.29,36.055813953488375
2025-12-03 15:00:00+00:00,184.9125,36.055813953488375
2025-12-03 16:00:00+00:00,169.045,36.055813953488375
2025-12-03 17:00:00+00:00,168.0025,36.055813953488375
2025-12-03 18:00:00+00:00,161.71,36.055813953488375
2025-12-03 19:00:00+00:00,157.39,36.055813953488375
2025-12-03 20:00:00+00:00,160.5025,36.055813953488375
2025-12-03 21:00:00+00:00,161.5075,36.055813953488375
2025-12-03 22:00:00+00:00,168.0475,36.055813953488375
2025-12-03 23:00:00+00:00,157.4425,36.42325581395349
2025-12-04 00:00:00+00:00,146.555,36.42325581395349
2025-12-04 01:00:00+00:00,131.5875,36.42325581395349
2025-12-04 02:00:00+00:00,115.545,36.42325581395349
2025-12-04 03:00:00+00:00,101.1825,36.42325581395349
2025-12-04 04:00:00+00:00,97.105,36.42325581395349
2025-12-04 05:00:00+00:00,96.5575,36.42325581395349
2025-12-04 06:00:00+00:00,119.2675,36.42325581395349
2025-12-04 07:00:00+00:00,115.485,36.42325581395349
2025-12-04 08:00:00+00:00,115.955,36.42325581395349
2025-12-04 09:00:00+00:00,113.9325,36.42325581395349
2025-12-04 10:00:00+00:00,112.8475,36.42325581395349
2025-12-04 11:00:00+00:00,110.7475,36.42325581395349
2025-12-04 12:00:00+00:00,105.555,36.42325581395349
2025-12-04 13:00:00+00:00,105.575,36.42325581395349
2025-12-04 14:00:00+00:00,115.7625,36.42325581395349
2025-12-04 15:00:00+00:00,116.8025,36.42325581395349
2025-12-04 16:00:00+00:00,115.5225,36.42325581395349
2025-12-04 17:00:00+00:00,112.7,36.42325581395349
2025-12-04 18:00:00+00:00,108.1175,36.42325581395349
2025-12-04 19:00:00+00:00,117.0125,36.42325581395349
2025-12-04 20:00:00+00:00,130.07,36.42325581395349
2025-12-04 21:00:00+00:00,140.3375,36.42325581395349
2025-12-04 22:00:00+00:00,153.34,36.42325581395349
2025-12-04 23:00:00+00:00,125.78,36.11860465116279
2025-12-05 00:00:00+00:00,120.3225,36.11860465116279
2025-12-05 01:00:00+00:00,114.3775,36.11860465116279
2025-12-05 02:00:00+00:00,114.0275,36.11860465116279
2025-12-05 03:00:00+00:00,107.515,36.11860465116279
2025-12-05 04:00:00+00:00,115.19,36.11860465116279
2025-12-05 05:00:00+00:00,105.0775,36.11860465116279
2025-12-05 06:00:00+00:00,102.7675,36.11860465116279
2025-12-05 07:00:00+00:00,103.2325,36.11860465116279
2025-12-05 08:00:00+00:00,100.25,36.11860465116279
2025-12-05 09:00:00+00:00,98.0175,36.11860465116279
2025-12-05 10:00:00+00:00,100.2875,36.11860465116279
2025-12-05 11:00:00+00:00,100.0225,36.11860465116279
2025-12-05 12:00:00+00:00,103.0075,36.11860465116279
2025-12-05 13:00:00+00:00,104.59,36.11860465116279
2025-12-05 14:00:00+00:00,106.7575,36.11860465116279
2025-12-05 15:00:00+00:00,106.525,36.11860465116279
2025-12-05 16:00:00+00:00,104.99,36.11860465116279
2025-12-05 17:00:00+00:00,107.995,36.11860465116279
2025-12-05 18:00:00+00:00,105.9675,36.11860465116279
2025-12-05 19:00:00+00:00,107.2325,36.11860465116279
2025-12-05 20:00:00+00:00,112.19,36.11860465116279
2025-12-05 21:00:00+00:00,108.035,36.11860465116279
2025-12-05 22:00:00+00:00,111.855,36.11860465116279
2025-12-05 23:00:00+00:00,118.3325,35.42790697674419
2025-12-06 00:00:00+00:00,115.3225,35.42790697674419
2025-12-06 01:00:00+00:00,117.2925,35.42790697674419
2025-12-06 02:00:00+00:00,113.935,35.42790697674419
2025-12-06 03:00:00+00:00,109.44,35.42790697674419
2025-12-06 04:00:00+00:00,107.695,35.42790697674419
2025-12-06 05:00:00+00:00,108.2775,35.42790697674419
2025-12-06 06:00:00+00:00,106.2425,35.42790697674419
2025-12-06 07:00:00+00:00,104.4075,35.42790697674419
2025-12-06 08:00:00+00:00,97.88,35.42790697674419
2025-12-06 09:00:00+00:00,85.165,35.42790697674419
2025-12-06 10:00:00+00:00,78.2775,35.42790697674419
2025-12-06 11:00:00+00:00,82.665,35.42790697674419
2025-12-06 12:00:00+00:00,103.215,35.42790697674419
2025-12-06 13:00:00+00:00,143.175,35.42790697674419
2025-12-06 14:00:00+00:00,134.42,35.42790697674419
2025-12-06 15:00:00+00:00,121.56,35.42790697674419
2025-12-06 16:00:00+00:00,119.0375,35.42790697674419
2025-12-06 17:00:00+00:00,111.0075,35.42790697674419
2025-12-06 18:00:00+00:00,112.0075,35.42790697674419
2025-12-06 19:00:00+00:00,123.95,35.42790697674419
2025-12-06 20:00:00+00:00,132.0125,35.42790697674419
2025-12-06 21:00:00+00:00,128.9225,35.42790697674419
2025-12-06 22:00:00+00:00,132.585,35.42790697674419
2025-12-06 23:00:00+00:00,118.435,34.86046511627907
2025-12-07 00:00:00+00:00,116.3075,34.86046511627907
2025-12-07 01:00:00+00:00,114.22,34.86046511627907
2025-12-07 02:00:00+00:00,108.8425,34.86046511627907
2025-12-07 03:00:00+00:00,98.8125,34.86046511627907
2025-12-07 04:00:00+00:00,93.5875,34.86046511627907
2025-12-07 05:00:00+00:00,83.8925,34.86046511627907
2025-12-07 06:00:00+00:00,80.095,34.86046511627907
2025-12-07 07:00:00+00:00,79.0125,34.86046511627907
2025-12-07 08:00:00+00:00,79.52,34.86046511627907
2025-12-07 09:00:00+00:00,79.5175,34.86046511627907
2025-12-07 10:00:00+00:00,81.315,34.86046511627907
2025-12-07 11:00:00+00:00,91.3425,34.86046511627907
2025-12-07 12:00:00+00:00,111.53,34.86046511627907
2025-12-07 13:00:00+00:00,117.975,34.86046511627907
2025-12-07 14:00:00+00:00,130.4375,34.86046511627907
2025-12-07 15:00:00+00:00,116.445,34.86046511627907
2025-12-07 16:00:00+00:00,109.6525,34.86046511627907
2025-12-07 17:00:00+00:00,108.285,34.86046511627907
2025-12-07 18:00:00+00:00,109.9975,34.86046511627907
2025-12-07 19:00:00+00:00,118.17,34.86046511627907
2025-12-07 20:00:00+00:00,164.105,34.86046511627907
2025-12-07 21:00:00+00:00,122.8675,34.86046511627907
2025-12-07 22:00:00+00:00,158.4275,34.86046511627907
2025-12-07 23:00:00+00:00,127.02,35.448837209302326
2025-12-08 00:00:00+00:00,137.3125,35.448837209302326
2025-12-08 01:00:00+00:00,129.145,35.448837209302326
2025-12-08 02:00:00+00:00,121.16,35.448837209302326
2025-12-08 03:00:00+00:00,103.6925,35.448837209302326
2025-12-08 04:00:00+00:00,101.335,35.448837209302326
2025-12-08 05:00:00+00:00,99.35,35.448837209302326
2025-12-08 06:00:00+00:00,103.5575,35.448837209302326
2025-12-08 07:00:00+00:00,92.8825,35.448837209302326
2025-12-08 08:00:00+00:00,96.98,35.448837209302326
2025-12-08 09:00:00+00:00,93.7975,35.448837209302326
2025-12-08 10:00:00+00:00,92.725,35.448837209302326
2025-12-08 11:00:00+00:00,105.6975,35.448837209302326
2025-12-08 12:00:00+00:00,121.875,35.448837209302326
2025-12-08 13:00:00+00:00,138.7775,35.448837209302326
2025-12-08 14:00:00+00:00,132.1975,35.448837209302326
2025-12-08 15:00:00+00:00,118.65,35.448837209302326
2025-12-08 16:00:00+00:00,105.74,35.448837209302326
2025-12-08 17:00:00+00:00,102.2675,35.448837209302326
2025-12-08 18:00:00+00:00,103.1175,35.448837209302326
2025-12-08 19:00:00+00:00,112.15,35.448837209302326
2025-12-08 20:00:00+00:00,113.3325,35.448837209302326
2025-12-08 21:00:00+00:00,111.7325,35.448837209302326
2025-12-08 22:00:00+00:00,124.0075,35.448837209302326
2025-12-08 23:00:00+00:00,115.3375,34.93953488372093
2025-12-09 00:00:00+00:00,114.255,34.93953488372093
2025-12-09 01:00:00+00:00,111.0225,34.93953488372093
2025-12-09 02:00:00+00:00,103.055,34.93953488372093
2025-12-09 03:00:00+00:00,101.0125,34.93953488372093
2025-12-09 04:00:00+00:00,104.9775,34.93953488372093
2025-12-09 05:00:00+00:00,99.7725,34.93953488372093
2025-12-09 06:00:00+00:00,102.855,34.93953488372093
2025-12-09 07:00:00+00:00,91.9625,34.93953488372093
2025-12-09 08:00:00+00:00,82.2225,34.93953488372093
2025-12-09 09:00:00+00:00,82.15,34.93953488372093
2025-12-09 10:00:00+00:00,83.925,34.93953488372093
2025-12-09 11:00:00+00:00,93.1775,34.93953488372093
2025-12-09 12:00:00+00:00,104.985,34.93953488372093
2025-12-09 13:00:00+00:00,112.33,34.93953488372093
2025-12-09 14:00:00+00:00,116.87,34.93953488372093
2025-12-09 15:00:00+00:00,113.64,34.93953488372093
2025-12-09 16:00:00+00:00,105.5875,34.93953488372093
2025-12-09 17:00:00+00:00,102.3025,34.93953488372093
2025-12-09 18:00:00+00:00,101.6125,34.93953488372093
2025-12-09 19:00:00+00:00,101.29,34.93953488372093
2025-12-09 20:00:00+00:00,107.7675,34.93953488372093
2025-12-09 21:00:00+00:00,114.875,34.93953488372093
2025-12-09 22:00:00+00:00,118.7125,34.93953488372093
2025-12-09 23:00:00+00:00,119.47,34.92093023255814
2025-12-10 00:00:00+00:00,114.77,34.92093023255814
2025-12-10 01:00:00+00:00,110.87,34.92093023255814
2025-12-10 02:00:00+00:00,111.33,34.92093023255814
2025-12-10 03:00:00+00:00,102.8175,34.92093023255814
2025-12-10 04:00:00+00:00,100.085,34.92093023255814
2025-12-10 05:00:00+00:00,94.815,34.92093023255814
2025-12-10 06:00:00+00:00,90.625,34.92093023255814
2025-12-10 07:00:00+00:00,91.4175,34.92093023255814
2025-12-10 08:00:00+00:00,92.485,34.92093023255814
2025-12-10 09:00:00+00:00,92.825,34.92093023255814
2025-12-10 10:00:00+00:00,92.79,34.92093023255814
2025-12-10 11:00:00+00:00,97.7075,34.92093023255814
2025-12-10 12:00:00+00:00,113.73,34.92093023255814
2025-12-10 13:00:00+00:00,125.2975,34.92093023255814
2025-12-10 14:00:00+00:00,132.085,34.92093023255814
2025-12-10 15:00:00+00:00,127.4175,34.92093023255814
2025-12-10 16:00:00+00:00,122.755,34.92093023255814
2025-12-10 17:00:00+00:00,119.2975,34.92093023255814
2025-12-10 18:00:00+00:00,113.7375,34.92093023255814
2025-12-10 19:00:00+00:00,119.48,34.92093023255814
2025-12-10 20:00:00+00:00,128.335,34.92093023255814
2025-12-10 21:00:00+00:00,134.24,34.92093023255814
2025-12-10 22:00:00+00:00,167.0675,34.92093023255814
2025-12-10 23:00:00+00:00,153.2125,33.986046511627904
2025-12-11 00:00:00+00:00,137.115,33.986046511627904
2025-12-11 01:00:00+00:00,134.605,33.986046511627904
2025-12-11 02:00:00+00:00,127.06,33.986046511627904
2025-12-11 03:00:00+00:00,114.6925,33.986046511627904
2025-12-11 04:00:00+00:00,110.39,33.986046511627904
2025-12-11 05:00:00+00:00,106.4875,33.986046511627904
2025-12-11 06:00:00+00:00,107.4675,33.986046511627904
2025-12-11 07:00:00+00:00,106.5125,33.986046511627904
2025-12-11 08:00:00+00:00,107.35,33.986046511627904
2025-12-11 09:00:00+00:00,107.235,33.986046511627904
2025-12-11 10:00:00+00:00,104.79,33.986046511627904
2025-12-11 11:00:00+00:00,103.295,33.986046511627904
2025-12-11 12:00:00+00:00,105.365,33.986046511627904
2025-12-11 13:00:00+00:00,111.0825,33.986046511627904
2025-12-11 14:00:00+00:00,115.195,33.986046511627904
2025-12-11 15:00:00+00:00,110.08,33.986046511627904
2025-12-11 16:00:00+00:00,105.2475,33.986046511627904
2025-12-11 17:00:00+00:00,102.7325,33.986046511627904
2025-12-11 18:00:00+00:00,103.0675,33.986046511627904
2025-12-11 19:00:00+00:00,106.5975,33.986046511627904
2025-12-11 20:00:00+00:00,112.7825,33.986046511627904
2025-12-11 21:00:00+00:00,118.265,33.986046511627904
2025-12-11 22:00:00+00:00,120.6725,33.986046511627904
2025-12-11 23:00:00+00:00,120.435,33.597674418604655
2025-12-12 00:00:00+00:00,116.3275,33.597674418604655
2025-12-12 01:00:00+00:00,110.5125,33.597674418604655
2025-12-12 02:00:00+00:00,104.225,33.597674418604655
2025-12-12 03:00:00+00:00,101.305,33.597674418604655
2025-12-12 04:00:00+00:00,97.265,33.597674418604655
2025-12-12 05:00:00+00:00,89.645,33.597674418604655
2025-12-12 06:00:00+00:00,91.4625,33.597674418604655
2025-12-12 07:00:00+00:00,90.94,33.597674418604655
2025-12-12 08:00:00+00:00,83.915,33.597674418604655
2025-12-12 09:00:00+00:00,80.8875,33.597674418604655
2025-12-12 10:00:00+00:00,81.71,33.597674418604655
2025-12-12 11:00:00+00:00,82.7625,33.597674418604655
2025-12-12 12:00:00+00:00,92.5725,33.597674418604655
2025-12-12 13:00:00+00:00,100.58,33.597674418604655
2025-12-12 14:00:00+00:00,100.215,33.597674418604655
2025-12-12 15:00:00+00:00,97.43,33.597674418604655
2025-12-12 16:00:00+00:00,99.005,33.597674418604655
2025-12-12 17:00:00+00:00,101.2425,33.597674418604655
2025-12-12 18:00:00+00:00,101.3025,33.597674418604655
2025-12-12 19:00:00+00:00,101.2825,33.597674418604655
2025-12-12 20:00:00+00:00,97.9525,33.597674418604655
2025-12-12 21:00:00+00:00,104.585,33.597674418604655
2025-12-12 22:00:00+00:00,108.26,33.597674418604655
2025-12-12 23:00:00+00:00,109.5375,33.972093023255816
2025-12-13 00:00:00+00:00,109.7525,33.972093023255816
2025-12-13 01:00:00+00:00,106.25,33.972093023255816
2025-12-13 02:00:00+00:00,102.6625,33.972093023255816
2025-12-13 03:00:00+00:00,101.3875,33.972093023255816
2025-12-13 04:00:00+00:00,104.4825,33.972093023255816
2025-12-13 05:00:00+00:00,99.6375,33.972093023255816
2025-12-13 06:00:00+00:00,85.315,33.972093023255816
2025-12-13 07:00:00+00:00,86.1375,33.972093023255816
2025-12-13 08:00:00+00:00,84.4775,33.972093023255816
2025-12-13 09:00:00+00:00,85.3175,33.972093023255816
2025-12-13 10:00:00+00:00,86.1375,33.972093023255816
2025-12-13 11:00:00+00:00,95.0525,33.972093023255816
2025-12-13 12:00:00+00:00,121.8475,33.972093023255816
2025-12-13 13:00:00+00:00,134.3825,33.972093023255816
2025-12-13 14:00:00+00:00,139.63,33.972093023255816
2025-12-13 15:00:00+00:00,119.8975,33.972093023255816
2025-12-13 16:00:00+00:00,107.615,33.972093023255816
2025-12-13 17:00:00+00:00,101.525,33.972093023255816
2025-12-13 18:00:00+00:00,102.7275,33.972093023255816
2025-12-13 19:00:00+00:00,108.2675,33.972093023255816
2025-12-13 20:00:00+00:00,142.0625,33.972093023255816
2025-12-13 21:00:00+00:00,159.6,33.972093023255816
2025-12-13 22:00:00+00:00,194.7,33.972093023255816
2025-12-13 23:00:00+00:00,136.3175,34.66976744186047
2025-12-14 00:00:00+00:00,138.0025,34.66976744186047
2025-12-14 01:00:00+00:00,134.145,34.66976744186047
2025-12-14 02:00:00+00:00,124.3625,34.66976744186047
2025-12-14 03:00:00+00:00,102.245,34.66976744186047
2025-12-14 04:00:00+00:00,103.6975,34.66976744186047
2025-12-14 05:00:00+00:00,106.495,34.66976744186047
2025-12-14 06:00:00+00:00,104.3025,34.66976744186047
2025-12-14 07:00:00+00:00,103.58,34.66976744186047
2025-12-14 08:00:00+00:00,103.3425,34.66976744186047
2025-12-14 09:00:00+00:00,103.345,34.66976744186047
2025-12-14 10:00:00+00:00,105.2725,34.66976744186047
2025-12-14 11:00:00+00:00,110.5,34.66976744186047
2025-12-14 12:00:00+00:00,132.7425,34.66976744186047
2025-12-14 13:00:00+00:00,156.7925,34.66976744186047
2025-12-14 14:00:00+00:00,149.265,34.66976744186047
2025-12-14 15:00:00+00:00,121.9175,34.66976744186047
2025-12-14 16:00:00+00:00,110.0875,34.66976744186047
2025-12-14 17:00:00+00:00,111.0225,34.66976744186047
2025-12-14 18:00:00+00:00,122.16,34.66976744186047
2025-12-14 19:00:00+00:00,140.04,34.66976744186047
2025-12-14 20:00:00+00:00,147.96,34.66976744186047
2025-12-14 21:00:00+00:00,160.195,34.66976744186047
2025-12-14 22:00:00+00:00,189.55,34.66976744186047
2025-12-14 23:00:00+00:00,170.8525,34.79767441860465
2025-12-15 00:00:00+00:00,153.1775,34.79767441860465
2025-12-15 01:00:00+00:00,143.385,34.79767441860465
2025-12-15 02:00:00+00:00,130.5,34.79767441860465
2025-12-15 03:00:00+00:00,119.5,34.79767441860465
2025-12-15 04:00:00+00:00,116.435,34.79767441860465
2025-12-15 05:00:00+00:00,104.015,34.79767441860465
2025-12-15 06:00:00+00:00,107.235,34.79767441860465
2025-12-15 07:00:00+00:00,113.6275,34.79767441860465
2025-12-15 08:00:00+00:00,109.585,34.79767441860465
2025-12-15 09:00:00+00:00,109.1925,34.79767441860465
2025-12-15 10:00:00+00:00,104.2775,34.79767441860465
2025-12-15 11:00:00+00:00,102.4525,34.79767441860465
2025-12-15 12:00:00+00:00,133.7025,34.79767441860465
2025-12-15 13:00:00+00:00,157.21,34.79767441860465
2025-12-15 14:00:00+00:00,143.385,34.79767441860465
2025-12-15 15:00:00+00:00,136.1875,34.79767441860465
2025-12-15 16:00:00+00:00,126.4675,34.79767441860465
2025-12-15 17:00:00+00:00,120.31,34.79767441860465
2025-12-15 18:00:00+00:00,117.7275,34.79767441860465
2025-12-15 19:00:00+00:00,126.0875,34.79767441860465
2025-12-15 20:00:00+00:00,132.93,34.79767441860465
2025-12-15 21:00:00+00:00,140.53,34.79767441860465
2025-12-15 22:00:00+00:00,153.35,34.79767441860465
2025-12-15 23:00:00+00:00,136.1525,35.120930232558145
2025-12-16 00:00:00+00:00,134.395,35.120930232558145
2025-12-16 01:00:00+00:00,126.3625,35.120930232558145
2025-12-16 02:00:00+00:00,115.23,35.120930232558145
2025-12-16 03:00:00+00:00,107.0625,35.120930232558145
2025-12-16 04:00:00+00:00,107.235,35.120930232558145
2025-12-16 05:00:00+00:00,110.47,35.120930232558145
2025-12-16 06:00:00+00:00,96.8,35.120930232558145
2025-12-16 07:00:00+00:00,92.7525,35.120930232558145
2025-12-16 08:00:00+00:00,92.1425,35.120930232558145
2025-12-16 09:00:00+00:00,94.495,35.120930232558145
2025-12-16 10:00:00+00:00,100.1225,35.120930232558145
2025-12-16 11:00:00+00:00,97.86,35.120930232558145
2025-12-16 12:00:00+00:00,117.1475,35.120930232558145
2025-12-16 13:00:00+00:00,147.065,35.120930232558145
2025-12-16 14:00:00+00:00,160.605,35.120930232558145
2025-12-16 15:00:00+00:00,142.83,35.120930232558145
2025-12-16 16:00:00+00:00,114.3575,35.120930232558145
2025-12-16 17:00:00+00:00,111.705,35.120930232558145
2025-12-16 18:00:00+00:00,110.0075,35.120930232558145
2025-12-16 19:00:00+00:00,120.7175,35.120930232558145
2025-12-16 20:00:00+00:00,129.7525,35.120930232558145
2025-12-16 21:00:00+00:00,128.795,35.120930232558145
2025-12-16 22:00:00+00:00,149.13,35.120930232558145
2025-12-16 23:00:00+00:00,136.1925,36.01162790697674
2025-12-17 00:00:00+00:00,129.4375,36.01162790697674
2025-12-17 01:00:00+00:00,120.24,36.01162790697674
2025-12-17 02:00:00+00:00,112.65,36.01162790697674
2025-12-17 03:00:00+00:00,103.985,36.01162790697674
2025-12-17 04:00:00+00:00,104.16,36.01162790697674
2025-12-17 05:00:00+00:00,105.42,36.01162790697674
2025-12-17 06:00:00+00:00,89.84,36.01162790697674
2025-12-17 07:00:00+00:00,81.0025,36.01162790697674
2025-12-17 08:00:00+00:00,68.33,36.01162790697674
2025-12-17 09:00:00+00:00,63.1,36.01162790697674
2025-12-17 10:00:00+00:00,76.605,36.01162790697674
2025-12-17 11:00:00+00:00,86.97,36.01162790697674
2025-12-17 12:00:00+00:00,113.76,36.01162790697674
2025-12-17 13:00:00+00:00,107.62,36.01162790697674
2025-12-17 14:00:00+00:00,108.075,36.01162790697674
2025-12-17 15:00:00+00:00,103.4175,36.01162790697674
2025-12-17 16:00:00+00:00,100.1175,36.01162790697674
2025-12-17 17:00:00+00:00,97.7825,36.01162790697674
2025-12-17 18:00:00+00:00,101.255,36.01162790697674
2025-12-17 19:00:00+00:00,101,36.01162790697674
2025-12-17 20:00:00+00:00,105.7325,36.01162790697674
2025-12-17 21:00:00+00:00,109.55,36.01162790697674
2025-12-17 22:00:00+00:00,126.7275,36.01162790697674
2025-12-17 23:00:00+00:00,118.6425,37.01627906976744
2025-12-18 00:00:00+00:00,117.2,37.01627906976744
2025-12-18 01:00:00+00:00,121.6525,37.01627906976744
2025-12-18 02:00:00+00:00,114.265,37.01627906976744
2025-12-18 03:00:00+00:00,105.8125,37.01627906976744
2025-12-18 04:00:00+00:00,107.7125,37.01627906976744
2025-12-18 05:00:00+00:00,109.605,37.01627906976744
2025-12-18 06:00:00+00:00,106.1575,37.01627906976744
2025-12-18 07:00:00+00:00,102.3825,37.01627906976744
2025-12-18 08:00:00+00:00,100.845,37.01627906976744
2025-12-18 09:00:00+00:00,101.5425,37.01627906976744
2025-12-18 10:00:00+00:00,104.9675,37.01627906976744
2025-12-18 11:00:00+00:00,103.4,37.01627906976744
2025-12-18 12:00:00+00:00,102.345,37.01627906976744
2025-12-18 13:00:00+00:00,105.1875,37.01627906976744
2025-12-18 14:00:00+00:00,114.19,37.01627906976744
2025-12-18 15:00:00+00:00,115.8225,37.01627906976744
2025-12-18 16:00:00+00:00,113.79,37.01627906976744
2025-12-18 17:00:00+00:00,112.3625,37.01627906976744
2025-12-18 18:00:00+00:00,111.7075,37.01627906976744
2025-12-18 19:00:00+00:00,116.965,37.01627906976744
2025-12-18 20:00:00+00:00,122.295,37.01627906976744
2025-12-18 21:00:00+00:00,127.9475,37.01627906976744
2025-12-18 22:00:00+00:00,139.3875,37.01627906976744
2025-12-18 23:00:00+00:00,126.2175,36.92325581395349
2025-12-19 00:00:00+00:00,124.5825,36.92325581395349
2025-12-19 01:00:00+00:00,129.3375,36.92325581395349
2025-12-19 02:00:00+00:00,119.3675,36.92325581395349
2025-12-19 03:00:00+00:00,112.55,36.92325581395349
2025-12-19 04:00:00+00:00,112.74,36.92325581395349
2025-12-19 05:00:00+00:00,106.805,36.92325581395349
2025-12-19 06:00:00+00:00,112.0825,36.92325581395349
2025-12-19 07:00:00+00:00,112.08,36.92325581395349
2025-12-19 08:00:00+00:00,109.2725,36.92325581395349
2025-12-19 09:00:00+00:00,107.2625,36.92325581395349
2025-12-19 10:00:00+00:00,107.82,36.92325581395349
2025-12-19 11:00:00+00:00,108.5775,36.92325581395349
2025-12-19 12:00:00+00:00,111.4875,36.92325581395349
2025-12-19 13:00:00+00:00,108.735,36.92325581395349
2025-12-19 14:00:00+00:00,105.88,36.92325581395349
2025-12-19 15:00:00+00:00,110.0225,36.92325581395349
2025-12-19 16:00:00+00:00,113.405,36.92325581395349
2025-12-19 17:00:00+00:00,113.3975,36.92325581395349
2025-12-19 18:00:00+00:00,114.24,36.92325581395349
2025-12-19 19:00:00+00:00,121.3125,36.92325581395349
2025-12-19 20:00:00+00:00,123.9525,36.92325581395349
2025-12-19 21:00:00+00:00,119.9675,36.92325581395349
2025-12-19 22:00:00+00:00,125.095,36.92325581395349
2025-12-19 23:00:00+00:00,124.97,37.765116279069765
2025-12-20 00:00:00+00:00,121.52,37.765116279069765
2025-12-20 01:00:00+00:00,123.6325,37.765116279069765
2025-12-20 02:00:00+00:00,119.925,37.765116279069765
2025-12-20 03:00:00+00:00,114.9425,37.765116279069765
2025-12-20 04:00:00+00:00,109.95,37.765116279069765
2025-12-20 05:00:00+00:00,109.7625,37.765116279069765
2025-12-20 06:00:00+00:00,104.9925,37.765116279069765
2025-12-20 07:00:00+00:00,102.365,37.765116279069765
2025-12-20 08:00:00+00:00,101.1625,37.765116279069765
2025-12-20 09:00:00+00:00,101.1625,37.765116279069765
2025-12-20 10:00:00+00:00,101.1625,37.765116279069765
2025-12-20 11:00:00+00:00,99.4375,37.765116279069765
2025-12-20 12:00:00+00:00,104.1575,37.765116279069765
2025-12-20 13:00:00+00:00,133.5175,37.765116279069765
2025-12-20 14:00:00+00:00,137.51,37.765116279069765
2025-12-20 15:00:00+00:00,144.355,37.765116279069765
2025-12-20 16:00:00+00:00,131.1925,37.765116279069765
2025-12-20 17:00:00+00:00,124.905,37.765116279069765
2025-12-20 18:00:00+00:00,118.8925,37.765116279069765
2025-12-20 19:00:00+00:00,150.735,37.765116279069765
2025-12-20 20:00:00+00:00,147.0025,37.765116279069765
2025-12-20 21:00:00+00:00,143.38,37.765116279069765
2025-12-20 22:00:00+00:00,167.32,37.765116279069765
2025-12-20 23:00:00+00:00,135.6225,37.56279069767442
2025-12-21 00:00:00+00:00,143.6725,37.56279069767442
2025-12-21 01:00:00+00:00,154.41,37.56279069767442
2025-12-21 02:00:00+00:00,126.0375,37.56279069767442
2025-12-21 03:00:00+00:00,105.95,37.56279069767442
2025-12-21 04:00:00+00:00,113.3825,37.56279069767442
2025-12-21 05:00:00+00:00,100.995,37.56279069767442
2025-12-21 06:00:00+00:00,110.645,37.56279069767442
2025-12-21 07:00:00+00:00,110.4125,37.56279069767442
2025-12-21 08:00:00+00:00,105.775,37.56279069767442
2025-12-21 09:00:00+00:00,104.9625,37.56279069767442
2025-12-21 10:00:00+00:00,105.7375,37.56279069767442
2025-12-21 11:00:00+00:00,108.255,37.56279069767442
2025-12-21 12:00:00+00:00,112.795,37.56279069767442
2025-12-21 13:00:00+00:00,107.29,37.56279069767442
2025-12-21 14:00:00+00:00,118.05,37.56279069767442
2025-12-21 15:00:00+00:00,120.8,37.56279069767442
2025-12-21 16:00:00+00:00,115.6425,37.56279069767442
2025-12-21 17:00:00+00:00,116.91,37.56279069767442
2025-12-21 18:00:00+00:00,116.355,37.56279069767442
2025-12-21 19:00:00+00:00,113.825,37.56279069767442
2025-12-21 20:00:00+00:00,120.0875,37.56279069767442
2025-12-21 21:00:00+00:00,114.2075,37.56279069767442
2025-12-21 22:00:00+00:00,120.225,37.56279069767442
2025-12-21 23:00:00+00:00,108.68,38.104651162790695
2025-12-22 00:00:00+00:00,107.5075,38.104651162790695
2025-12-22 01:00:00+00:00,107.6525,38.104651162790695
2025-12-22 02:00:00+00:00,105.4125,38.104651162790695
2025-12-22 03:00:00+00:00,99.9725,38.104651162790695
2025-12-22 04:00:00+00:00,112.9625,38.104651162790695
2025-12-22 05:00:00+00:00,104.81,38.104651162790695
2025-12-22 06:00:00+00:00,86.3425,38.104651162790695
2025-12-22 07:00:00+00:00,66.42,38.104651162790695
2025-12-22 08:00:00+00:00,67.29,38.104651162790695
2025-12-22 09:00:00+00:00,64.9025,38.104651162790695
2025-12-22 10:00:00+00:00,61.93,38.104651162790695
2025-12-22 11:00:00+00:00,65.9525,38.104651162790695
2025-12-22 12:00:00+00:00,73.785,38.104651162790695
2025-12-22 13:00:00+00:00,87.405,38.104651162790695
2025-12-22 14:00:00+00:00,90.3425,38.104651162790695
2025-12-22 15:00:00+00:00,89.7675,38.104651162790695
2025-12-22 16:00:00+00:00,85.325,38.104651162790695
2025-12-22 17:00:00+00:00,80.8375,38.104651162790695
2025-12-22 18:00:00+00:00,78.5525,38.104651162790695
2025-12-22 19:00:00+00:00,90.375,38.104651162790695
2025-12-22 20:00:00+00:00,108.58,38.104651162790695
2025-12-22 21:00:00+00:00,112.555,38.104651162790695
2025-12-22 22:00:00+00:00,106.91,38.104651162790695
2025-12-22 23:00:00+00:00,112.09,37.53720930232558
2025-12-23 00:00:00+00:00,104.67,37.53720930232558
2025-12-23 01:00:00+00:00,103.8025,37.53720930232558
2025-12-23 02:00:00+00:00,103.84,37.53720930232558
2025-12-23 03:00:00+00:00,103.5675,37.53720930232558
2025-12-23 04:00:00+00:00,115.7775,37.53720930232558
2025-12-23 05:00:00+00:00,112.5575,37.53720930232558
2025-12-23 06:00:00+00:00,106.4475,37.53720930232558
2025-12-23 07:00:00+00:00,103.1525,37.53720930232558
2025-12-23 08:00:00+00:00,100.57,37.53720930232558
2025-12-23 09:00:00+00:00,98.305,37.53720930232558
2025-12-23 10:00:00+00:00,99.7425,37.53720930232558
2025-12-23 11:00:00+00:00,102.9,37.53720930232558
2025-12-23 12:00:00+00:00,98.0825,37.53720930232558
2025-12-23 13:00:00+00:00,97.5675,37.53720930232558
2025-12-23 14:00:00+00:00,93.8075,37.53720930232558
2025-12-23 15:00:00+00:00,85.42,37.53720930232558
2025-12-23 16:00:00+00:00,59.425,37.53720930232558
2025-12-23 17:00:00+00:00,46.6,37.53720930232558
2025-12-23 18:00:00+00:00,49.3625,37.53720930232558
2025-12-23 19:00:00+00:00,93.6525,37.53720930232558
2025-12-23 20:00:00+00:00,108.5025,37.53720930232558
2025-12-23 21:00:00+00:00,106.8175,37.53720930232558
2025-12-23 22:00:00+00:00,114.8375,37.53720930232558
2025-12-23 23:00:00+00:00,114.2875,37.551162790697674
2025-12-24 00:00:00+00:00,109.995,37.551162790697674
2025-12-24 01:00:00+00:00,111.4125,37.551162790697674
2025-12-24 02:00:00+00:00,111.215,37.551162790697674
2025-12-24 03:00:00+00:00,105.0775,37.551162790697674
2025-12-24 04:00:00+00:00,102.8025,37.551162790697674
2025-12-24 05:00:00+00:00,102.46,37.551162790697674
2025-12-24 06:00:00+00:00,101.58,37.551162790697674
2025-12-24 07:00:00+00:00,92.9675,37.551162790697674
2025-12-24 08:00:00+00:00,88.135,37.551162790697674
2025-12-24 09:00:00+00:00,83.1325,37.551162790697674
2025-12-24 10:00:00+00:00,82.67,37.551162790697674
2025-12-24 11:00:00+00:00,86.34,37.551162790697674
2025-12-24 12:00:00+00:00,85.47,37.551162790697674
2025-12-24 13:00:00+00:00,93.8875,37.551162790697674
2025-12-24 14:00:00+00:00,99.0825,37.551162790697674
2025-12-24 15:00:00+00:00,96.84,37.551162790697674
2025-12-24 16:00:00+00:00,89.25,37.551162790697674
2025-12-24 17:00:00+00:00,89.8175,37.551162790697674
2025-12-24 18:00:00+00:00,96.445,37.551162790697674
2025-12-24 19:00:00+00:00,106.92,37.551162790697674
2025-12-24 20:00:00+00:00,111.9925,37.551162790697674
2025-12-24 21:00:00+00:00,116.6025,37.551162790697674
2025-12-24 22:00:00+00:00,117.7275,37.551162790697674
2025-12-24 23:00:00+00:00,121.275,38.20232558139535
2025-12-25 00:00:00+00:00,117.5075,38.20232558139535
2025-12-25 01:00:00+00:00,116.78,38.20232558139535
2025-12-25 02:00:00+00:00,114.3325,38.20232558139535
2025-12-25 03:00:00+00:00,112.1175,38.20232558139535
2025-12-25 04:00:00+00:00,108.6575,38.20232558139535
2025-12-25 05:00:00+00:00,103.37,38.20232558139535
2025-12-25 06:00:00+00:00,103,38.20232558139535
2025-12-25 07:00:00+00:00,97.7175,38.20232558139535
2025-12-25 08:00:00+00:00,91.215,38.20232558139535
2025-12-25 09:00:00+00:00,83.045,38.20232558139535
2025-12-25 10:00:00+00:00,84.4,38.20232558139535
2025-12-25 11:00:00+00:00,83.56,38.20232558139535
2025-12-25 12:00:00+00:00,89.0075,38.20232558139535
2025-12-25 13:00:00+00:00,100.8125,38.20232558139535
2025-12-25 14:00:00+00:00,105.1825,38.20232558139535
2025-12-25 15:00:00+00:00,105.935,38.20232558139535
2025-12-25 16:00:00+00:00,97.99,38.20232558139535
2025-12-25 17:00:00+00:00,85.745,38.20232558139535
2025-12-25 18:00:00+00:00,83.28,38.20232558139535
2025-12-25 19:00:00+00:00,84.9175,38.20232558139535
2025-12-25 20:00:00+00:00,87.06,38.20232558139535
2025-12-25 21:00:00+00:00,101.79,38.20232558139535
2025-12-25 22:00:00+00:00,111.1325,38.20232558139535
2025-12-25 23:00:00+00:00,109.76,38.739534883720935
2025-12-26 00:00:00+00:00,107.1875,38.739534883720935
2025-12-26 01:00:00+00:00,103.2,38.739534883720935
2025-12-26 02:00:00+00:00,98.7475,38.739534883720935
2025-12-26 03:00:00+00:00,87.05,38.739534883720935
2025-12-26 04:00:00+00:00,80.84,38.739534883720935
2025-12-26 05:00:00+00:00,84.5825,38.739534883720935
2025-12-26 06:00:00+00:00,58.89,38.739534883720935
2025-12-26 07:00:00+00:00,71.505,38.739534883720935
2025-12-26 08:00:00+00:00,65.4325,38.739534883720935
2025-12-26 09:00:00+00:00,67.02,38.739534883720935
2025-12-26 10:00:00+00:00,73.5325,38.739534883720935
2025-12-26 11:00:00+00:00,77.4575,38.739534883720935
2025-12-26 12:00:00+00:00,82.565,38.739534883720935
2025-12-26 13:00:00+00:00,84.215,38.739534883720935
2025-12-26 14:00:00+00:00,97.815,38.739534883720935
2025-12-26 15:00:00+00:00,92.3475,38.739534883720935
2025-12-26 16:00:00+00:00,88.49,38.739534883720935
2025-12-26 17:00:00+00:00,81.005,38.739534883720935
2025-12-26 18:00:00+00:00,80.0425,38.739534883720935
2025-12-26 19:00:00+00:00,80.15,38.739534883720935
2025-12-26 20:00:00+00:00,86.93,38.739534883720935
2025-12-26 21:00:00+00:00,101.4025,38.739534883720935
2025-12-26 22:00:00+00:00,111.4475,38.739534883720935
2025-12-26 23:00:00+00:00,114.1575,38.99767441860465
2025-12-27 00:00:00+00:00,114.86,38.99767441860465
2025-12-27 01:00:00+00:00,109.15,38.99767441860465
2025-12-27 02:00:00+00:00,105.01,38.99767441860465
2025-12-27 03:00:00+00:00,99.0275,38.99767441860465
2025-12-27 04:00:00+00:00,98.2825,38.99767441860465
2025-12-27 05:00:00+00:00,81.33,38.99767441860465
2025-12-27 06:00:00+00:00,88.79,38.99767441860465
2025-12-27 07:00:00+00:00,79.115,38.99767441860465
2025-12-27 08:00:00+00:00,82.4675,38.99767441860465
2025-12-27 09:00:00+00:00,82.19,38.99767441860465
2025-12-27 10:00:00+00:00,82.1675,38.99767441860465
2025-12-27 11:00:00+00:00,90.7925,38.99767441860465
2025-12-27 12:00:00+00:00,103.78,38.99767441860465
2025-12-27 13:00:00+00:00,106.36,38.99767441860465
2025-12-27 14:00:00+00:00,113.8775,38.99767441860465
2025-12-27 15:00:00+00:00,111.355,38.99767441860465
2025-12-27 16:00:00+00:00,104.905,38.99767441860465
2025-12-27 17:00:00+00:00,105.1675,38.99767441860465
2025-12-27 18:00:00+00:00,105.435,38.99767441860465
2025-12-27 19:00:00+00:00,107.8925,38.99767441860465
2025-12-27 20:00:00+00:00,106.235,38.99767441860465
2025-12-27 21:00:00+00:00,108.9,38.99767441860465
2025-12-27 22:00:00+00:00,109.9125,38.99767441860465
2025-12-27 23:00:00+00:00,107.7125,38.81860465116279
2025-12-28 00:00:00+00:00,107.995,38.81860465116279
2025-12-28 01:00:00+00:00,104.5925,38.81860465116279
2025-12-28 02:00:00+00:00,99.0825,38.81860465116279
2025-12-28 03:00:00+00:00,96.5,38.81860465116279
2025-12-28 04:00:00+00:00,95.8125,38.81860465116279
2025-12-28 05:00:00+00:00,82.91,38.81860465116279
2025-12-28 06:00:00+00:00,72.0025,38.81860465116279
2025-12-28 07:00:00+00:00,58.27,38.81860465116279
2025-12-28 08:00:00+00:00,48.9075,38.81860465116279
2025-12-28 09:00:00+00:00,53.325,38.81860465116279
2025-12-28 10:00:00+00:00,44.8775,38.81860465116279
2025-12-28 11:00:00+00:00,52.4075,38.81860465116279
2025-12-28 12:00:00+00:00,79.8925,38.81860465116279
2025-12-28 13:00:00+00:00,88.9425,38.81860465116279
2025-12-28 14:00:00+00:00,97.0425,38.81860465116279
2025-12-28 15:00:00+00:00,94.3925,38.81860465116279
2025-12-28 16:00:00+00:00,85.82,38.81860465116279
2025-12-28 17:00:00+00:00,79.38,38.81860465116279
2025-12-28 18:00:00+00:00,76.155,38.81860465116279
2025-12-28 19:00:00+00:00,76.8975,38.81860465116279
2025-12-28 20:00:00+00:00,90.1775,38.81860465116279
2025-12-28 21:00:00+00:00,102.9525,38.81860465116279
2025-12-28 22:00:00+00:00,109.5275,38.81860465116279
2025-12-28 23:00:00+00:00,110.5175,39.132558139534886
2025-12-29 00:00:00+00:00,108.5075,39.132558139534886
2025-12-29 01:00:00+00:00,104.1225,39.132558139534886
2025-12-29 02:00:00+00:00,100.015,39.132558139534886
2025-12-29 03:00:00+00:00,92.225,39.132558139534886
2025-12-29 04:00:00+00:00,90.815,39.132558139534886
2025-12-29 05:00:00+00:00,85.795,39.132558139534886
2025-12-29 06:00:00+00:00,86.665,39.132558139534886
2025-12-29 07:00:00+00:00,82.87,39.132558139534886
2025-12-29 08:00:00+00:00,80.0975,39.132558139534886
2025-12-29 09:00:00+00:00,76.58,39.132558139534886
2025-12-29 10:00:00+00:00,74.9325,39.132558139534886
2025-12-29 11:00:00+00:00,77.3775,39.132558139534886
2025-12-29 12:00:00+00:00,87.18,39.132558139534886
2025-12-29 13:00:00+00:00,102.995,39.132558139534886
2025-12-29 14:00:00+00:00,107.85,39.132558139534886
2025-12-29 15:00:00+00:00,107.51,39.132558139534886
2025-12-29 16:00:00+00:00,106.0375,39.132558139534886
2025-12-29 17:00:00+00:00,106.2375,39.132558139534886
2025-12-29 18:00:00+00:00,111.9525,39.132558139534886
2025-12-29 19:00:00+00:00,130.29,39.132558139534886
2025-12-29 20:00:00+00:00,111.145,39.132558139534886
2025-12-29 21:00:00+00:00,129.39,39.132558139534886
2025-12-29 22:00:00+00:00,144.39,39.132558139534886
2025-12-29 23:00:00+00:00,124.52,39.0046511627907
2025-12-30 00:00:00+00:00,117.4575,39.0046511627907
2025-12-30 01:00:00+00:00,115.8625,39.0046511627907
2025-12-30 02:00:00+00:00,116.515,39.0046511627907
2025-12-30 03:00:00+00:00,105.84,39.0046511627907
2025-12-30 04:00:00+00:00,106.8425,39.0046511627907
2025-12-30 05:00:00+00:00,101.83,39.0046511627907
2025-12-30 06:00:00+00:00,88.9425,39.0046511627907
2025-12-30 07:00:00+00:00,97.0425,39.0046511627907
2025-12-30 08:00:00+00:00,94.3925,39.0046511627907
2025-12-30 09:00:00+00:00,85.82,39.0046511627907
2025-12-30 10:00:00+00:00,79.38,39.0046511627907
2025-12-30 11:00:00+00:00,76.155,39.0046511627907
2025-12-30 12:00:00+00:00,76.89750000000001,39.0046511627907
2025-12-30 13:00:00+00:00,90.1775,39.0046511627907
2025-12-30 14:00:00+00:00,102.9525,39.0046511627907
2025-12-30 15:00:00+00:00,109.5275,39.0046511627907
2025-12-30 16:00:00+00:00,110.5175,39.0046511627907
2025-12-30 17:00:00+00:00,108.5075,39.0046511627907
2025-12-30 18:00:00+00:00,104.1225,39.0046511627907
2025-12-30 19:00:00+00:00,100.015,39.0046511627907
2025-12-30 20:00:00+00:00,92.225,39.0046511627907
2025-12-30 21:00:00+00:00,90.815,39.0046511627907
2025-12-30 22:00:00+00:00,85.795,39.0046511627907
2025-12-30 23:00:00+00:00,86.665,36.98372093023256
2025-12-31 00:00:00+00:00,82.87,36.98372093023256
2025-12-31 01:00:00+00:00,80.0975,36.98372093023256
2025-12-31 02:00:00+00:00,76.58,36.98372093023256
2025-12-31 03:00:00+00:00,74.9325,36.98372093023256
2025-12-31 04:00:00+00:00,77.3775,36.98372093023256
2025-12-31 05:00:00+00:00,87.18,36.98372093023256
2025-12-31 06:00:00+00:00,102.995,36.98372093023256
2025-12-31 07:00:00+00:00,107.85,36.98372093023256
2025-12-31 08:00:00+00:00,107.51,36.98372093023256
2025-12-31 09:00:00+00:00,106.0375,36.98372093023256
2025-12-31 10:00:00+00:00,106.2375,36.98372093023256
2025-12-31 11:00:00+00:00,111.9525,36.98372093023256
2025-12-31 12:00:00+00:00,130.29000000000002,36.98372093023256
2025-12-31 13:00:00+00:00,111.145,36.98372093023256
2025-12-31 14:00:00+00:00,129.39,36.98372093023256
2025-12-31 15:00:00+00:00,144.39,36.98372093023256
2025-12-31 16:00:00+00:00,124.52,36.98372093023256
2025-12-31 17:00:00+00:00,117.4575,36.98372093023256
2025-12-31 18:00:00+00:00,115.8625,36.98372093023256
2025-12-31 19:00:00+00:00,116.515,36.98372093023256
2025-12-31 20:00:00+00:00,105.84,36.98372093023256
2025-12-31 21:00:00+00:00,106.8425,36.98372093023256
2025-12-31 22:00:00+00:00,101.83,36.98372093023256
