timestamp,temperature,wind_speed,wind_direction,sun_radiation,co2
2024-12-31 23:00+00:00,0.3,16.9,242,0.0,451
2025-01-01 00:00+00:00,0.3,18.1,240,0.0,451
2025-01-01 01:00+00:00,1.5,21.6,236,0.0,450
2025-01-01 02:00+00:00,2.3,22.7,230,0.0,450
2025-01-01 03:00+00:00,2.3,23.9,236,0.0,449
2025-01-01 04:00+00:00,2.0,23.5,238,0.0,448
2025-01-01 05:00+00:00,2.0,23.4,239,0.0,447
2025-01-01 06:00+00:00,2.3,23.7,238,0.0,447
2025-01-01 07:00+00:00,2.8,23.8,236,0.0,446
2025-01-01 08:00+00:00,2.8,23.9,235,12.0,446
2025-01-01 09:00+00:00,3.6,21.0,236,42.8,446
2025-01-01 10:00+00:00,4.3,20.1,226,52.1,445
2025-01-01 11:00+00:00,5.0,19.1,218,211.0,445
2025-01-01 12:00+00:00,5.3,18.8,209,82.0,445
2025-01-01 13:00+00:00,5.7,25.3,233,147.1,445
2025-01-01 14:00+00:00,6.2,25.7,235,77.6,445
2025-01-01 15:00+00:00,6.6,26.7,235,0.0,445
2025-01-01 16:00+00:00,7.2,27.4,235,0.0,445
2025-01-01 17:00+00:00,7.4,28.4,232,0.0,445
2025-01-01 18:00+00:00,7.3,29.2,232,0.0,445
2025-01-01 19:00+00:00,7.3,28.3,234,0.0,445
2025-01-01 20:00+00:00,7.2,26.7,235,0.0,445
2025-01-01 21:00+00:00,6.9,25.1,234,0.0,445
2025-01-01 22:00+00:00,6.9,24.6,233,0.0,444
2025-01-01 23:00+00:00,7.0,24.8,232,0.0,444
2025-01-02 00:00+00:00,7.0,25.9,236,0.0,444
2025-01-02 01:00+00:00,6.6,27.2,239,0.0,444
2025-01-02 02:00+00:00,6.8,28.2,240,0.0,444
2025-01-02 03:00+00:00,6.8,25.7,238,0.0,444
2025-01-02 04:00+00:00,6.8,25.8,236,0.0,445
2025-01-02 05:00+00:00,6.7,25.3,241,0.0,445
2025-01-02 06:00+00:00,5.8,23.6,252,0.0,445
2025-01-02 07:00+00:00,5.5,22.5,251,0.0,446
2025-01-02 08:00+00:00,5.2,28.4,259,0.0,446
2025-01-02 09:00+00:00,4.8,22.4,274,21.3,445
2025-01-02 10:00+00:00,4.4,20.8,276,23.6,444
2025-01-02 11:00+00:00,4.1,22.5,278,4.0,443
2025-01-02 12:00+00:00,4.0,22.0,278,48.8,443
2025-01-02 13:00+00:00,3.3,20.2,278,529.4,444
2025-01-02 14:00+00:00,2.9,15.8,278,404.3,445
2025-01-02 15:00+00:00,2.7,13.3,273,25.7,447
2025-01-02 16:00+00:00,1.8,13.3,278,0.0,449
2025-01-02 17:00+00:00,0.6,10.9,263,0.0,451
2025-01-02 18:00+00:00,0.1,10.8,252,0.0,451
2025-01-02 19:00+00:00,-0.3,9.8,247,0.0,451
2025-01-02 20:00+00:00,-0.2,9.9,243,0.0,450
2025-01-02 21:00+00:00,0.5,11.6,248,0.0,449
2025-01-02 22:00+00:00,0.6,12.8,250,0.0,447
2025-01-02 23:00+00:00,1.0,13.8,250,0.0,446
2025-01-03 00:00+00:00,0.9,15.8,251,0.0,446
2025-01-03 01:00+00:00,0.2,16.3,256,0.0,446
2025-01-03 02:00+00:00,1.0,17.2,265,0.0,446
2025-01-03 03:00+00:00,1.1,16.0,262,0.0,446
2025-01-03 04:00+00:00,1.0,18.3,263,0.0,446
2025-01-03 05:00+00:00,0.9,19.0,263,0.0,446
2025-01-03 06:00+00:00,0.9,17.4,262,0.0,446
2025-01-03 07:00+00:00,0.8,15.7,267,0.0,445
2025-01-03 08:00+00:00,1.0,17.9,258,0.0,445
2025-01-03 09:00+00:00,1.2,20.2,249,14.1,444
2025-01-03 10:00+00:00,1.4,27.2,254,0.0,443
2025-01-03 11:00+00:00,2.0,23.9,250,44.1,443
2025-01-03 12:00+00:00,2.2,26.5,253,234.4,443
2025-01-03 13:00+00:00,2.0,23.7,258,423.2,444
2025-01-03 14:00+00:00,1.5,23.3,250,352.5,444
2025-01-03 15:00+00:00,0.9,24.7,246,37.9,444
2025-01-03 16:00+00:00,1.3,26.7,263,0.0,445
2025-01-03 17:00+00:00,0.8,29.8,278,0.0,445
2025-01-03 18:00+00:00,0.1,27.1,293,0.0,445
2025-01-03 19:00+00:00,-1.1,23.9,287,0.0,444
2025-01-03 20:00+00:00,-2.0,21.6,278,0.0,444
2025-01-03 21:00+00:00,-2.2,22.3,270,0.0,444
2025-01-03 22:00+00:00,-2.2,24.3,268,0.0,444
2025-01-03 23:00+00:00,-2.3,25.0,272,0.0,444
2025-01-04 00:00+00:00,-2.3,23.6,274,0.0,444
2025-01-04 01:00+00:00,-2.1,23.2,268,0.0,444
2025-01-04 02:00+00:00,-2.0,22.2,272,0.0,444
2025-01-04 03:00+00:00,-1.8,24.2,275,0.0,444
2025-01-04 04:00+00:00,-2.0,21.6,286,0.0,445
2025-01-04 05:00+00:00,-2.2,19.0,290,0.0,445
2025-01-04 06:00+00:00,-2.5,16.3,291,0.0,446
2025-01-04 07:00+00:00,-2.9,13.5,289,0.0,447
2025-01-04 08:00+00:00,-2.7,12.0,284,153.9,447
2025-01-04 09:00+00:00,-1.8,11.2,272,532.6,446
2025-01-04 10:00+00:00,-1.0,13.0,272,671.3,445
2025-01-04 11:00+00:00,-0.3,14.1,266,717.5,444
2025-01-04 12:00+00:00,-0.2,13.4,255,625.6,444
2025-01-04 13:00+00:00,-1.4,9.9,238,485.6,445
2025-01-04 14:00+00:00,-2.0,7.9,221,427.6,446
2025-01-04 15:00+00:00,-1.2,10.4,222,12.4,447
2025-01-04 16:00+00:00,-1.1,11.0,222,0.0,448
2025-01-04 17:00+00:00,-2.5,10.3,213,0.0,449
2025-01-04 18:00+00:00,-2.0,11.9,209,0.0,450
2025-01-04 19:00+00:00,-1.0,12.1,220,0.0,450
2025-01-04 20:00+00:00,-0.9,12.9,221,0.0,450
2025-01-04 21:00+00:00,-2.0,12.7,230,0.0,450
2025-01-04 22:00+00:00,-2.6,10.8,233,0.0,450
2025-01-04 23:00+00:00,-3.3,10.0,214,0.0,450
2025-01-05 00:00+00:00,-3.6,10.7,213,0.0,450
2025-01-05 01:00+00:00,-4.2,9.7,207,0.0,451
2025-01-05 02:00+00:00,-4.3,9.2,211,0.0,451
2025-01-05 03:00+00:00,-4.5,8.5,205,0.0,452
2025-01-05 04:00+00:00,-5.0,7.6,195,0.0,452
2025-01-05 05:00+00:00,-4.9,8.8,195,0.0,453
2025-01-05 06:00+00:00,-5.1,8.0,194,0.0,454
2025-01-05 07:00+00:00,-4.9,7.4,186,0.0,456
2025-01-05 08:00+00:00,-4.4,6.8,178,0.0,456
2025-01-05 09:00+00:00,-4.1,5.1,162,27.8,455
2025-01-05 10:00+00:00,-2.9,5.0,154,69.5,453
2025-01-05 11:00+00:00,-2.2,5.3,135,150.4,451
2025-01-05 12:00+00:00,-1.5,5.2,115,389.9,451
2025-01-05 13:00+00:00,-1.8,6.7,121,42.4,451
2025-01-05 14:00+00:00,-1.7,8.6,121,57.9,451
2025-01-05 15:00+00:00,-2.5,10.8,116,12.3,451
2025-01-05 16:00+00:00,-2.2,12.3,115,0.0,451
2025-01-05 17:00+00:00,-2.4,14.0,119,0.0,451
2025-01-05 18:00+00:00,-2.3,13.8,117,0.0,451
2025-01-05 19:00+00:00,-2.2,13.3,123,0.0,451
2025-01-05 20:00+00:00,-2.0,15.3,126,0.0,451
2025-01-05 21:00+00:00,-1.6,15.3,130,0.0,451
2025-01-05 22:00+00:00,-1.3,16.1,129,0.0,451
2025-01-05 23:00+00:00,-1.0,15.7,130,0.0,451
2025-01-06 00:00+00:00,-0.6,16.9,137,0.0,451
2025-01-06 01:00+00:00,-0.6,15.0,140,0.0,451
2025-01-06 02:00+00:00,0.0,13.7,148,0.0,451
2025-01-06 03:00+00:00,0.6,12.9,155,0.0,451
2025-01-06 04:00+00:00,1.2,12.8,169,0.0,451
2025-01-06 05:00+00:00,1.9,13.1,182,0.0,451
2025-01-06 06:00+00:00,2.5,14.1,191,0.0,451
2025-01-06 07:00+00:00,3.2,15.6,203,0.0,450
2025-01-06 08:00+00:00,3.9,16.3,205,0.0,450
2025-01-06 09:00+00:00,4.3,16.7,207,6.9,449
2025-01-06 10:00+00:00,5.0,18.0,206,101.2,449
2025-01-06 11:00+00:00,5.1,14.4,208,479.5,448
2025-01-06 12:00+00:00,5.6,13.4,208,382.7,448
2025-01-06 13:00+00:00,7.0,17.0,211,60.6,448
2025-01-06 14:00+00:00,6.7,17.3,203,0.0,448
2025-01-06 15:00+00:00,6.1,16.6,196,0.0,449
2025-01-06 16:00+00:00,5.3,17.7,184,0.0,449
2025-01-06 17:00+00:00,5.4,19.0,185,0.0,450
2025-01-06 18:00+00:00,5.1,18.8,187,0.0,450
2025-01-06 19:00+00:00,4.8,20.1,189,0.0,451
2025-01-06 20:00+00:00,4.9,20.8,198,0.0,451
2025-01-06 21:00+00:00,5.6,20.8,209,0.0,451
2025-01-06 22:00+00:00,6.6,21.6,218,0.0,450
2025-01-06 23:00+00:00,6.8,21.5,220,0.0,450
2025-01-07 00:00+00:00,6.7,20.0,225,0.0,450
2025-01-07 01:00+00:00,6.3,19.3,228,0.0,450
2025-01-07 02:00+00:00,5.7,16.2,230,0.0,450
2025-01-07 03:00+00:00,5.7,14.7,219,0.0,451
2025-01-07 04:00+00:00,4.3,13.2,202,0.0,451
2025-01-07 05:00+00:00,4.7,15.3,202,0.0,452
2025-01-07 06:00+00:00,4.7,15.3,205,0.0,452
2025-01-07 07:00+00:00,4.2,14.5,200,0.0,452
2025-01-07 08:00+00:00,4.2,16.5,196,0.0,451
2025-01-07 09:00+00:00,5.0,17.0,203,6.8,450
2025-01-07 10:00+00:00,5.9,18.2,211,68.5,448
2025-01-07 11:00+00:00,6.8,19.2,220,140.4,447
2025-01-07 12:00+00:00,7.2,19.2,218,62.6,447
2025-01-07 13:00+00:00,7.3,19.1,229,18.4,448
2025-01-07 14:00+00:00,6.8,17.6,233,7.0,448
2025-01-07 15:00+00:00,5.7,14.9,227,23.7,448
2025-01-07 16:00+00:00,4.4,14.2,213,0.0,448
2025-01-07 17:00+00:00,3.7,14.7,209,0.0,448
2025-01-07 18:00+00:00,3.2,14.7,209,0.0,448
2025-01-07 19:00+00:00,2.7,16.0,213,0.0,447
2025-01-07 20:00+00:00,2.2,20.0,222,0.0,447
2025-01-07 21:00+00:00,1.6,20.2,233,0.0,447
2025-01-07 22:00+00:00,1.4,19.4,240,0.0,447
2025-01-07 23:00+00:00,0.9,15.4,233,0.0,447
2025-01-08 00:00+00:00,0.9,15.1,219,0.0,447
2025-01-08 01:00+00:00,1.2,15.0,206,0.0,446
2025-01-08 02:00+00:00,0.8,15.8,226,0.0,446
2025-01-08 03:00+00:00,1.5,17.9,231,0.0,446
2025-01-08 04:00+00:00,1.5,15.3,223,0.0,447
2025-01-08 05:00+00:00,0.9,15.4,224,0.0,447
2025-01-08 06:00+00:00,0.8,14.8,226,0.0,447
2025-01-08 07:00+00:00,0.3,14.0,221,0.0,447
2025-01-08 08:00+00:00,0.9,16.4,225,34.5,447
2025-01-08 09:00+00:00,1.5,16.9,230,250.1,447
2025-01-08 10:00+00:00,1.8,17.5,240,611.1,447
2025-01-08 11:00+00:00,2.0,15.4,243,680.9,447
2025-01-08 12:00+00:00,3.0,16.6,244,693.7,447
2025-01-08 13:00+00:00,3.5,16.8,246,323.2,447
2025-01-08 14:00+00:00,3.0,14.3,242,301.6,448
2025-01-08 15:00+00:00,1.8,12.9,237,140.1,449
2025-01-08 16:00+00:00,0.9,12.5,227,0.0,450
2025-01-08 17:00+00:00,0.5,13.4,227,0.0,451
2025-01-08 18:00+00:00,0.2,13.4,222,0.0,452
2025-01-08 19:00+00:00,-0.3,12.2,217,0.0,452
2025-01-08 20:00+00:00,-0.6,11.7,218,0.0,452
2025-01-08 21:00+00:00,-1.0,10.6,214,0.0,452
2025-01-08 22:00+00:00,-1.4,9.3,198,0.0,451
2025-01-08 23:00+00:00,-1.6,8.5,182,0.0,451
2025-01-09 00:00+00:00,-1.8,8.1,167,0.0,451
2025-01-09 01:00+00:00,-1.6,9.5,158,0.0,452
2025-01-09 02:00+00:00,-1.1,9.1,139,0.0,452
2025-01-09 03:00+00:00,-0.3,10.3,137,0.0,452
2025-01-09 04:00+00:00,0.2,10.2,134,0.0,451
2025-01-09 05:00+00:00,0.4,10.9,119,0.0,451
2025-01-09 06:00+00:00,0.5,11.8,124,0.0,452
2025-01-09 07:00+00:00,0.8,11.5,140,0.0,453
2025-01-09 08:00+00:00,1.0,10.3,167,22.8,453
2025-01-09 09:00+00:00,2.1,10.1,184,0.0,452
2025-01-09 10:00+00:00,2.9,10.2,189,4.5,451
2025-01-09 11:00+00:00,3.6,11.1,192,19.2,450
2025-01-09 12:00+00:00,4.1,9.1,188,30.7,449
2025-01-09 13:00+00:00,5.6,8.2,166,0.0,449
2025-01-09 14:00+00:00,6.1,11.8,168,0.0,449
2025-01-09 15:00+00:00,5.9,13.5,166,22.9,449
2025-01-09 16:00+00:00,5.3,15.3,159,0.0,449
2025-01-09 17:00+00:00,5.7,18.4,166,0.0,449
2025-01-09 18:00+00:00,6.3,20.4,176,0.0,449
2025-01-09 19:00+00:00,6.0,17.6,179,0.0,450
2025-01-09 20:00+00:00,5.8,17.7,175,0.0,450
2025-01-09 21:00+00:00,5.8,21.6,173,0.0,450
2025-01-09 22:00+00:00,6.4,24.8,208,0.0,449
2025-01-09 23:00+00:00,1.5,31.6,273,0.0,449
2025-01-10 00:00+00:00,1.2,30.2,280,0.0,449
2025-01-10 01:00+00:00,1.2,29.9,279,0.0,448
2025-01-10 02:00+00:00,0.9,29.0,276,0.0,448
2025-01-10 03:00+00:00,1.0,25.5,276,0.0,448
2025-01-10 04:00+00:00,0.8,20.5,271,0.0,447
2025-01-10 05:00+00:00,0.9,20.9,271,0.0,447
2025-01-10 06:00+00:00,0.9,22.0,275,0.0,447
2025-01-10 07:00+00:00,0.8,20.0,271,0.0,446
2025-01-10 08:00+00:00,0.7,21.8,272,0.0,446
2025-01-10 09:00+00:00,0.9,23.7,275,0.0,446
2025-01-10 10:00+00:00,1.1,20.9,270,0.0,446
2025-01-10 11:00+00:00,1.4,23.2,268,0.0,447
2025-01-10 12:00+00:00,1.5,21.4,268,3.8,448
2025-01-10 13:00+00:00,2.0,19.1,268,133.2,450
2025-01-10 14:00+00:00,1.5,20.3,263,59.3,451
2025-01-10 15:00+00:00,1.0,17.5,268,22.5,451
2025-01-10 16:00+00:00,0.9,15.6,263,0.0,451
2025-01-10 17:00+00:00,0.9,14.6,260,0.0,451
2025-01-10 18:00+00:00,0.8,14.4,261,0.0,450
2025-01-10 19:00+00:00,0.6,15.1,269,0.0,449
2025-01-10 20:00+00:00,0.6,15.8,269,0.0,448
2025-01-10 21:00+00:00,0.4,18.7,273,0.0,448
2025-01-10 22:00+00:00,0.1,19.2,275,0.0,448
2025-01-10 23:00+00:00,-0.1,19.5,274,0.0,448
2025-01-11 00:00+00:00,-0.2,20.2,275,0.0,448
2025-01-11 01:00+00:00,-0.6,19.1,269,0.0,448
2025-01-11 02:00+00:00,-0.4,20.5,271,0.0,448
2025-01-11 03:00+00:00,-0.1,22.2,272,0.0,448
2025-01-11 04:00+00:00,-0.2,23.8,272,0.0,449
2025-01-11 05:00+00:00,-0.5,24.8,271,0.0,449
2025-01-11 06:00+00:00,-0.6,25.6,270,0.0,449
2025-01-11 07:00+00:00,-0.5,26.3,270,0.0,448
2025-01-11 08:00+00:00,-0.4,26.3,268,0.0,447
2025-01-11 09:00+00:00,-0.3,26.3,270,0.0,447
2025-01-11 10:00+00:00,-0.3,18.9,262,0.0,446
2025-01-11 11:00+00:00,-0.3,20.3,269,0.0,446
2025-01-11 12:00+00:00,-0.2,22.2,283,0.0,446
2025-01-11 13:00+00:00,-0.3,23.6,287,0.0,446
2025-01-11 14:00+00:00,-0.3,23.9,287,0.0,446
2025-01-11 15:00+00:00,-0.4,23.9,289,0.0,446
2025-01-11 16:00+00:00,-0.3,24.1,291,0.0,447
2025-01-11 17:00+00:00,-0.3,24.3,291,0.0,447
2025-01-11 18:00+00:00,0.0,26.6,297,0.0,447
2025-01-11 19:00+00:00,0.2,25.9,302,0.0,448
2025-01-11 20:00+00:00,0.3,24.4,304,0.0,448
2025-01-11 21:00+00:00,0.6,23.4,309,0.0,447
2025-01-11 22:00+00:00,0.8,22.0,312,0.0,447
2025-01-11 23:00+00:00,0.8,21.0,312,0.0,446
2025-01-12 00:00+00:00,0.7,20.8,311,0.0,446
2025-01-12 01:00+00:00,0.8,20.5,308,0.0,446
2025-01-12 02:00+00:00,0.7,19.9,305,0.0,446
2025-01-12 03:00+00:00,0.6,20.7,306,0.0,446
2025-01-12 04:00+00:00,0.6,22.5,311,0.0,445
2025-01-12 05:00+00:00,0.5,22.1,316,0.0,445
2025-01-12 06:00+00:00,0.4,21.4,314,0.0,445
2025-01-12 07:00+00:00,0.4,21.4,314,0.0,444
2025-01-12 08:00+00:00,0.5,21.9,317,0.0,444
2025-01-12 09:00+00:00,0.8,21.7,320,0.0,443
2025-01-12 10:00+00:00,0.9,20.5,315,13.1,442
2025-01-12 11:00+00:00,1.2,21.9,316,3.7,442
2025-01-12 12:00+00:00,1.4,25.0,318,67.0,442
2025-01-12 13:00+00:00,0.3,21.5,317,73.5,443
2025-01-12 14:00+00:00,0.2,20.9,315,38.0,443
2025-01-12 15:00+00:00,0.0,20.0,315,0.0,443
2025-01-12 16:00+00:00,-0.3,19.0,317,0.0,444
2025-01-12 17:00+00:00,-0.2,19.0,316,0.0,444
2025-01-12 18:00+00:00,-0.1,17.7,319,0.0,444
2025-01-12 19:00+00:00,-0.3,15.9,327,0.0,445
2025-01-12 20:00+00:00,-0.3,15.1,333,0.0,445
2025-01-12 21:00+00:00,-0.2,14.6,328,0.0,445
2025-01-12 22:00+00:00,-1.2,14.7,323,0.0,445
2025-01-12 23:00+00:00,-2.2,14.2,327,0.0,445
2025-01-13 00:00+00:00,-2.5,14.0,332,0.0,445
2025-01-13 01:00+00:00,-2.1,13.8,334,0.0,445
2025-01-13 02:00+00:00,-2.2,11.4,334,0.0,445
2025-01-13 03:00+00:00,-2.5,9.6,326,0.0,446
2025-01-13 04:00+00:00,-2.7,10.0,326,0.0,448
2025-01-13 05:00+00:00,-2.8,9.5,324,0.0,449
2025-01-13 06:00+00:00,-3.1,8.6,324,0.0,449
2025-01-13 07:00+00:00,-3.2,9.3,323,0.0,449
2025-01-13 08:00+00:00,-2.7,10.2,323,164.2,449
2025-01-13 09:00+00:00,-1.5,10.1,325,431.7,449
2025-01-13 10:00+00:00,-0.4,6.2,311,577.6,449
2025-01-13 11:00+00:00,0.4,5.1,278,586.7,449
2025-01-13 12:00+00:00,0.7,6.0,253,345.8,450
2025-01-13 13:00+00:00,-0.6,5.9,256,396.7,452
2025-01-13 14:00+00:00,-1.8,4.4,261,415.2,453
2025-01-13 15:00+00:00,-3.8,6.0,245,149.4,454
2025-01-13 16:00+00:00,-3.5,7.1,246,0.0,456
2025-01-13 17:00+00:00,-3.1,8.1,241,0.0,456
2025-01-13 18:00+00:00,-3.4,9.3,238,0.0,455
2025-01-13 19:00+00:00,-3.7,10.8,232,0.0,453
2025-01-13 20:00+00:00,-3.8,11.2,229,0.0,452
2025-01-13 21:00+00:00,-3.8,12.0,234,0.0,451
2025-01-13 22:00+00:00,-3.7,11.9,235,0.0,451
2025-01-13 23:00+00:00,-3.5,13.1,234,0.0,451
2025-01-14 00:00+00:00,-3.5,13.8,229,0.0,451
2025-01-14 01:00+00:00,-2.7,12.7,239,0.0,451
2025-01-14 02:00+00:00,-3.1,12.2,244,0.0,451
2025-01-14 03:00+00:00,-3.4,12.6,246,0.0,451
2025-01-14 04:00+00:00,-3.5,13.0,242,0.0,452
2025-01-14 05:00+00:00,-3.8,13.0,239,0.0,453
2025-01-14 06:00+00:00,-3.7,14.2,234,0.0,454
2025-01-14 07:00+00:00,-3.9,13.9,241,0.0,456
2025-01-14 08:00+00:00,-3.5,14.1,242,173.1,456
2025-01-14 09:00+00:00,-2.6,11.2,232,200.3,455
2025-01-14 10:00+00:00,-1.8,11.8,234,545.6,453
2025-01-14 11:00+00:00,-0.9,12.4,231,87.6,451
2025-01-14 12:00+00:00,-0.2,15.4,243,0.0,450
2025-01-14 13:00+00:00,0.3,10.2,228,0.0,450
2025-01-14 14:00+00:00,0.6,17.5,258,0.0,450
2025-01-14 15:00+00:00,0.8,16.3,252,0.0,450
2025-01-14 16:00+00:00,0.8,17.4,251,0.0,450
2025-01-14 17:00+00:00,0.2,18.4,258,0.0,450
2025-01-14 18:00+00:00,0.1,17.8,261,0.0,450
2025-01-14 19:00+00:00,0.2,17.4,262,0.0,450
2025-01-14 20:00+00:00,0.8,18.2,268,0.0,451
2025-01-14 21:00+00:00,0.9,17.7,274,0.0,452
2025-01-14 22:00+00:00,1.1,18.3,276,0.0,454
2025-01-14 23:00+00:00,1.2,17.5,280,0.0,455
2025-01-15 00:00+00:00,1.2,15.2,280,0.0,455
2025-01-15 01:00+00:00,0.9,15.6,281,0.0,454
2025-01-15 02:00+00:00,1.0,15.4,281,0.0,453
2025-01-15 03:00+00:00,1.2,15.1,282,0.0,453
2025-01-15 04:00+00:00,1.3,13.8,291,0.0,453
2025-01-15 05:00+00:00,1.3,12.2,295,0.0,453
2025-01-15 06:00+00:00,1.4,11.2,294,0.0,453
2025-01-15 07:00+00:00,1.4,10.5,295,0.0,454
2025-01-15 08:00+00:00,1.6,9.9,302,0.0,454
2025-01-15 09:00+00:00,1.8,9.0,303,6.2,453
2025-01-15 10:00+00:00,2.2,8.6,303,4.2,452
2025-01-15 11:00+00:00,2.4,8.2,302,3.6,452
2025-01-15 12:00+00:00,3.0,9.6,304,7.2,452
2025-01-15 13:00+00:00,2.8,10.1,301,4.1,453
2025-01-15 14:00+00:00,2.5,8.0,304,0.0,454
2025-01-15 15:00+00:00,2.1,9.0,314,0.0,455
2025-01-15 16:00+00:00,2.0,8.5,328,0.0,455
2025-01-15 17:00+00:00,1.8,6.9,332,0.0,457
2025-01-15 18:00+00:00,1.6,5.8,334,0.0,461
2025-01-15 19:00+00:00,1.3,4.3,327,0.0,467
2025-01-15 20:00+00:00,1.1,3.6,315,0.0,471
2025-01-15 21:00+00:00,1.1,4.7,310,0.0,473
2025-01-15 22:00+00:00,0.9,3.8,311,0.0,473
2025-01-15 23:00+00:00,0.9,3.4,295,0.0,471
2025-01-16 00:00+00:00,0.9,3.9,286,0.0,464
2025-01-16 01:00+00:00,1.0,3.4,245,0.0,455
2025-01-16 02:00+00:00,1.2,8.6,239,0.0,449
2025-01-16 03:00+00:00,1.2,9.0,255,0.0,450
2025-01-16 04:00+00:00,1.2,6.9,261,0.0,454
2025-01-16 05:00+00:00,1.4,7.2,267,0.0,457
2025-01-16 06:00+00:00,1.2,7.5,253,0.0,459
2025-01-16 07:00+00:00,1.0,8.5,242,0.0,459
2025-01-16 08:00+00:00,1.2,11.0,247,0.0,459
2025-01-16 09:00+00:00,1.6,12.4,262,18.2,456
2025-01-16 10:00+00:00,1.8,14.4,261,58.3,453
2025-01-16 11:00+00:00,1.8,15.3,267,10.7,450
2025-01-16 12:00+00:00,1.8,15.5,268,46.2,450
2025-01-16 13:00+00:00,2.2,13.0,251,8.2,451
2025-01-16 14:00+00:00,2.2,11.7,245,0.0,451
2025-01-16 15:00+00:00,2.0,11.7,243,0.0,450
2025-01-16 16:00+00:00,2.0,13.3,242,0.0,449
2025-01-16 17:00+00:00,2.0,13.4,250,0.0,448
2025-01-16 18:00+00:00,1.9,12.4,257,0.0,448
2025-01-16 19:00+00:00,1.9,12.5,258,0.0,449
2025-01-16 20:00+00:00,1.6,12.2,262,0.0,450
2025-01-16 21:00+00:00,1.5,11.6,266,0.0,450
2025-01-16 22:00+00:00,1.4,12.0,257,0.0,451
2025-01-16 23:00+00:00,1.3,12.0,256,0.0,451
2025-01-17 00:00+00:00,0.9,11.3,260,0.0,451
2025-01-17 01:00+00:00,1.6,12.9,261,0.0,451
2025-01-17 02:00+00:00,1.4,13.4,264,0.0,451
2025-01-17 03:00+00:00,1.1,12.8,273,0.0,452
2025-01-17 04:00+00:00,0.9,12.1,277,0.0,452
2025-01-17 05:00+00:00,0.8,11.9,270,0.0,453
2025-01-17 06:00+00:00,0.7,12.3,264,0.0,453
2025-01-17 07:00+00:00,0.8,11.8,263,0.0,454
2025-01-17 08:00+00:00,0.9,11.6,265,0.0,454
2025-01-17 09:00+00:00,1.1,11.7,266,0.0,454
2025-01-17 10:00+00:00,1.5,11.1,261,37.0,453
2025-01-17 11:00+00:00,2.3,12.5,262,151.9,453
2025-01-17 12:00+00:00,3.3,12.5,264,200.0,454
2025-01-17 13:00+00:00,3.5,12.1,264,157.1,456
2025-01-17 14:00+00:00,3.5,8.6,262,284.7,458
2025-01-17 15:00+00:00,2.2,7.7,258,227.4,459
2025-01-17 16:00+00:00,1.5,8.5,253,0.0,460
2025-01-17 17:00+00:00,1.1,9.3,252,0.0,460
2025-01-17 18:00+00:00,0.6,8.8,258,0.0,461
2025-01-17 19:00+00:00,0.2,9.2,268,0.0,461
2025-01-17 20:00+00:00,-0.1,9.5,269,0.0,461
2025-01-17 21:00+00:00,-0.3,9.9,272,0.0,460
2025-01-17 22:00+00:00,-0.5,10.1,251,0.0,459
2025-01-17 23:00+00:00,-0.5,11.1,240,0.0,458
2025-01-18 00:00+00:00,-0.5,10.2,252,0.0,458
2025-01-18 01:00+00:00,0.1,9.8,276,0.0,458
2025-01-18 02:00+00:00,-0.3,9.2,264,0.0,458
2025-01-18 03:00+00:00,-0.8,9.0,260,0.0,460
2025-01-18 04:00+00:00,-1.1,10.2,260,0.0,462
2025-01-18 05:00+00:00,-1.5,9.2,273,0.0,463
2025-01-18 06:00+00:00,-1.7,9.3,262,0.0,463
2025-01-18 07:00+00:00,-1.9,8.5,272,0.0,463
2025-01-18 08:00+00:00,-1.2,9.3,298,205.2,462
2025-01-18 09:00+00:00,-0.6,8.6,280,229.2,461
2025-01-18 10:00+00:00,0.4,9.2,317,308.8,460
2025-01-18 11:00+00:00,1.0,7.9,330,296.7,460
2025-01-18 12:00+00:00,1.5,5.0,305,183.7,460
2025-01-18 13:00+00:00,1.5,5.6,303,301.6,461
2025-01-18 14:00+00:00,1.1,5.4,310,306.5,465
2025-01-18 15:00+00:00,-0.7,3.5,325,184.2,474
2025-01-18 16:00+00:00,-1.4,2.7,323,0.0,485
2025-01-18 17:00+00:00,-1.5,2.5,278,0.0,495
2025-01-18 18:00+00:00,-1.1,3.4,295,0.0,503
2025-01-18 19:00+00:00,-0.6,2.7,312,0.0,509
2025-01-18 20:00+00:00,-0.4,0.8,315,0.0,510
2025-01-18 21:00+00:00,0.0,1.6,84,0.0,502
2025-01-18 22:00+00:00,0.1,2.5,94,0.0,489
2025-01-18 23:00+00:00,0.2,3.1,97,0.0,479
2025-01-19 00:00+00:00,0.2,3.0,104,0.0,478
2025-01-19 01:00+00:00,-0.4,1.4,67,0.0,480
2025-01-19 02:00+00:00,-0.4,2.4,81,0.0,481
2025-01-19 03:00+00:00,-0.5,2.2,104,0.0,479
2025-01-19 04:00+00:00,-0.4,3.7,141,0.0,477
2025-01-19 05:00+00:00,-0.4,4.7,152,0.0,473
2025-01-19 06:00+00:00,-0.4,4.4,148,0.0,468
2025-01-19 07:00+00:00,-0.8,3.7,129,0.0,461
2025-01-19 08:00+00:00,0.2,6.3,141,40.5,456
2025-01-19 09:00+00:00,1.1,6.8,138,86.7,453
2025-01-19 10:00+00:00,2.0,7.8,138,180.5,451
2025-01-19 11:00+00:00,2.7,5.7,143,272.5,450
2025-01-19 12:00+00:00,3.5,4.5,130,540.9,452
2025-01-19 13:00+00:00,0.6,4.9,114,183.8,455
2025-01-19 14:00+00:00,0.6,5.5,103,289.2,458
2025-01-19 15:00+00:00,-0.8,5.2,104,161.7,458
2025-01-19 16:00+00:00,-1.2,6.7,98,0.0,458
2025-01-19 17:00+00:00,-1.5,6.7,96,0.0,457
2025-01-19 18:00+00:00,-1.9,6.6,107,0.0,457
2025-01-19 19:00+00:00,-2.0,6.9,115,0.0,457
2025-01-19 20:00+00:00,-2.0,7.3,120,0.0,458
2025-01-19 21:00+00:00,-1.9,7.4,122,0.0,460
2025-01-19 22:00+00:00,-1.9,7.2,122,0.0,462
2025-01-19 23:00+00:00,-2.0,6.7,126,0.0,464
2025-01-20 00:00+00:00,-2.2,6.2,120,0.0,466
2025-01-20 01:00+00:00,-2.2,7.7,111,0.0,467
2025-01-20 02:00+00:00,-2.2,8.4,105,0.0,468
2025-01-20 03:00+00:00,-2.2,8.7,117,0.0,468
2025-01-20 04:00+00:00,-2.3,9.1,117,0.0,466
2025-01-20 05:00+00:00,-2.3,9.2,116,0.0,465
2025-01-20 06:00+00:00,-2.3,9.2,123,0.0,464
2025-01-20 07:00+00:00,-2.2,9.4,132,0.0,463
2025-01-20 08:00+00:00,-1.1,9.8,142,239.3,461
2025-01-20 09:00+00:00,0.6,8.1,135,545.4,458
2025-01-20 10:00+00:00,2.7,5.6,135,657.3,454
2025-01-20 11:00+00:00,4.6,6.1,140,712.3,452
2025-01-20 12:00+00:00,5.9,6.4,144,716.7,453
2025-01-20 13:00+00:00,5.9,6.8,115,674.2,456
2025-01-20 14:00+00:00,4.8,6.1,133,571.6,458
2025-01-20 15:00+00:00,2.2,7.3,138,298.5,458
2025-01-20 16:00+00:00,0.8,7.1,139,0.0,458
2025-01-20 17:00+00:00,0.9,8.1,152,0.0,458
2025-01-20 18:00+00:00,0.4,7.0,167,0.0,458
2025-01-20 19:00+00:00,0.1,6.8,183,0.0,459
2025-01-20 20:00+00:00,-0.2,6.0,197,0.0,460
2025-01-20 21:00+00:00,-1.0,5.1,197,0.0,461
2025-01-20 22:00+00:00,-0.7,5.7,204,0.0,462
2025-01-20 23:00+00:00,-0.9,7.2,219,0.0,463
2025-01-21 00:00+00:00,-1.2,7.5,217,0.0,462
2025-01-21 01:00+00:00,-0.3,8.0,230,0.0,461
2025-01-21 02:00+00:00,-0.9,7.5,228,0.0,460
2025-01-21 03:00+00:00,-1.1,8.0,230,0.0,461
2025-01-21 04:00+00:00,-1.3,7.4,223,0.0,462
2025-01-21 05:00+00:00,-1.6,6.9,225,0.0,463
2025-01-21 06:00+00:00,-1.8,7.1,218,0.0,465
2025-01-21 07:00+00:00,-1.9,6.6,221,0.0,466
2025-01-21 08:00+00:00,-0.9,7.9,237,98.2,467
2025-01-21 09:00+00:00,0.3,7.0,230,55.8,466
2025-01-21 10:00+00:00,1.3,6.8,235,78.2,464
2025-01-21 11:00+00:00,1.5,6.4,234,3.4,463
2025-01-21 12:00+00:00,1.6,6.2,232,10.0,464
2025-01-21 13:00+00:00,1.4,7.1,255,3.8,467
2025-01-21 14:00+00:00,1.0,6.1,272,0.0,472
2025-01-21 15:00+00:00,-0.1,3.2,273,0.0,482
2025-01-21 16:00+00:00,-1.1,4.0,288,0.0,494
2025-01-21 17:00+00:00,-2.0,3.2,308,0.0,503
2025-01-21 18:00+00:00,-2.3,1.3,326,0.0,506
2025-01-21 19:00+00:00,-2.8,0.2,90,0.0,506
2025-01-21 20:00+00:00,-3.2,0.8,153,0.0,505
2025-01-21 21:00+00:00,-3.3,0.5,225,0.0,503
2025-01-21 22:00+00:00,-3.4,0.2,360,0.0,500
2025-01-21 23:00+00:00,-3.6,0.9,143,0.0,496
2025-01-22 00:00+00:00,-3.9,1.3,172,0.0,491
2025-01-22 01:00+00:00,-3.0,2.5,135,0.0,484
2025-01-22 02:00+00:00,-3.0,2.5,150,0.0,480
2025-01-22 03:00+00:00,-2.7,2.6,168,0.0,479
2025-01-22 04:00+00:00,-2.8,2.4,193,0.0,480
2025-01-22 05:00+00:00,-2.9,3.6,139,0.0,480
2025-01-22 06:00+00:00,-3.4,3.9,152,0.0,478
2025-01-22 07:00+00:00,-3.5,4.0,150,0.0,476
2025-01-22 08:00+00:00,-3.0,4.3,156,19.3,473
2025-01-22 09:00+00:00,-2.0,5.2,153,82.3,470
2025-01-22 10:00+00:00,-0.2,4.1,157,212.1,467
2025-01-22 11:00+00:00,1.8,4.1,135,711.7,465
2025-01-22 12:00+00:00,3.1,4.6,129,721.6,464
2025-01-22 13:00+00:00,1.1,6.0,123,669.1,465
2025-01-22 14:00+00:00,1.0,6.5,109,476.3,465
2025-01-22 15:00+00:00,-0.6,6.8,102,197.5,464
2025-01-22 16:00+00:00,-1.0,9.3,112,0.0,464
2025-01-22 17:00+00:00,-0.9,11.1,121,0.0,463
2025-01-22 18:00+00:00,-0.8,12.3,127,0.0,463
2025-01-22 19:00+00:00,-0.6,12.5,134,0.0,462
2025-01-22 20:00+00:00,-0.8,12.7,135,0.0,462
2025-01-22 21:00+00:00,-0.6,13.0,135,0.0,461
2025-01-22 22:00+00:00,-1.0,11.9,139,0.0,461
2025-01-22 23:00+00:00,-1.3,13.0,138,0.0,460
2025-01-23 00:00+00:00,-1.5,13.9,138,0.0,459
2025-01-23 01:00+00:00,-1.1,14.4,139,0.0,457
2025-01-23 02:00+00:00,-1.2,14.7,141,0.0,456
2025-01-23 03:00+00:00,-1.3,15.6,144,0.0,456
2025-01-23 04:00+00:00,-1.4,16.1,151,0.0,456
2025-01-23 05:00+00:00,-1.4,18.3,156,0.0,456
2025-01-23 06:00+00:00,-1.4,18.3,155,0.0,456
2025-01-23 07:00+00:00,-1.5,17.7,156,0.0,455
2025-01-23 08:00+00:00,-0.9,17.3,156,114.3,455
2025-01-23 09:00+00:00,0.6,18.9,159,177.8,455
2025-01-23 10:00+00:00,1.9,15.9,152,369.0,454
2025-01-23 11:00+00:00,2.8,14.4,164,101.8,454
2025-01-23 12:00+00:00,3.4,14.3,175,0.0,454
2025-01-23 13:00+00:00,1.8,16.2,184,0.0,454
2025-01-23 14:00+00:00,2.0,19.2,212,0.0,454
2025-01-23 15:00+00:00,1.2,18.7,224,0.0,456
2025-01-23 16:00+00:00,1.0,15.9,236,0.0,458
2025-01-23 17:00+00:00,1.7,17.0,251,0.0,459
2025-01-23 18:00+00:00,2.2,17.8,256,0.0,459
2025-01-23 19:00+00:00,1.9,15.6,249,0.0,458
2025-01-23 20:00+00:00,1.7,15.5,250,0.0,457
2025-01-23 21:00+00:00,1.9,15.2,248,0.0,458
2025-01-23 22:00+00:00,1.5,13.8,238,0.0,458
2025-01-23 23:00+00:00,0.8,12.3,231,0.0,459
2025-01-24 00:00+00:00,0.4,11.5,225,0.0,459
2025-01-24 01:00+00:00,1.9,11.7,218,0.0,458
2025-01-24 02:00+00:00,2.2,12.1,224,0.0,457
2025-01-24 03:00+00:00,1.5,10.9,213,0.0,457
2025-01-24 04:00+00:00,1.1,11.0,194,0.0,458
2025-01-24 05:00+00:00,1.2,13.2,194,0.0,458
2025-01-24 06:00+00:00,1.0,12.8,194,0.0,458
2025-01-24 07:00+00:00,1.6,13.0,190,0.0,458
2025-01-24 08:00+00:00,2.0,13.3,193,84.4,457
2025-01-24 09:00+00:00,3.0,10.6,189,74.1,455
2025-01-24 10:00+00:00,3.4,11.1,197,7.5,454
2025-01-24 11:00+00:00,3.8,9.9,179,0.0,452
2025-01-24 12:00+00:00,5.3,11.9,184,629.4,451
2025-01-24 13:00+00:00,6.0,12.1,187,515.1,451
2025-01-24 14:00+00:00,5.7,11.5,190,422.6,451
2025-01-24 15:00+00:00,4.4,12.7,174,233.3,451
2025-01-24 16:00+00:00,3.8,15.2,169,0.0,452
2025-01-24 17:00+00:00,4.0,17.5,171,0.0,452
2025-01-24 18:00+00:00,3.5,18.1,170,0.0,452
2025-01-24 19:00+00:00,3.3,16.8,176,0.0,452
2025-01-24 20:00+00:00,3.8,16.0,178,0.0,452
2025-01-24 21:00+00:00,4.2,16.3,190,0.0,451
2025-01-24 22:00+00:00,4.4,15.9,198,0.0,451
2025-01-24 23:00+00:00,4.5,16.4,204,0.0,450
2025-01-25 00:00+00:00,4.5,16.4,206,0.0,449
2025-01-25 01:00+00:00,5.2,15.8,218,0.0,449
2025-01-25 02:00+00:00,5.1,14.6,218,0.0,449
2025-01-25 03:00+00:00,4.9,12.9,213,0.0,450
2025-01-25 04:00+00:00,4.8,11.9,203,0.0,452
2025-01-25 05:00+00:00,3.8,11.9,185,0.0,453
2025-01-25 06:00+00:00,3.2,12.4,179,0.0,453
2025-01-25 07:00+00:00,3.0,13.1,173,0.0,452
2025-01-25 08:00+00:00,4.0,15.0,169,184.5,451
2025-01-25 09:00+00:00,5.1,15.6,172,46.8,449
2025-01-25 10:00+00:00,6.8,15.3,177,66.6,447
2025-01-25 11:00+00:00,8.4,16.4,180,57.7,446
2025-01-25 12:00+00:00,10.1,17.5,179,85.6,446
2025-01-25 13:00+00:00,10.8,21.8,180,178.7,446
2025-01-25 14:00+00:00,11.4,19.2,199,24.1,447
2025-01-25 15:00+00:00,10.6,17.5,197,8.5,449
2025-01-25 16:00+00:00,9.8,16.2,201,0.0,451
2025-01-25 17:00+00:00,9.1,15.0,194,0.0,453
2025-01-25 18:00+00:00,7.5,13.0,190,0.0,455
2025-01-25 19:00+00:00,6.7,12.6,193,0.0,456
2025-01-25 20:00+00:00,6.0,12.8,197,0.0,457
2025-01-25 21:00+00:00,5.2,11.3,194,0.0,457
2025-01-25 22:00+00:00,4.8,10.6,194,0.0,458
2025-01-25 23:00+00:00,4.2,9.4,192,0.0,458
2025-01-26 00:00+00:00,4.0,9.6,183,0.0,459
2025-01-26 01:00+00:00,5.4,6.1,182,0.0,461
2025-01-26 02:00+00:00,4.6,6.7,153,0.0,462
2025-01-26 03:00+00:00,3.9,7.6,166,0.0,463
2025-01-26 04:00+00:00,3.7,8.4,149,0.0,463
2025-01-26 05:00+00:00,3.8,9.2,149,0.0,463
2025-01-26 06:00+00:00,3.9,7.7,156,0.0,463
2025-01-26 07:00+00:00,3.8,5.0,165,0.0,463
2025-01-26 08:00+00:00,4.3,7.2,174,0.0,463
2025-01-26 09:00+00:00,4.8,9.1,190,0.0,462
2025-01-26 10:00+00:00,5.2,8.5,185,3.6,460
2025-01-26 11:00+00:00,6.3,10.5,211,123.3,458
2025-01-26 12:00+00:00,5.8,13.7,207,6.3,457
2025-01-26 13:00+00:00,7.2,11.2,190,52.8,455
2025-01-26 14:00+00:00,7.9,14.8,211,89.6,454
2025-01-26 15:00+00:00,7.6,12.7,213,25.0,453
2025-01-26 16:00+00:00,7.9,14.1,218,0.0,453
2025-01-26 17:00+00:00,7.9,17.3,219,0.0,452
2025-01-26 18:00+00:00,7.7,18.5,225,0.0,451
2025-01-26 19:00+00:00,6.6,17.7,227,0.0,451
2025-01-26 20:00+00:00,6.3,16.1,229,0.0,451
2025-01-26 21:00+00:00,5.3,13.6,219,0.0,452
2025-01-26 22:00+00:00,4.3,14.1,217,0.0,454
2025-01-26 23:00+00:00,4.4,13.3,212,0.0,456
2025-01-27 00:00+00:00,3.2,11.1,202,0.0,458
2025-01-27 01:00+00:00,3.7,10.1,196,0.0,459
2025-01-27 02:00+00:00,3.2,9.5,182,0.0,460
2025-01-27 03:00+00:00,2.6,9.6,184,0.0,459
2025-01-27 04:00+00:00,2.0,11.0,157,0.0,457
2025-01-27 05:00+00:00,2.0,12.9,161,0.0,456
2025-01-27 06:00+00:00,1.8,14.7,160,0.0,455
2025-01-27 07:00+00:00,2.7,15.3,161,0.0,455
2025-01-27 08:00+00:00,4.2,16.1,160,71.4,455
2025-01-27 09:00+00:00,5.3,14.8,166,15.0,454
2025-01-27 10:00+00:00,6.4,14.9,167,7.2,453
2025-01-27 11:00+00:00,8.1,16.6,174,37.5,453
2025-01-27 12:00+00:00,9.9,14.6,171,701.0,453
2025-01-27 13:00+00:00,9.4,15.4,185,0.0,453
2025-01-27 14:00+00:00,9.7,13.6,187,4.6,454
2025-01-27 15:00+00:00,9.4,13.9,183,8.2,455
2025-01-27 16:00+00:00,8.9,15.3,180,0.0,456
2025-01-27 17:00+00:00,7.8,15.7,177,0.0,457
2025-01-27 18:00+00:00,7.1,16.2,182,0.0,457
2025-01-27 19:00+00:00,6.5,15.4,187,0.0,457
2025-01-27 20:00+00:00,6.9,14.8,186,0.0,457
2025-01-27 21:00+00:00,6.6,13.5,194,0.0,457
2025-01-27 22:00+00:00,6.4,13.7,197,0.0,457
2025-01-27 23:00+00:00,6.2,14.8,194,0.0,457
2025-01-28 00:00+00:00,6.2,15.7,193,0.0,456
2025-01-28 01:00+00:00,7.0,13.0,175,0.0,454
2025-01-28 02:00+00:00,6.8,11.6,167,0.0,453
2025-01-28 03:00+00:00,6.3,12.3,177,0.0,454
2025-01-28 04:00+00:00,5.8,13.7,185,0.0,456
2025-01-28 05:00+00:00,5.6,14.4,171,0.0,458
2025-01-28 06:00+00:00,5.3,12.3,169,0.0,459
2025-01-28 07:00+00:00,4.7,9.9,164,0.0,461
2025-01-28 08:00+00:00,5.3,10.2,162,201.9,461
2025-01-28 09:00+00:00,6.4,8.8,145,275.4,459
2025-01-28 10:00+00:00,8.0,6.4,148,486.0,457
2025-01-28 11:00+00:00,9.1,7.0,134,650.4,455
2025-01-28 12:00+00:00,9.8,7.9,117,533.3,455
2025-01-28 13:00+00:00,9.3,9.3,100,423.6,455
2025-01-28 14:00+00:00,8.8,10.0,110,99.7,456
2025-01-28 15:00+00:00,7.9,9.7,106,0.0,458
2025-01-28 16:00+00:00,7.3,8.2,109,0.0,461
2025-01-28 17:00+00:00,6.8,6.6,112,0.0,463
2025-01-28 18:00+00:00,6.8,5.1,170,0.0,462
2025-01-28 19:00+00:00,6.8,8.2,213,0.0,461
2025-01-28 20:00+00:00,6.8,9.6,237,0.0,459
2025-01-28 21:00+00:00,6.4,12.8,242,0.0,458
2025-01-28 22:00+00:00,5.4,14.9,252,0.0,457
2025-01-28 23:00+00:00,5.8,15.2,256,0.0,457
2025-01-29 00:00+00:00,5.8,11.6,238,0.0,457
2025-01-29 01:00+00:00,5.1,10.7,226,0.0,458
2025-01-29 02:00+00:00,4.7,12.1,213,0.0,458
2025-01-29 03:00+00:00,4.2,12.0,208,0.0,458
2025-01-29 04:00+00:00,3.8,13.1,199,0.0,457
2025-01-29 05:00+00:00,3.5,14.1,201,0.0,456
2025-01-29 06:00+00:00,3.3,13.8,197,0.0,455
2025-01-29 07:00+00:00,3.2,14.5,197,0.0,455
2025-01-29 08:00+00:00,4.2,14.9,197,146.7,454
2025-01-29 09:00+00:00,5.3,12.5,192,106.2,452
2025-01-29 10:00+00:00,6.7,13.8,194,482.5,451
2025-01-29 11:00+00:00,7.6,15.5,198,289.0,449
2025-01-29 12:00+00:00,7.8,15.3,196,69.2,448
2025-01-29 13:00+00:00,8.9,19.0,211,97.6,447
2025-01-29 14:00+00:00,8.8,19.1,222,315.4,447
2025-01-29 15:00+00:00,8.2,17.4,219,0.0,447
2025-01-29 16:00+00:00,7.2,16.1,220,30.1,448
2025-01-29 17:00+00:00,6.7,18.5,225,0.0,448
2025-01-29 18:00+00:00,6.4,17.4,225,0.0,448
2025-01-29 19:00+00:00,5.8,16.3,229,0.0,449
2025-01-29 20:00+00:00,5.4,15.7,228,0.0,449
2025-01-29 21:00+00:00,5.3,15.7,228,0.0,450
2025-01-29 22:00+00:00,4.8,15.8,226,0.0,451
2025-01-29 23:00+00:00,4.5,14.8,227,0.0,452
2025-01-30 00:00+00:00,3.8,13.5,224,0.0,452
2025-01-30 01:00+00:00,4.4,12.5,219,0.0,451
2025-01-30 02:00+00:00,3.8,12.7,212,0.0,451
2025-01-30 03:00+00:00,3.5,13.3,210,0.0,452
2025-01-30 04:00+00:00,3.2,11.7,212,0.0,454
2025-01-30 05:00+00:00,2.8,10.6,214,0.0,455
2025-01-30 06:00+00:00,2.3,9.5,209,0.0,456
2025-01-30 07:00+00:00,1.9,8.5,204,18.0,458
2025-01-30 08:00+00:00,3.0,10.1,199,330.8,458
2025-01-30 09:00+00:00,4.4,7.3,187,435.5,456
2025-01-30 10:00+00:00,5.9,7.9,179,382.5,453
2025-01-30 11:00+00:00,7.3,8.1,180,468.3,451
2025-01-30 12:00+00:00,8.5,8.0,174,682.4,451
2025-01-30 13:00+00:00,8.9,7.1,171,99.4,451
2025-01-30 14:00+00:00,8.8,6.8,163,69.7,452
2025-01-30 15:00+00:00,7.5,6.8,158,61.8,454
2025-01-30 16:00+00:00,5.8,7.0,162,14.6,455
2025-01-30 17:00+00:00,6.1,8.1,159,0.0,457
2025-01-30 18:00+00:00,5.6,7.7,169,0.0,458
2025-01-30 19:00+00:00,5.5,8.7,176,0.0,458
2025-01-30 20:00+00:00,4.9,8.7,187,0.0,458
2025-01-30 21:00+00:00,4.9,8.7,197,0.0,458
2025-01-30 22:00+00:00,5.1,8.5,207,0.0,459
2025-01-30 23:00+00:00,5.1,8.3,214,0.0,459
2025-01-31 00:00+00:00,5.0,9.6,220,0.0,458
2025-01-31 01:00+00:00,5.1,11.0,228,0.0,457
2025-01-31 02:00+00:00,4.4,11.1,231,0.0,456
2025-01-31 03:00+00:00,4.3,11.2,233,0.0,457
2025-01-31 04:00+00:00,4.3,9.4,227,0.0,459
2025-01-31 05:00+00:00,4.1,10.7,234,0.0,459
2025-01-31 06:00+00:00,4.2,17.4,289,0.0,456
2025-01-31 07:00+00:00,2.9,19.3,302,0.0,451
2025-01-31 08:00+00:00,3.0,18.1,298,0.0,447
2025-01-31 09:00+00:00,3.7,18.5,291,0.0,445
2025-01-31 10:00+00:00,4.0,20.4,286,13.6,445
2025-01-31 11:00+00:00,4.3,20.4,286,29.6,445
2025-01-31 12:00+00:00,4.4,20.6,282,64.4,445
2025-01-31 13:00+00:00,4.4,20.1,276,35.9,445
2025-01-31 14:00+00:00,4.5,18.6,274,426.9,446
2025-01-31 15:00+00:00,3.5,16.3,276,356.5,447
2025-01-31 16:00+00:00,2.5,12.0,277,0.0,447
2025-01-31 17:00+00:00,2.5,13.8,261,0.0,448
2025-01-31 18:00+00:00,2.8,14.6,269,0.0,448
2025-01-31 19:00+00:00,2.8,16.4,269,0.0,449
2025-01-31 20:00+00:00,2.8,16.6,271,0.0,449
2025-01-31 21:00+00:00,2.6,16.9,270,0.0,450
2025-01-31 22:00+00:00,2.8,14.9,279,0.0,451
2025-01-31 23:00+00:00,3.2,15.7,287,0.0,451
2025-02-01 00:00+00:00,3.0,16.0,301,0.0,450
2025-02-01 01:00+00:00,2.5,15.8,305,0.0,448
2025-02-01 02:00+00:00,2.5,14.2,303,0.0,447
2025-02-01 03:00+00:00,2.4,11.1,290,0.0,448
2025-02-01 04:00+00:00,2.5,11.1,278,0.0,450
2025-02-01 05:00+00:00,2.4,11.7,290,0.0,451
2025-02-01 06:00+00:00,1.4,10.4,287,0.0,451
2025-02-01 07:00+00:00,1.9,10.1,281,0.0,450
2025-02-01 08:00+00:00,2.2,15.2,299,0.0,449
2025-02-01 09:00+00:00,2.9,14.2,294,9.1,448
2025-02-01 10:00+00:00,3.8,13.6,285,40.1,447
2025-02-01 11:00+00:00,4.5,13.9,284,163.6,447
2025-02-01 12:00+00:00,4.6,13.9,283,54.9,447
2025-02-01 13:00+00:00,4.2,12.1,293,12.9,447
2025-02-01 14:00+00:00,4.0,11.5,290,8.4,448
2025-02-01 15:00+00:00,3.6,9.2,290,7.4,450
2025-02-01 16:00+00:00,3.2,6.3,273,0.0,453
2025-02-01 17:00+00:00,3.0,5.1,262,0.0,455
2025-02-01 18:00+00:00,2.7,3.6,264,0.0,456
2025-02-01 19:00+00:00,2.5,4.7,242,0.0,457
2025-02-01 20:00+00:00,2.5,7.2,233,0.0,457
2025-02-01 21:00+00:00,2.2,6.6,244,0.0,458
2025-02-01 22:00+00:00,1.5,6.3,257,0.0,459
2025-02-01 23:00+00:00,1.0,6.8,241,0.0,459
2025-02-02 00:00+00:00,0.6,5.8,256,0.0,458
2025-02-02 01:00+00:00,0.5,6.5,265,0.0,456
2025-02-02 02:00+00:00,0.3,6.3,288,0.0,454
2025-02-02 03:00+00:00,0.8,7.5,303,0.0,453
2025-02-02 04:00+00:00,0.9,6.1,300,0.0,453
2025-02-02 05:00+00:00,1.0,5.8,296,0.0,452
2025-02-02 06:00+00:00,1.0,6.2,287,0.0,451
2025-02-02 07:00+00:00,0.9,7.8,283,0.0,450
2025-02-02 08:00+00:00,1.2,7.6,284,32.2,449
2025-02-02 09:00+00:00,1.6,9.7,286,40.2,448
2025-02-02 10:00+00:00,2.3,10.1,305,52.7,447
2025-02-02 11:00+00:00,2.8,10.7,316,158.5,446
2025-02-02 12:00+00:00,3.2,10.9,315,5.7,446
2025-02-02 13:00+00:00,3.9,10.3,306,41.1,446
2025-02-02 14:00+00:00,3.7,11.9,305,12.3,447
2025-02-02 15:00+00:00,3.2,10.2,318,7.2,449
2025-02-02 16:00+00:00,2.2,9.2,313,0.0,451
2025-02-02 17:00+00:00,1.8,8.5,297,0.0,453
2025-02-02 18:00+00:00,1.3,7.3,286,0.0,454
2025-02-02 19:00+00:00,0.9,7.1,285,0.0,455
2025-02-02 20:00+00:00,0.3,7.3,293,0.0,456
2025-02-02 21:00+00:00,0.1,7.5,297,0.0,457
2025-02-02 22:00+00:00,-0.6,6.4,297,0.0,457
2025-02-02 23:00+00:00,-1.0,6.5,298,0.0,457
2025-02-03 00:00+00:00,-0.9,6.9,313,0.0,456
2025-02-03 01:00+00:00,-1.5,5.4,312,0.0,455
2025-02-03 02:00+00:00,-1.0,6.5,302,0.0,455
2025-02-03 03:00+00:00,-1.1,4.7,317,0.0,456
2025-02-03 04:00+00:00,-0.2,5.3,305,0.0,457
2025-02-03 05:00+00:00,0.1,5.2,301,0.0,458
2025-02-03 06:00+00:00,0.3,4.2,277,0.0,459
2025-02-03 07:00+00:00,-0.5,4.3,255,0.0,459
2025-02-03 08:00+00:00,0.9,7.5,253,39.5,458
2025-02-03 09:00+00:00,2.0,5.8,272,131.3,455
2025-02-03 10:00+00:00,3.0,9.6,296,230.4,451
2025-02-03 11:00+00:00,3.2,9.0,280,8.5,448
2025-02-03 12:00+00:00,3.5,8.5,282,30.9,447
2025-02-03 13:00+00:00,4.0,9.2,305,130.9,446
2025-02-03 14:00+00:00,4.1,7.6,313,72.4,450
2025-02-03 15:00+00:00,3.6,4.5,310,97.2,461
2025-02-03 16:00+00:00,2.3,4.1,299,12.9,475
2025-02-03 17:00+00:00,1.8,4.3,294,0.0,485
2025-02-03 18:00+00:00,0.8,3.2,289,0.0,487
2025-02-03 19:00+00:00,-0.4,3.2,254,0.0,485
2025-02-03 20:00+00:00,-1.2,5.4,228,0.0,481
2025-02-03 21:00+00:00,-1.0,5.3,237,0.0,475
2025-02-03 22:00+00:00,-0.9,5.4,230,0.0,468
2025-02-03 23:00+00:00,-1.2,3.9,217,0.0,462
2025-02-04 00:00+00:00,-1.6,4.2,190,0.0,458
2025-02-04 01:00+00:00,-2.0,6.3,211,0.0,455
2025-02-04 02:00+00:00,-2.5,5.9,203,0.0,453
2025-02-04 03:00+00:00,-3.0,5.4,195,0.0,453
2025-02-04 04:00+00:00,-3.2,5.5,193,0.0,454
2025-02-04 05:00+00:00,-2.8,6.2,187,0.0,455
2025-02-04 06:00+00:00,-2.8,7.2,177,0.0,455
2025-02-04 07:00+00:00,-2.5,8.6,181,30.5,456
2025-02-04 08:00+00:00,-1.1,8.7,186,410.9,456
2025-02-04 09:00+00:00,0.4,8.0,198,617.9,456
2025-02-04 10:00+00:00,2.0,8.6,210,715.8,455
2025-02-04 11:00+00:00,3.3,8.5,215,754.4,455
2025-02-04 12:00+00:00,4.1,8.1,215,759.1,455
2025-02-04 13:00+00:00,4.1,8.6,211,724.5,456
2025-02-04 14:00+00:00,3.8,8.5,207,647.1,458
2025-02-04 15:00+00:00,1.5,5.5,212,490.4,461
2025-02-04 16:00+00:00,-0.7,5.9,207,99.8,466
2025-02-04 17:00+00:00,-1.2,6.4,190,0.0,468
2025-02-04 18:00+00:00,-1.4,7.0,190,0.0,467
2025-02-04 19:00+00:00,-1.4,7.2,199,0.0,464
2025-02-04 20:00+00:00,-1.5,7.1,204,0.0,461
2025-02-04 21:00+00:00,-2.1,6.6,209,0.0,460
2025-02-04 22:00+00:00,-2.5,6.3,215,0.0,459
2025-02-04 23:00+00:00,-2.7,6.4,223,0.0,459
2025-02-05 00:00+00:00,-3.1,6.2,224,0.0,459
2025-02-05 01:00+00:00,-3.0,6.3,231,0.0,459
2025-02-05 02:00+00:00,-3.4,5.9,230,0.0,460
2025-02-05 03:00+00:00,-3.3,6.5,228,0.0,461
2025-02-05 04:00+00:00,-3.3,6.7,226,0.0,462
2025-02-05 05:00+00:00,-3.3,6.7,224,0.0,463
2025-02-05 06:00+00:00,-3.3,7.9,235,0.0,463
2025-02-05 07:00+00:00,-2.8,8.6,241,29.6,463
2025-02-05 08:00+00:00,-1.5,8.4,239,456.7,463
2025-02-05 09:00+00:00,0.1,9.3,251,647.9,462
2025-02-05 10:00+00:00,1.8,9.8,257,733.2,461
2025-02-05 11:00+00:00,3.3,10.8,267,741.3,460
2025-02-05 12:00+00:00,4.3,11.9,276,784.3,459
2025-02-05 13:00+00:00,3.2,15.6,285,105.8,457
2025-02-05 14:00+00:00,2.2,13.5,286,27.1,457
2025-02-05 15:00+00:00,1.3,11.7,283,0.0,459
2025-02-05 16:00+00:00,0.9,12.1,287,0.0,462
2025-02-05 17:00+00:00,0.7,11.6,296,0.0,464
2025-02-05 18:00+00:00,0.7,10.9,297,0.0,464
2025-02-05 19:00+00:00,0.9,10.9,297,0.0,464
2025-02-05 20:00+00:00,1.1,10.3,275,0.0,462
2025-02-05 21:00+00:00,1.3,11.1,286,0.0,459
2025-02-05 22:00+00:00,1.6,10.9,282,0.0,456
2025-02-05 23:00+00:00,1.5,10.9,286,0.0,453
2025-02-06 00:00+00:00,1.5,10.9,297,0.0,451
2025-02-06 01:00+00:00,2.0,10.8,302,0.0,450
2025-02-06 02:00+00:00,2.1,10.7,305,0.0,449
2025-02-06 03:00+00:00,2.1,10.8,303,0.0,450
2025-02-06 04:00+00:00,2.0,10.1,303,0.0,451
2025-02-06 05:00+00:00,2.0,9.9,303,0.0,452
2025-02-06 06:00+00:00,1.9,9.3,306,0.0,452
2025-02-06 07:00+00:00,1.7,8.9,318,0.0,453
2025-02-06 08:00+00:00,2.0,8.8,321,0.0,452
2025-02-06 09:00+00:00,2.5,8.2,322,0.0,450
2025-02-06 10:00+00:00,2.8,7.6,326,0.0,447
2025-02-06 11:00+00:00,3.2,8.7,4,0.0,445
2025-02-06 12:00+00:00,3.8,10.3,15,0.0,444
2025-02-06 13:00+00:00,4.2,9.7,22,3.0,444
2025-02-06 14:00+00:00,4.3,9.8,28,11.4,445
2025-02-06 15:00+00:00,4.1,7.7,31,6.3,448
2025-02-06 16:00+00:00,3.3,6.9,25,0.0,453
2025-02-06 17:00+00:00,3.0,7.1,24,0.0,456
2025-02-06 18:00+00:00,2.7,7.9,39,0.0,457
2025-02-06 19:00+00:00,2.5,4.7,43,0.0,457
2025-02-06 20:00+00:00,1.8,3.6,20,0.0,456
2025-02-06 21:00+00:00,0.9,4.9,6,0.0,455
2025-02-06 22:00+00:00,0.6,6.3,2,0.0,454
2025-02-06 23:00+00:00,-0.6,6.3,360,0.0,453
2025-02-07 00:00+00:00,-1.8,7.1,16,0.0,452
2025-02-07 01:00+00:00,0.3,9.1,39,0.0,450
2025-02-07 02:00+00:00,0.6,8.7,43,0.0,450
2025-02-07 03:00+00:00,0.8,6.0,39,0.0,452
2025-02-07 04:00+00:00,0.9,5.0,21,0.0,455
2025-02-07 05:00+00:00,0.9,4.7,23,0.0,457
2025-02-07 06:00+00:00,0.8,4.9,54,0.0,456
2025-02-07 07:00+00:00,0.9,5.2,61,0.0,453
2025-02-07 08:00+00:00,1.4,6.4,80,7.3,450
2025-02-07 09:00+00:00,1.9,9.6,103,12.1,448
2025-02-07 10:00+00:00,2.9,13.0,125,67.1,446
2025-02-07 11:00+00:00,3.5,13.4,114,142.6,446
2025-02-07 12:00+00:00,3.8,14.1,107,287.1,448
2025-02-07 13:00+00:00,2.8,17.6,114,26.4,452
2025-02-07 14:00+00:00,2.9,17.1,107,78.3,454
2025-02-07 15:00+00:00,1.8,18.5,106,0.0,454
2025-02-07 16:00+00:00,1.0,18.0,104,0.0,452
2025-02-07 17:00+00:00,0.6,19.7,100,0.0,451
2025-02-07 18:00+00:00,-0.1,17.0,99,0.0,451
2025-02-07 19:00+00:00,-0.2,15.2,95,0.0,451
2025-02-07 20:00+00:00,-0.4,15.9,96,0.0,451
2025-02-07 21:00+00:00,-0.8,16.2,98,0.0,451
2025-02-07 22:00+00:00,-0.3,17.1,102,0.0,451
2025-02-07 23:00+00:00,-0.7,18.1,107,0.0,451
2025-02-08 00:00+00:00,-0.7,18.7,108,0.0,451
2025-02-08 01:00+00:00,-0.8,18.7,106,0.0,451
2025-02-08 02:00+00:00,-1.6,17.8,103,0.0,451
2025-02-08 03:00+00:00,-1.5,17.3,104,0.0,451
2025-02-08 04:00+00:00,-1.8,16.3,106,0.0,452
2025-02-08 05:00+00:00,-1.8,16.7,108,0.0,452
2025-02-08 06:00+00:00,-1.8,17.1,108,0.0,452
2025-02-08 07:00+00:00,-1.5,17.2,110,40.3,452
2025-02-08 08:00+00:00,-0.5,14.6,104,398.5,452
2025-02-08 09:00+00:00,0.6,17.1,109,579.1,452
2025-02-08 10:00+00:00,1.6,16.3,107,405.8,451
2025-02-08 11:00+00:00,2.3,16.3,109,201.7,451
2025-02-08 12:00+00:00,3.0,16.1,106,445.9,451
2025-02-08 13:00+00:00,2.6,16.5,106,650.2,451
2025-02-08 14:00+00:00,2.3,17.1,102,599.8,451
2025-02-08 15:00+00:00,1.6,16.4,103,457.4,451
2025-02-08 16:00+00:00,0.8,15.9,106,122.5,452
2025-02-08 17:00+00:00,0.6,15.8,109,0.0,452
2025-02-08 18:00+00:00,0.6,15.7,112,0.0,452
2025-02-08 19:00+00:00,0.5,14.9,112,0.0,452
2025-02-08 20:00+00:00,0.5,14.8,112,0.0,452
2025-02-08 21:00+00:00,1.1,14.7,113,0.0,453
2025-02-08 22:00+00:00,1.5,14.4,112,0.0,453
2025-02-08 23:00+00:00,1.5,13.6,110,0.0,454
2025-02-09 00:00+00:00,1.4,13.2,107,0.0,454
2025-02-09 01:00+00:00,0.6,11.5,104,0.0,453
2025-02-09 02:00+00:00,0.2,11.4,95,0.0,453
2025-02-09 03:00+00:00,-1.0,11.2,92,0.0,454
2025-02-09 04:00+00:00,-2.0,11.0,91,0.0,454
2025-02-09 05:00+00:00,-2.3,11.2,92,0.0,455
2025-02-09 06:00+00:00,-2.3,11.7,94,0.0,455
2025-02-09 07:00+00:00,-1.9,12.3,97,65.2,454
2025-02-09 08:00+00:00,-0.3,11.1,98,357.9,454
2025-02-09 09:00+00:00,1.2,11.4,101,400.7,454
2025-02-09 10:00+00:00,2.2,10.9,99,275.3,454
2025-02-09 11:00+00:00,2.4,10.6,91,133.5,454
2025-02-09 12:00+00:00,2.1,10.8,87,49.2,454
2025-02-09 13:00+00:00,1.0,12.1,83,0.0,454
2025-02-09 14:00+00:00,0.9,12.1,79,14.4,454
2025-02-09 15:00+00:00,0.6,11.7,75,0.0,454
2025-02-09 16:00+00:00,0.1,12.0,81,0.0,455
2025-02-09 17:00+00:00,-0.2,11.9,88,0.0,455
2025-02-09 18:00+00:00,-0.5,10.1,92,0.0,455
2025-02-09 19:00+00:00,-0.5,9.9,88,0.0,454
2025-02-09 20:00+00:00,-0.4,10.0,82,0.0,454
2025-02-09 21:00+00:00,-0.3,10.2,77,0.0,455
2025-02-09 22:00+00:00,-0.5,9.6,74,0.0,456
2025-02-09 23:00+00:00,-0.9,9.1,73,0.0,456
2025-02-10 00:00+00:00,-1.9,9.0,70,0.0,456
2025-02-10 01:00+00:00,-1.7,10.2,72,0.0,455
2025-02-10 02:00+00:00,-1.6,9.3,68,0.0,454
2025-02-10 03:00+00:00,-1.3,10.1,65,0.0,454
2025-02-10 04:00+00:00,-0.9,11.7,70,0.0,454
2025-02-10 05:00+00:00,-1.0,12.0,76,0.0,454
2025-02-10 06:00+00:00,-1.3,11.7,79,0.0,454
2025-02-10 07:00+00:00,-1.4,12.5,83,25.3,453
2025-02-10 08:00+00:00,-0.9,12.0,81,73.3,453
2025-02-10 09:00+00:00,-0.3,11.5,81,91.6,452
2025-02-10 10:00+00:00,0.3,10.8,80,145.8,452
2025-02-10 11:00+00:00,1.3,10.5,78,253.1,451
2025-02-10 12:00+00:00,2.7,11.4,75,541.2,451
2025-02-10 13:00+00:00,2.8,12.5,70,707.0,451
2025-02-10 14:00+00:00,2.5,13.4,70,694.6,451
2025-02-10 15:00+00:00,1.4,12.4,69,555.4,451
2025-02-10 16:00+00:00,-0.6,12.7,69,179.4,452
2025-02-10 17:00+00:00,-1.5,14.1,77,0.0,452
2025-02-10 18:00+00:00,-2.0,14.4,81,0.0,452
2025-02-10 19:00+00:00,-2.5,14.5,85,0.0,451
2025-02-10 20:00+00:00,-2.8,14.0,89,0.0,451
2025-02-10 21:00+00:00,-3.2,13.3,91,0.0,452
2025-02-10 22:00+00:00,-3.7,12.8,90,0.0,452
2025-02-10 23:00+00:00,-4.2,12.4,88,0.0,453
2025-02-11 00:00+00:00,-4.6,12.3,85,0.0,453
2025-02-11 01:00+00:00,-4.2,12.5,79,0.0,452
2025-02-11 02:00+00:00,-4.6,12.6,79,0.0,452
2025-02-11 03:00+00:00,-4.9,12.8,81,0.0,453
2025-02-11 04:00+00:00,-5.2,13.4,84,0.0,453
2025-02-11 05:00+00:00,-5.3,13.5,86,0.0,454
2025-02-11 06:00+00:00,-5.5,13.5,86,0.0,454
2025-02-11 07:00+00:00,-5.3,12.5,86,110.4,454
2025-02-11 08:00+00:00,-4.1,13.1,91,535.4,453
2025-02-11 09:00+00:00,-2.6,12.4,91,711.2,452
2025-02-11 10:00+00:00,-1.1,12.1,89,798.6,452
2025-02-11 11:00+00:00,0.2,13.3,88,838.4,451
2025-02-11 12:00+00:00,1.1,13.7,87,843.8,451
2025-02-11 13:00+00:00,0.5,14.8,84,801.9,451
2025-02-11 14:00+00:00,-0.1,14.7,83,734.2,451
2025-02-11 15:00+00:00,-1.2,14.6,80,589.4,451
2025-02-11 16:00+00:00,-3.0,15.7,84,195.4,452
2025-02-11 17:00+00:00,-4.0,16.4,90,0.0,452
2025-02-11 18:00+00:00,-4.6,16.5,96,0.0,452
2025-02-11 19:00+00:00,-5.1,16.5,101,0.0,452
2025-02-11 20:00+00:00,-5.4,15.8,101,0.0,452
2025-02-11 21:00+00:00,-5.8,15.2,100,0.0,452
2025-02-11 22:00+00:00,-5.8,14.4,100,0.0,452
2025-02-11 23:00+00:00,-5.9,13.7,99,0.0,452
2025-02-12 00:00+00:00,-5.8,13.4,96,0.0,452
2025-02-12 01:00+00:00,-4.8,14.2,102,0.0,451
2025-02-12 02:00+00:00,-5.0,14.1,100,0.0,451
2025-02-12 03:00+00:00,-5.8,15.1,98,0.0,451
2025-02-12 04:00+00:00,-6.5,14.7,98,0.0,451
2025-02-12 05:00+00:00,-6.7,14.5,96,0.0,451
2025-02-12 06:00+00:00,-6.7,14.2,99,0.0,451
2025-02-12 07:00+00:00,-6.2,14.4,100,107.2,451
2025-02-12 08:00+00:00,-4.7,13.2,100,462.5,451
2025-02-12 09:00+00:00,-3.5,12.6,94,36.7,451
2025-02-12 10:00+00:00,-2.2,12.4,92,19.8,452
2025-02-12 11:00+00:00,-0.7,13.0,96,75.4,452
2025-02-12 12:00+00:00,-0.6,12.6,88,0.0,452
2025-02-12 13:00+00:00,-2.8,11.9,79,0.0,453
2025-02-12 14:00+00:00,-2.5,9.9,68,0.0,453
2025-02-12 15:00+00:00,-1.8,9.4,70,0.0,453
2025-02-12 16:00+00:00,-1.2,14.8,106,20.1,453
2025-02-12 17:00+00:00,-0.9,13.1,119,0.0,452
2025-02-12 18:00+00:00,0.0,12.4,124,0.0,451
2025-02-12 19:00+00:00,0.6,12.2,124,0.0,450
2025-02-12 20:00+00:00,1.1,12.2,131,0.0,449
2025-02-12 21:00+00:00,1.1,11.1,130,0.0,449
2025-02-12 22:00+00:00,-0.4,8.1,118,0.0,449
2025-02-12 23:00+00:00,-0.8,7.6,112,0.0,449
2025-02-13 00:00+00:00,-0.4,9.2,116,0.0,449
2025-02-13 01:00+00:00,0.1,10.3,109,0.0,448
2025-02-13 02:00+00:00,-0.3,10.1,117,0.0,448
2025-02-13 03:00+00:00,-0.2,10.0,116,0.0,449
2025-02-13 04:00+00:00,-0.5,9.3,117,0.0,450
2025-02-13 05:00+00:00,-0.6,9.4,122,0.0,451
2025-02-13 06:00+00:00,-0.8,7.7,111,0.0,452
2025-02-13 07:00+00:00,-0.7,8.0,106,0.0,452
2025-02-13 08:00+00:00,-0.2,7.7,106,0.0,452
2025-02-13 09:00+00:00,0.3,7.4,96,0.0,452
2025-02-13 10:00+00:00,1.5,7.5,105,36.3,451
2025-02-13 11:00+00:00,2.8,7.0,116,191.1,451
2025-02-13 12:00+00:00,3.0,4.8,105,49.1,452
2025-02-13 13:00+00:00,0.9,7.3,83,0.0,453
2025-02-13 14:00+00:00,1.2,7.4,72,16.7,454
2025-02-13 15:00+00:00,0.8,8.3,63,0.0,455
2025-02-13 16:00+00:00,0.1,7.5,57,0.0,456
2025-02-13 17:00+00:00,-0.3,6.8,55,0.0,457
2025-02-13 18:00+00:00,-0.7,8.5,27,0.0,457
2025-02-13 19:00+00:00,-1.1,10.4,30,0.0,456
2025-02-13 20:00+00:00,-1.5,11.6,35,0.0,455
2025-02-13 21:00+00:00,-2.0,10.7,41,0.0,454
2025-02-13 22:00+00:00,-2.2,9.3,34,0.0,454
2025-02-13 23:00+00:00,-2.2,7.2,22,0.0,453
2025-02-14 00:00+00:00,-2.3,7.8,7,0.0,453
2025-02-14 01:00+00:00,-2.2,9.2,2,0.0,452
2025-02-14 02:00+00:00,-2.1,9.6,4,0.0,452
2025-02-14 03:00+00:00,-1.9,9.4,8,0.0,451
2025-02-14 04:00+00:00,-1.6,10.7,13,0.0,451
2025-02-14 05:00+00:00,-1.4,10.4,14,0.0,450
2025-02-14 06:00+00:00,-1.1,10.0,7,0.0,449
2025-02-14 07:00+00:00,-1.1,12.0,7,0.0,449
2025-02-14 08:00+00:00,-1.4,14.2,15,5.9,448
2025-02-14 09:00+00:00,-1.3,15.3,30,438.7,447
2025-02-14 10:00+00:00,-0.9,15.3,30,434.2,447
2025-02-14 11:00+00:00,-0.4,13.2,24,541.2,447
2025-02-14 12:00+00:00,-0.2,10.9,9,402.0,448
2025-02-14 13:00+00:00,-0.1,6.2,334,23.8,449
2025-02-14 14:00+00:00,0.2,7.1,330,23.0,450
2025-02-14 15:00+00:00,-0.2,11.0,346,55.5,450
2025-02-14 16:00+00:00,-1.5,8.7,339,57.3,449
2025-02-14 17:00+00:00,-1.6,8.6,319,0.0,449
2025-02-14 18:00+00:00,-2.0,9.6,320,0.0,450
2025-02-14 19:00+00:00,-1.9,9.4,310,0.0,451
2025-02-14 20:00+00:00,-2.3,10.0,321,0.0,452
2025-02-14 21:00+00:00,-4.6,8.8,334,0.0,452
2025-02-14 22:00+00:00,-6.2,7.4,334,0.0,452
2025-02-14 23:00+00:00,-7.1,6.8,331,0.0,452
2025-02-15 00:00+00:00,-7.6,6.7,326,0.0,452
2025-02-15 01:00+00:00,-7.4,6.5,318,0.0,452
2025-02-15 02:00+00:00,-8.1,6.2,319,0.0,453
2025-02-15 03:00+00:00,-8.5,6.0,321,0.0,456
2025-02-15 04:00+00:00,-8.4,3.8,295,0.0,460
2025-02-15 05:00+00:00,-8.6,3.8,281,0.0,462
2025-02-15 06:00+00:00,-9.3,5.5,253,0.0,461
2025-02-15 07:00+00:00,-6.4,8.7,256,98.4,458
2025-02-15 08:00+00:00,-5.1,6.2,248,365.4,455
2025-02-15 09:00+00:00,-2.6,8.9,257,420.3,453
2025-02-15 10:00+00:00,-2.2,10.4,252,230.2,451
2025-02-15 11:00+00:00,-1.9,10.3,247,116.0,449
2025-02-15 12:00+00:00,-1.6,11.7,261,334.7,448
2025-02-15 13:00+00:00,-1.7,10.1,274,405.0,449
2025-02-15 14:00+00:00,-1.9,8.0,278,297.4,449
2025-02-15 15:00+00:00,-3.2,6.3,257,511.8,450
2025-02-15 16:00+00:00,-3.8,7.6,251,158.5,450
2025-02-15 17:00+00:00,-3.2,8.6,259,0.0,451
2025-02-15 18:00+00:00,-2.8,8.3,271,0.0,452
2025-02-15 19:00+00:00,-2.9,7.8,285,0.0,452
2025-02-15 20:00+00:00,-4.0,6.7,286,0.0,453
2025-02-15 21:00+00:00,-4.2,5.6,295,0.0,453
2025-02-15 22:00+00:00,-3.8,5.4,310,0.0,453
2025-02-15 23:00+00:00,-3.8,4.8,281,0.0,453
2025-02-16 00:00+00:00,-4.8,5.1,276,0.0,453
2025-02-16 01:00+00:00,-6.1,6.1,272,0.0,452
2025-02-16 02:00+00:00,-7.8,6.7,279,0.0,452
2025-02-16 03:00+00:00,-8.9,6.6,296,0.0,453
2025-02-16 04:00+00:00,-9.5,5.9,322,0.0,454
2025-02-16 05:00+00:00,-9.6,6.1,317,0.0,455
2025-02-16 06:00+00:00,-8.0,6.4,297,0.0,455
2025-02-16 07:00+00:00,-8.2,6.6,327,117.0,455
2025-02-16 08:00+00:00,-5.7,5.5,324,160.8,454
2025-02-16 09:00+00:00,-4.0,4.5,346,655.0,451
2025-02-16 10:00+00:00,-2.5,5.4,360,795.6,448
2025-02-16 11:00+00:00,-1.6,5.2,2,837.6,446
2025-02-16 12:00+00:00,-1.2,5.8,355,852.1,446
2025-02-16 13:00+00:00,-1.5,5.6,339,811.9,446
2025-02-16 14:00+00:00,-2.1,5.3,352,750.5,449
2025-02-16 15:00+00:00,-3.5,4.5,2,610.1,456
2025-02-16 16:00+00:00,-5.0,4.2,18,264.3,464
2025-02-16 17:00+00:00,-6.3,4.2,40,0.0,469
2025-02-16 18:00+00:00,-7.2,3.0,52,0.0,466
2025-02-16 19:00+00:00,-8.1,2.0,45,0.0,460
2025-02-16 20:00+00:00,-9.1,3.1,62,0.0,455
2025-02-16 21:00+00:00,-9.9,3.9,103,0.0,455
2025-02-16 22:00+00:00,-10.2,4.3,135,0.0,458
2025-02-16 23:00+00:00,-10.8,4.6,159,0.0,460
2025-02-17 00:00+00:00,-11.2,3.8,205,0.0,462
2025-02-17 01:00+00:00,-12.8,2.5,225,0.0,463
2025-02-17 02:00+00:00,-13.1,2.8,259,0.0,465
2025-02-17 03:00+00:00,-13.1,2.4,228,0.0,467
2025-02-17 04:00+00:00,-13.1,2.9,202,0.0,469
2025-02-17 05:00+00:00,-13.2,4.0,198,0.0,470
2025-02-17 06:00+00:00,-13.4,5.4,206,0.0,470
2025-02-17 07:00+00:00,-12.6,5.7,221,165.5,469
2025-02-17 08:00+00:00,-10.7,4.6,231,506.7,467
2025-02-17 09:00+00:00,-8.4,4.4,232,666.7,464
2025-02-17 10:00+00:00,-6.7,4.2,234,736.9,461
2025-02-17 11:00+00:00,-5.3,4.8,233,791.5,458
2025-02-17 12:00+00:00,-4.3,5.2,239,815.8,457
2025-02-17 13:00+00:00,-3.5,5.1,243,788.2,456
2025-02-17 14:00+00:00,-3.7,4.5,241,760.2,456
2025-02-17 15:00+00:00,-4.3,4.8,228,492.5,457
2025-02-17 16:00+00:00,-4.1,7.0,222,62.4,459
2025-02-17 17:00+00:00,-4.3,8.3,224,0.0,460
2025-02-17 18:00+00:00,-4.2,7.7,237,0.0,461
2025-02-17 19:00+00:00,-5.8,5.8,248,0.0,461
2025-02-17 20:00+00:00,-8.3,6.3,267,0.0,461
2025-02-17 21:00+00:00,-9.2,6.8,272,0.0,459
2025-02-17 22:00+00:00,-9.6,7.4,276,0.0,457
2025-02-17 23:00+00:00,-9.2,7.5,280,0.0,455
2025-02-18 00:00+00:00,-9.0,8.0,275,0.0,454
2025-02-18 01:00+00:00,-10.1,8.1,270,0.0,453
2025-02-18 02:00+00:00,-10.2,8.5,271,0.0,452
2025-02-18 03:00+00:00,-10.2,8.8,268,0.0,452
2025-02-18 04:00+00:00,-10.1,8.1,266,0.0,453
2025-02-18 05:00+00:00,-10.2,7.9,266,0.0,454
2025-02-18 06:00+00:00,-9.5,9.4,268,0.0,455
2025-02-18 07:00+00:00,-8.4,10.3,272,60.4,456
2025-02-18 08:00+00:00,-7.3,9.9,260,209.6,456
2025-02-18 09:00+00:00,-6.1,9.3,262,644.9,455
2025-02-18 10:00+00:00,-4.6,10.0,261,705.6,453
2025-02-18 11:00+00:00,-3.4,10.7,257,711.6,452
2025-02-18 12:00+00:00,-2.3,10.6,256,787.1,451
2025-02-18 13:00+00:00,-1.9,11.0,264,664.7,451
2025-02-18 14:00+00:00,-1.7,10.2,253,603.3,451
2025-02-18 15:00+00:00,-1.9,11.0,260,435.3,452
2025-02-18 16:00+00:00,-2.8,11.5,262,209.1,452
2025-02-18 17:00+00:00,-2.8,12.2,268,0.0,453
2025-02-18 18:00+00:00,-3.2,11.9,275,0.0,453
2025-02-18 19:00+00:00,-4.2,10.9,283,0.0,453
2025-02-18 20:00+00:00,-4.8,10.4,287,0.0,453
2025-02-18 21:00+00:00,-5.2,9.6,290,0.0,453
2025-02-18 22:00+00:00,-5.8,9.0,285,0.0,454
2025-02-18 23:00+00:00,-6.3,9.0,276,0.0,454
2025-02-19 00:00+00:00,-6.6,9.6,275,0.0,454
2025-02-19 01:00+00:00,-7.1,9.0,271,0.0,454
2025-02-19 02:00+00:00,-7.4,8.8,271,0.0,454
2025-02-19 03:00+00:00,-7.8,8.6,270,0.0,455
2025-02-19 04:00+00:00,-7.9,8.5,271,0.0,457
2025-02-19 05:00+00:00,-8.1,7.9,271,0.0,458
2025-02-19 06:00+00:00,-8.9,6.7,272,0.0,459
2025-02-19 07:00+00:00,-8.6,6.0,273,196.0,461
2025-02-19 08:00+00:00,-6.9,4.5,265,550.3,461
2025-02-19 09:00+00:00,-4.8,4.4,263,698.1,459
2025-02-19 10:00+00:00,-3.2,4.0,260,769.7,457
2025-02-19 11:00+00:00,-1.9,4.2,252,794.3,455
2025-02-19 12:00+00:00,-1.0,4.3,248,799.9,454
2025-02-19 13:00+00:00,-1.1,3.3,257,29.7,453
2025-02-19 14:00+00:00,-0.8,1.8,281,27.3,455
2025-02-19 15:00+00:00,-1.0,0.4,90,13.4,464
2025-02-19 16:00+00:00,-1.5,2.9,112,0.0,476
2025-02-19 17:00+00:00,-1.9,4.2,130,0.0,483
2025-02-19 18:00+00:00,-2.1,4.5,146,0.0,480
2025-02-19 19:00+00:00,-4.3,5.3,145,0.0,473
2025-02-19 20:00+00:00,-5.0,5.9,145,0.0,467
2025-02-19 21:00+00:00,-6.0,6.2,158,0.0,465
2025-02-19 22:00+00:00,-6.6,6.3,162,0.0,464
2025-02-19 23:00+00:00,-7.2,5.1,148,0.0,463
2025-02-20 00:00+00:00,-7.7,6.2,136,0.0,461
2025-02-20 01:00+00:00,-8.7,6.4,119,0.0,458
2025-02-20 02:00+00:00,-9.1,6.8,115,0.0,456
2025-02-20 03:00+00:00,-8.9,7.2,115,0.0,456
2025-02-20 04:00+00:00,-8.9,7.6,118,0.0,456
2025-02-20 05:00+00:00,-8.8,7.8,122,0.0,457
2025-02-20 06:00+00:00,-8.8,8.3,124,0.0,457
2025-02-20 07:00+00:00,-8.1,9.0,127,219.5,458
2025-02-20 08:00+00:00,-6.8,7.3,121,589.7,458
2025-02-20 09:00+00:00,-4.6,7.7,121,736.4,458
2025-02-20 10:00+00:00,-2.8,8.9,124,814.2,458
2025-02-20 11:00+00:00,-1.2,8.0,121,849.9,457
2025-02-20 12:00+00:00,-0.1,8.2,122,852.8,456
2025-02-20 13:00+00:00,0.1,10.4,122,822.9,455
2025-02-20 14:00+00:00,0.4,9.9,125,766.1,454
2025-02-20 15:00+00:00,-0.1,9.8,121,639.0,453
2025-02-20 16:00+00:00,-1.5,11.5,117,341.9,453
2025-02-20 17:00+00:00,-2.5,11.9,124,0.0,453
2025-02-20 18:00+00:00,-3.0,13.2,128,0.0,453
2025-02-20 19:00+00:00,-3.5,12.8,132,0.0,453
2025-02-20 20:00+00:00,-4.1,13.5,133,0.0,453
2025-02-20 21:00+00:00,-4.5,14.3,135,0.0,454
2025-02-20 22:00+00:00,-4.9,14.5,137,0.0,455
2025-02-20 23:00+00:00,-5.0,15.2,137,0.0,455
2025-02-21 00:00+00:00,-5.1,15.8,139,0.0,454
2025-02-21 01:00+00:00,-4.6,15.3,143,0.0,453
2025-02-21 02:00+00:00,-4.8,14.4,143,0.0,452
2025-02-21 03:00+00:00,-5.0,13.8,144,0.0,452
2025-02-21 04:00+00:00,-4.8,14.5,145,0.0,452
2025-02-21 05:00+00:00,-4.8,14.3,145,0.0,452
2025-02-21 06:00+00:00,-3.8,15.2,143,0.0,452
2025-02-21 07:00+00:00,-3.3,14.4,144,9.3,453
2025-02-21 08:00+00:00,-2.6,12.3,143,28.9,453
2025-02-21 09:00+00:00,-1.4,11.0,146,18.7,452
2025-02-21 10:00+00:00,0.0,9.7,149,116.8,451
2025-02-21 11:00+00:00,1.1,8.8,147,499.0,451
2025-02-21 12:00+00:00,2.1,7.8,142,485.4,451
2025-02-21 13:00+00:00,1.9,8.5,148,315.7,452
2025-02-21 14:00+00:00,2.2,7.6,135,126.2,453
2025-02-21 15:00+00:00,1.9,8.8,137,291.1,453
2025-02-21 16:00+00:00,1.4,9.2,145,212.2,454
2025-02-21 17:00+00:00,1.1,10.6,146,0.0,454
2025-02-21 18:00+00:00,1.7,12.3,148,0.0,454
2025-02-21 19:00+00:00,1.5,12.2,153,0.0,453
2025-02-21 20:00+00:00,1.2,11.3,151,0.0,453
2025-02-21 21:00+00:00,0.2,11.8,147,0.0,453
2025-02-21 22:00+00:00,-0.3,12.7,145,0.0,453
2025-02-21 23:00+00:00,-0.8,13.0,146,0.0,453
2025-02-22 00:00+00:00,-1.0,12.5,148,0.0,452
2025-02-22 01:00+00:00,-1.1,12.0,148,0.0,451
2025-02-22 02:00+00:00,-1.5,12.0,148,0.0,451
2025-02-22 03:00+00:00,-1.9,12.0,147,0.0,451
2025-02-22 04:00+00:00,-1.9,11.4,145,0.0,452
2025-02-22 05:00+00:00,-1.9,12.5,145,0.0,453
2025-02-22 06:00+00:00,-2.1,13.7,140,0.0,453
2025-02-22 07:00+00:00,-1.8,12.8,145,244.4,453
2025-02-22 08:00+00:00,-0.6,8.6,141,572.7,453
2025-02-22 09:00+00:00,0.9,8.7,137,710.7,452
2025-02-22 10:00+00:00,2.2,9.1,131,779.1,451
2025-02-22 11:00+00:00,3.3,9.7,130,813.0,450
2025-02-22 12:00+00:00,4.2,10.2,135,818.7,450
2025-02-22 13:00+00:00,4.7,10.2,135,796.7,451
2025-02-22 14:00+00:00,4.9,10.4,143,736.7,451
2025-02-22 15:00+00:00,3.7,7.0,145,619.9,451
2025-02-22 16:00+00:00,1.4,7.3,126,343.7,452
2025-02-22 17:00+00:00,1.8,11.2,131,0.0,452
2025-02-22 18:00+00:00,1.5,13.2,137,0.0,452
2025-02-22 19:00+00:00,1.1,11.7,148,0.0,452
2025-02-22 20:00+00:00,0.3,11.1,155,0.0,452
2025-02-22 21:00+00:00,-0.2,11.1,155,0.0,452
2025-02-22 22:00+00:00,-0.6,11.1,163,0.0,453
2025-02-22 23:00+00:00,-1.1,10.6,161,0.0,453
2025-02-23 00:00+00:00,-1.6,9.2,168,0.0,453
2025-02-23 01:00+00:00,-1.2,9.6,172,0.0,453
2025-02-23 02:00+00:00,-1.2,9.2,180,0.0,453
2025-02-23 03:00+00:00,-1.4,9.6,184,0.0,454
2025-02-23 04:00+00:00,-1.5,9.4,187,0.0,455
2025-02-23 05:00+00:00,-1.3,8.9,194,0.0,456
2025-02-23 06:00+00:00,-1.2,8.3,200,0.0,457
2025-02-23 07:00+00:00,-0.2,7.5,207,202.9,458
2025-02-23 08:00+00:00,1.2,5.3,192,146.3,459
2025-02-23 09:00+00:00,2.7,4.0,219,421.4,459
2025-02-23 10:00+00:00,3.8,4.1,225,485.5,458
2025-02-23 11:00+00:00,4.9,3.5,231,305.4,459
2025-02-23 12:00+00:00,5.5,2.4,216,58.4,462
2025-02-23 13:00+00:00,5.1,3.9,227,93.9,467
2025-02-23 14:00+00:00,5.4,4.8,241,8.5,469
2025-02-23 15:00+00:00,4.8,7.0,266,0.0,467
2025-02-23 16:00+00:00,4.4,8.5,271,0.0,463
2025-02-23 17:00+00:00,4.0,9.5,280,0.0,460
2025-02-23 18:00+00:00,4.5,12.7,295,0.0,459
2025-02-23 19:00+00:00,4.4,14.0,306,0.0,459
2025-02-23 20:00+00:00,4.1,11.8,320,0.0,459
2025-02-23 21:00+00:00,3.6,8.6,337,0.0,460
2025-02-23 22:00+00:00,3.2,6.7,324,0.0,461
2025-02-23 23:00+00:00,2.7,6.6,296,0.0,462
2025-02-24 00:00+00:00,2.3,6.3,288,0.0,462
2025-02-24 01:00+00:00,3.5,7.2,309,0.0,461
2025-02-24 02:00+00:00,3.2,6.2,319,0.0,462
2025-02-24 03:00+00:00,2.9,4.9,324,0.0,466
2025-02-24 04:00+00:00,3.0,3.1,360,0.0,471
2025-02-24 05:00+00:00,2.9,1.1,72,0.0,474
2025-02-24 06:00+00:00,2.5,1.1,171,0.0,474
2025-02-24 07:00+00:00,2.7,4.6,191,17.2,473
2025-02-24 08:00+00:00,3.1,5.6,163,13.4,470
2025-02-24 09:00+00:00,4.2,7.2,153,20.7,465
2025-02-24 10:00+00:00,5.1,7.3,170,26.2,458
2025-02-24 11:00+00:00,5.8,7.8,172,30.2,453
2025-02-24 12:00+00:00,7.1,7.9,177,166.6,452
2025-02-24 13:00+00:00,7.7,7.9,168,178.4,453
2025-02-24 14:00+00:00,8.6,8.1,143,375.5,454
2025-02-24 15:00+00:00,7.9,10.0,124,590.1,454
2025-02-24 16:00+00:00,5.7,11.0,130,360.7,455
2025-02-24 17:00+00:00,4.4,11.2,135,17.3,455
2025-02-24 18:00+00:00,4.0,12.3,141,0.0,454
2025-02-24 19:00+00:00,3.5,12.6,151,0.0,454
2025-02-24 20:00+00:00,2.9,12.3,159,0.0,453
2025-02-24 21:00+00:00,2.4,12.6,161,0.0,453
2025-02-24 22:00+00:00,1.9,11.8,161,0.0,454
2025-02-24 23:00+00:00,1.6,11.7,159,0.0,454
2025-02-25 00:00+00:00,1.3,11.1,160,0.0,454
2025-02-25 01:00+00:00,1.2,10.8,159,0.0,454
2025-02-25 02:00+00:00,1.2,10.7,155,0.0,455
2025-02-25 03:00+00:00,1.0,11.0,155,0.0,456
2025-02-25 04:00+00:00,1.1,11.0,161,0.0,458
2025-02-25 05:00+00:00,1.0,10.9,163,0.0,459
2025-02-25 06:00+00:00,1.2,10.7,166,0.0,460
2025-02-25 07:00+00:00,1.9,11.3,163,0.0,461
2025-02-25 08:00+00:00,2.8,10.8,169,0.0,461
2025-02-25 09:00+00:00,4.0,10.2,162,11.6,460
2025-02-25 10:00+00:00,4.8,7.8,167,14.1,459
2025-02-25 11:00+00:00,5.4,6.7,172,2.1,459
2025-02-25 12:00+00:00,6.2,6.0,189,8.4,459
2025-02-25 13:00+00:00,6.2,6.8,177,4.6,460
2025-02-25 14:00+00:00,6.6,7.2,177,11.0,462
2025-02-25 15:00+00:00,6.7,6.6,163,31.5,466
2025-02-25 16:00+00:00,5.8,6.1,161,37.6,470
2025-02-25 17:00+00:00,4.2,5.4,160,0.0,475
2025-02-25 18:00+00:00,4.3,3.9,167,0.0,480
2025-02-25 19:00+00:00,4.0,1.1,198,0.0,486
2025-02-25 20:00+00:00,3.1,0.7,14,0.0,489
2025-02-25 21:00+00:00,2.5,3.2,47,0.0,488
2025-02-25 22:00+00:00,2.2,6.5,67,0.0,486
2025-02-25 23:00+00:00,1.4,8.4,75,0.0,483
2025-02-26 00:00+00:00,0.6,7.8,103,0.0,481
2025-02-26 01:00+00:00,0.9,5.9,88,0.0,479
2025-02-26 02:00+00:00,0.7,5.8,76,0.0,478
2025-02-26 03:00+00:00,1.2,6.7,71,0.0,477
2025-02-26 04:00+00:00,1.6,8.6,75,0.0,477
2025-02-26 05:00+00:00,1.8,7.6,89,0.0,476
2025-02-26 06:00+00:00,1.8,8.0,106,0.0,474
2025-02-26 07:00+00:00,2.0,8.9,104,8.2,471
2025-02-26 08:00+00:00,2.3,7.9,114,4.2,469
2025-02-26 09:00+00:00,2.7,7.4,116,0.0,467
2025-02-26 10:00+00:00,3.3,7.0,125,0.0,466
2025-02-26 11:00+00:00,3.5,6.5,118,0.0,465
2025-02-26 12:00+00:00,3.8,6.2,120,0.0,464
2025-02-26 13:00+00:00,4.8,5.7,125,0.0,464
2025-02-26 14:00+00:00,5.1,6.1,140,0.0,465
2025-02-26 15:00+00:00,5.8,6.1,177,11.6,468
2025-02-26 16:00+00:00,5.1,4.5,194,0.0,473
2025-02-26 17:00+00:00,4.4,5.6,195,0.0,476
2025-02-26 18:00+00:00,4.3,6.3,180,0.0,477
2025-02-26 19:00+00:00,3.8,6.3,175,0.0,476
2025-02-26 20:00+00:00,4.1,6.9,189,0.0,474
2025-02-26 21:00+00:00,4.4,7.3,191,0.0,471
2025-02-26 22:00+00:00,3.5,8.6,206,0.0,466
2025-02-26 23:00+00:00,2.3,7.8,212,0.0,463
2025-02-27 00:00+00:00,1.7,8.0,205,0.0,462
2025-02-27 01:00+00:00,3.0,9.8,203,0.0,462
2025-02-27 02:00+00:00,3.0,8.9,207,0.0,462
2025-02-27 03:00+00:00,3.7,8.5,209,0.0,464
2025-02-27 04:00+00:00,3.8,7.9,207,0.0,466
2025-02-27 05:00+00:00,3.9,8.7,225,0.0,467
2025-02-27 06:00+00:00,4.1,10.5,250,0.0,466
2025-02-27 07:00+00:00,4.2,11.2,252,0.0,464
2025-02-27 08:00+00:00,4.6,11.8,251,0.0,462
2025-02-27 09:00+00:00,4.8,12.8,256,2.8,460
2025-02-27 10:00+00:00,5.1,11.8,259,4.6,458
2025-02-27 11:00+00:00,5.8,9.5,256,27.0,456
2025-02-27 12:00+00:00,6.6,8.0,250,24.7,453
2025-02-27 13:00+00:00,9.4,9.4,263,363.6,451
2025-02-27 14:00+00:00,9.1,7.0,266,447.7,452
2025-02-27 15:00+00:00,8.8,5.0,268,487.3,459
2025-02-27 16:00+00:00,6.1,1.1,270,267.8,470
2025-02-27 17:00+00:00,5.2,0.9,37,0.0,477
2025-02-27 18:00+00:00,4.6,0.6,214,0.0,478
2025-02-27 19:00+00:00,4.1,0.8,333,0.0,476
2025-02-27 20:00+00:00,3.5,0.9,79,0.0,473
2025-02-27 21:00+00:00,1.4,4.5,67,0.0,468
2025-02-27 22:00+00:00,1.0,3.4,93,0.0,463
2025-02-27 23:00+00:00,1.0,3.9,146,0.0,459
2025-02-28 00:00+00:00,1.0,6.6,145,0.0,459
2025-02-28 01:00+00:00,2.6,5.8,231,0.0,460
2025-02-28 02:00+00:00,2.2,8.9,288,0.0,461
2025-02-28 03:00+00:00,1.8,4.9,268,0.0,462
2025-02-28 04:00+00:00,1.5,5.2,270,0.0,462
2025-02-28 05:00+00:00,1.5,6.5,257,0.0,462
2025-02-28 06:00+00:00,1.5,6.9,245,0.0,462
2025-02-28 07:00+00:00,2.3,8.5,257,0.0,461
2025-02-28 08:00+00:00,3.2,7.9,258,4.0,460
2025-02-28 09:00+00:00,3.4,9.6,261,2.8,457
2025-02-28 10:00+00:00,3.8,12.0,261,4.5,454
2025-02-28 11:00+00:00,3.8,10.7,254,4.1,452
2025-02-28 12:00+00:00,4.2,11.4,259,12.2,451
2025-02-28 13:00+00:00,4.8,10.5,273,0.0,451
2025-02-28 14:00+00:00,5.2,11.2,269,13.2,452
2025-02-28 15:00+00:00,4.8,10.6,269,0.0,453
2025-02-28 16:00+00:00,4.3,7.3,277,7.1,455
2025-02-28 17:00+00:00,3.6,6.3,273,0.0,456
2025-02-28 18:00+00:00,3.1,7.2,274,0.0,456
2025-02-28 19:00+00:00,2.5,7.9,269,0.0,455
2025-02-28 20:00+00:00,2.2,7.9,281,0.0,455
2025-02-28 21:00+00:00,1.8,8.6,285,0.0,458
2025-02-28 22:00+00:00,1.2,8.1,264,0.0,463
2025-02-28 23:00+00:00,1.0,9.1,295,0.0,465
2025-03-01 00:00+00:00,0.8,10.4,321,0.0,463
2025-03-01 01:00+00:00,1.2,9.9,335,0.0,460
2025-03-01 02:00+00:00,1.5,11.0,336,0.0,456
2025-03-01 03:00+00:00,1.6,13.2,334,0.0,453
2025-03-01 04:00+00:00,1.6,14.6,336,0.0,451
2025-03-01 05:00+00:00,1.5,15.5,334,0.0,449
2025-03-01 06:00+00:00,1.4,14.4,331,0.0,448
2025-03-01 07:00+00:00,1.6,13.9,339,0.0,447
2025-03-01 08:00+00:00,2.4,11.4,339,7.9,447
2025-03-01 09:00+00:00,2.6,11.2,312,0.0,448
2025-03-01 10:00+00:00,2.8,13.9,299,4.5,449
2025-03-01 11:00+00:00,3.6,15.7,313,2.0,449
2025-03-01 12:00+00:00,4.4,18.4,321,138.9,448
2025-03-01 13:00+00:00,5.1,18.6,321,202.4,447
2025-03-01 14:00+00:00,4.4,17.3,321,59.9,446
2025-03-01 15:00+00:00,3.7,16.3,319,7.3,446
2025-03-01 16:00+00:00,3.0,13.9,317,0.0,446
2025-03-01 17:00+00:00,2.2,11.8,313,0.0,447
2025-03-01 18:00+00:00,1.7,11.2,311,0.0,448
2025-03-01 19:00+00:00,1.3,10.1,309,0.0,448
2025-03-01 20:00+00:00,1.0,9.9,303,0.0,449
2025-03-01 21:00+00:00,1.0,10.5,307,0.0,450
2025-03-01 22:00+00:00,0.6,10.7,312,0.0,450
2025-03-01 23:00+00:00,0.3,9.0,316,0.0,450
2025-03-02 00:00+00:00,0.4,8.5,299,0.0,449
2025-03-02 01:00+00:00,0.3,8.7,283,0.0,448
2025-03-02 02:00+00:00,0.6,10.1,294,0.0,447
2025-03-02 03:00+00:00,0.8,10.4,300,0.0,448
2025-03-02 04:00+00:00,0.8,10.0,298,0.0,449
2025-03-02 05:00+00:00,1.0,9.5,281,0.0,450
2025-03-02 06:00+00:00,1.1,11.4,266,0.0,449
2025-03-02 07:00+00:00,1.9,14.8,275,52.1,448
2025-03-02 08:00+00:00,2.3,17.9,285,38.4,447
2025-03-02 09:00+00:00,3.0,17.1,285,104.3,446
2025-03-02 10:00+00:00,4.0,17.7,285,188.9,445
2025-03-02 11:00+00:00,5.2,17.8,284,310.5,444
2025-03-02 12:00+00:00,5.2,17.6,284,53.7,444
2025-03-02 13:00+00:00,4.8,19.3,284,38.7,444
2025-03-02 14:00+00:00,4.8,15.0,280,2.6,445
2025-03-02 15:00+00:00,4.6,14.4,274,10.7,446
2025-03-02 16:00+00:00,4.6,15.3,273,0.0,446
2025-03-02 17:00+00:00,3.3,15.0,284,27.6,447
2025-03-02 18:00+00:00,3.7,14.0,279,0.0,448
2025-03-02 19:00+00:00,3.3,12.3,276,0.0,448
2025-03-02 20:00+00:00,3.1,11.7,275,0.0,449
2025-03-02 21:00+00:00,3.3,13.1,269,0.0,449
2025-03-02 22:00+00:00,3.0,12.3,273,0.0,450
2025-03-02 23:00+00:00,3.3,12.8,281,0.0,450
2025-03-03 00:00+00:00,2.2,11.8,276,0.0,450
2025-03-03 01:00+00:00,3.2,13.1,270,0.0,450
2025-03-03 02:00+00:00,3.0,13.0,267,0.0,450
2025-03-03 03:00+00:00,3.2,13.7,271,0.0,451
2025-03-03 04:00+00:00,3.2,12.8,270,0.0,452
2025-03-03 05:00+00:00,3.2,13.6,263,0.0,452
2025-03-03 06:00+00:00,2.9,13.6,252,0.0,451
2025-03-03 07:00+00:00,3.5,15.3,261,320.0,450
2025-03-03 08:00+00:00,5.2,13.1,261,586.0,449
2025-03-03 09:00+00:00,6.9,16.0,267,676.6,448
2025-03-03 10:00+00:00,8.1,23.9,281,747.8,446
2025-03-03 11:00+00:00,8.4,22.6,279,473.2,445
2025-03-03 12:00+00:00,8.7,20.9,273,350.2,445
2025-03-03 13:00+00:00,9.1,21.5,282,408.1,445
2025-03-03 14:00+00:00,9.1,18.6,274,410.6,446
2025-03-03 15:00+00:00,8.6,16.4,266,616.7,447
2025-03-03 16:00+00:00,7.2,14.0,262,418.2,448
2025-03-03 17:00+00:00,5.8,14.4,261,40.1,449
2025-03-03 18:00+00:00,5.0,15.3,269,0.0,450
2025-03-03 19:00+00:00,4.2,13.2,272,0.0,450
2025-03-03 20:00+00:00,3.3,12.1,275,0.0,451
2025-03-03 21:00+00:00,2.8,11.7,268,0.0,452
2025-03-03 22:00+00:00,2.0,11.4,263,0.0,453
2025-03-03 23:00+00:00,1.6,11.5,256,0.0,454
2025-03-04 00:00+00:00,2.5,12.2,254,0.0,454
2025-03-04 01:00+00:00,2.2,11.8,259,0.0,454
2025-03-04 02:00+00:00,1.8,11.7,260,0.0,454
2025-03-04 03:00+00:00,1.5,11.8,259,0.0,455
2025-03-04 04:00+00:00,1.1,11.8,259,0.0,455
2025-03-04 05:00+00:00,0.8,12.2,253,0.0,456
2025-03-04 06:00+00:00,0.9,12.9,252,15.2,456
2025-03-04 07:00+00:00,2.2,11.4,254,327.2,456
2025-03-04 08:00+00:00,4.2,12.3,258,595.1,455
2025-03-04 09:00+00:00,6.1,13.7,261,730.9,453
2025-03-04 10:00+00:00,7.9,15.8,262,791.8,449
2025-03-04 11:00+00:00,9.4,18.1,264,822.0,447
2025-03-04 12:00+00:00,10.3,18.6,266,830.8,446
2025-03-04 13:00+00:00,10.7,19.1,262,806.7,446
2025-03-04 14:00+00:00,10.8,18.3,260,757.8,447
2025-03-04 15:00+00:00,10.4,16.3,256,660.8,448
2025-03-04 16:00+00:00,8.8,14.5,253,475.5,450
2025-03-04 17:00+00:00,6.9,14.5,253,64.7,451
2025-03-04 18:00+00:00,5.9,14.5,256,0.0,452
2025-03-04 19:00+00:00,5.2,14.9,255,0.0,454
2025-03-04 20:00+00:00,4.5,13.5,260,0.0,455
2025-03-04 21:00+00:00,3.8,12.6,260,0.0,455
2025-03-04 22:00+00:00,3.2,11.8,263,0.0,455
2025-03-04 23:00+00:00,2.5,10.3,263,0.0,455
2025-03-05 00:00+00:00,2.1,11.5,250,0.0,455
2025-03-05 01:00+00:00,2.7,12.8,248,0.0,455
2025-03-05 02:00+00:00,2.2,13.4,244,0.0,455
2025-03-05 03:00+00:00,1.9,13.3,242,0.0,455
2025-03-05 04:00+00:00,1.6,14.6,235,0.0,456
2025-03-05 05:00+00:00,1.4,14.4,238,0.0,456
2025-03-05 06:00+00:00,1.4,14.2,237,29.0,455
2025-03-05 07:00+00:00,3.1,15.7,239,452.4,454
2025-03-05 08:00+00:00,5.2,13.3,238,675.7,453
2025-03-05 09:00+00:00,7.4,14.1,242,788.6,451
2025-03-05 10:00+00:00,9.8,15.8,241,847.5,449
2025-03-05 11:00+00:00,11.9,17.5,236,866.9,447
2025-03-05 12:00+00:00,13.2,18.3,239,871.8,446
2025-03-05 13:00+00:00,14.2,18.2,240,845.2,446
2025-03-05 14:00+00:00,14.2,17.4,238,780.0,446
2025-03-05 15:00+00:00,13.5,16.9,241,642.6,447
2025-03-05 16:00+00:00,11.8,16.6,238,373.7,449
2025-03-05 17:00+00:00,9.8,15.4,241,50.2,450
2025-03-05 18:00+00:00,8.5,14.6,243,0.0,451
2025-03-05 19:00+00:00,7.7,14.7,242,0.0,451
2025-03-05 20:00+00:00,6.9,14.5,242,0.0,451
2025-03-05 21:00+00:00,6.2,13.9,241,0.0,451
2025-03-05 22:00+00:00,5.5,12.7,243,0.0,451
2025-03-05 23:00+00:00,4.7,11.6,240,0.0,452
2025-03-06 00:00+00:00,4.0,10.9,236,0.0,453
2025-03-06 01:00+00:00,4.4,10.6,231,0.0,454
2025-03-06 02:00+00:00,3.8,9.9,228,0.0,456
2025-03-06 03:00+00:00,2.9,9.0,224,0.0,459
2025-03-06 04:00+00:00,2.0,8.5,218,0.0,461
2025-03-06 05:00+00:00,1.5,8.1,215,0.0,463
2025-03-06 06:00+00:00,1.5,8.1,212,41.8,462
2025-03-06 07:00+00:00,3.7,9.8,208,470.1,460
2025-03-06 08:00+00:00,6.3,7.3,200,675.5,458
2025-03-06 09:00+00:00,8.9,7.2,207,776.8,455
2025-03-06 10:00+00:00,11.2,8.0,208,832.8,452
2025-03-06 11:00+00:00,13.1,8.6,209,855.4,450
2025-03-06 12:00+00:00,14.4,8.9,209,854.9,449
2025-03-06 13:00+00:00,16.2,9.4,211,833.7,449
2025-03-06 14:00+00:00,16.1,9.7,214,782.2,450
2025-03-06 15:00+00:00,15.1,8.4,211,678.3,453
2025-03-06 16:00+00:00,12.2,6.9,205,495.5,457
2025-03-06 17:00+00:00,8.8,7.7,217,73.0,461
2025-03-06 18:00+00:00,7.4,7.4,219,0.0,463
2025-03-06 19:00+00:00,6.5,7.6,218,0.0,465
2025-03-06 20:00+00:00,5.6,7.4,221,0.0,466
2025-03-06 21:00+00:00,4.7,7.3,230,0.0,467
2025-03-06 22:00+00:00,4.0,7.0,228,0.0,467
2025-03-06 23:00+00:00,3.5,7.5,233,0.0,468
2025-03-07 00:00+00:00,3.0,7.3,245,0.0,469
2025-03-07 01:00+00:00,2.0,6.4,241,0.0,471
2025-03-07 02:00+00:00,1.4,6.2,226,0.0,473
2025-03-07 03:00+00:00,1.1,5.1,238,0.0,478
2025-03-07 04:00+00:00,0.8,4.6,222,0.0,484
2025-03-07 05:00+00:00,0.3,4.1,209,0.0,487
2025-03-07 06:00+00:00,0.4,3.9,196,53.5,486
2025-03-07 07:00+00:00,3.3,6.2,188,473.5,483
2025-03-07 08:00+00:00,6.8,4.3,175,668.5,479
2025-03-07 09:00+00:00,9.9,3.3,174,772.7,472
2025-03-07 10:00+00:00,12.8,3.8,188,826.9,464
2025-03-07 11:00+00:00,14.5,3.6,198,742.0,458
2025-03-07 12:00+00:00,15.4,2.7,208,672.5,454
2025-03-07 13:00+00:00,16.2,0.9,180,806.3,451
2025-03-07 14:00+00:00,16.3,1.7,103,786.7,452
2025-03-07 15:00+00:00,15.4,1.7,103,690.0,459
2025-03-07 16:00+00:00,11.9,2.7,90,504.7,469
2025-03-07 17:00+00:00,8.2,5.0,90,94.6,477
2025-03-07 18:00+00:00,6.6,5.9,104,0.0,481
2025-03-07 19:00+00:00,5.3,5.5,103,0.0,482
2025-03-07 20:00+00:00,4.3,5.4,98,0.0,481
2025-03-07 21:00+00:00,3.5,5.8,94,0.0,477
2025-03-07 22:00+00:00,3.0,6.3,87,0.0,471
2025-03-07 23:00+00:00,2.6,6.7,84,0.0,466
2025-03-08 00:00+00:00,2.5,7.3,81,0.0,462
2025-03-08 01:00+00:00,1.8,7.9,78,0.0,459
2025-03-08 02:00+00:00,1.5,8.2,76,0.0,458
2025-03-08 03:00+00:00,1.6,8.2,80,0.0,459
2025-03-08 04:00+00:00,1.5,8.0,80,0.0,461
2025-03-08 05:00+00:00,1.4,8.1,78,0.0,463
2025-03-08 06:00+00:00,2.3,9.0,75,64.3,463
2025-03-08 07:00+00:00,5.1,10.6,72,480.9,462
2025-03-08 08:00+00:00,8.1,9.5,65,671.9,460
2025-03-08 09:00+00:00,10.5,7.1,63,768.9,458
2025-03-08 10:00+00:00,12.6,8.5,65,821.1,456
2025-03-08 11:00+00:00,14.2,10.1,70,852.0,454
2025-03-08 12:00+00:00,15.2,11.2,75,853.9,453
2025-03-08 13:00+00:00,16.1,11.2,79,837.7,453
2025-03-08 14:00+00:00,15.9,11.1,78,786.5,454
2025-03-08 15:00+00:00,14.8,9.8,72,685.2,455
2025-03-08 16:00+00:00,12.2,10.1,63,502.1,457
2025-03-08 17:00+00:00,9.9,11.6,68,91.9,458
2025-03-08 18:00+00:00,8.9,12.7,69,0.0,459
2025-03-08 19:00+00:00,8.1,12.9,74,0.0,460
2025-03-08 20:00+00:00,7.6,12.8,79,0.0,460
2025-03-08 21:00+00:00,7.2,12.6,88,0.0,460
2025-03-08 22:00+00:00,6.8,12.5,96,0.0,460
2025-03-08 23:00+00:00,6.2,12.1,102,0.0,460
2025-03-09 00:00+00:00,5.6,11.6,109,0.0,460
2025-03-09 01:00+00:00,5.8,11.3,104,0.0,460
2025-03-09 02:00+00:00,5.2,11.7,99,0.0,460
2025-03-09 03:00+00:00,4.9,11.8,97,0.0,460
2025-03-09 04:00+00:00,4.5,11.7,101,0.0,460
2025-03-09 05:00+00:00,4.1,12.1,101,0.0,460
2025-03-09 06:00+00:00,4.6,12.8,104,0.0,460
2025-03-09 07:00+00:00,6.2,13.4,107,61.0,460
2025-03-09 08:00+00:00,7.9,12.9,108,46.3,459
2025-03-09 09:00+00:00,9.6,11.8,109,77.0,458
2025-03-09 10:00+00:00,11.2,12.1,113,138.9,456
2025-03-09 11:00+00:00,13.4,12.6,115,248.3,454
2025-03-09 12:00+00:00,14.9,13.5,117,274.9,453
2025-03-09 13:00+00:00,17.0,13.6,114,479.0,451
2025-03-09 14:00+00:00,17.2,13.5,113,622.0,451
2025-03-09 15:00+00:00,16.5,14.1,112,699.6,452
2025-03-09 16:00+00:00,14.5,13.9,109,510.7,453
2025-03-09 17:00+00:00,12.0,13.7,112,100.6,455
2025-03-09 18:00+00:00,10.8,13.8,116,0.0,456
2025-03-09 19:00+00:00,9.9,13.5,117,0.0,457
2025-03-09 20:00+00:00,9.2,13.2,122,0.0,458
2025-03-09 21:00+00:00,8.4,12.3,127,0.0,458
2025-03-09 22:00+00:00,7.7,12.0,129,0.0,459
2025-03-09 23:00+00:00,6.8,10.8,132,0.0,459
2025-03-10 00:00+00:00,6.2,9.9,134,0.0,460
2025-03-10 01:00+00:00,5.8,8.1,135,0.0,461
2025-03-10 02:00+00:00,5.4,8.1,145,0.0,462
2025-03-10 03:00+00:00,5.6,8.3,150,0.0,463
2025-03-10 04:00+00:00,5.0,8.2,147,0.0,464
2025-03-10 05:00+00:00,4.2,7.9,150,0.0,464
2025-03-10 06:00+00:00,4.6,8.2,151,71.6,463
2025-03-10 07:00+00:00,6.7,9.6,154,464.4,460
2025-03-10 08:00+00:00,9.1,7.0,159,665.0,458
2025-03-10 09:00+00:00,11.1,6.9,166,766.1,456
2025-03-10 10:00+00:00,13.1,5.9,180,817.8,455
2025-03-10 11:00+00:00,14.6,5.2,200,839.6,454
2025-03-10 12:00+00:00,15.6,5.2,214,838.3,453
2025-03-10 13:00+00:00,16.6,4.3,213,800.3,452
2025-03-10 14:00+00:00,16.8,4.6,201,735.0,454
2025-03-10 15:00+00:00,16.2,4.8,195,623.2,461
2025-03-10 16:00+00:00,13.8,4.3,204,432.4,470
2025-03-10 17:00+00:00,10.7,6.3,211,87.1,476
2025-03-10 18:00+00:00,9.2,7.5,222,0.0,475
2025-03-10 19:00+00:00,9.3,9.8,275,0.0,471
2025-03-10 20:00+00:00,8.5,11.7,314,0.0,468
2025-03-10 21:00+00:00,7.4,10.6,317,0.0,467
2025-03-10 22:00+00:00,6.3,8.5,306,0.0,467
2025-03-10 23:00+00:00,5.4,9.4,300,0.0,467
2025-03-11 00:00+00:00,4.7,10.0,296,0.0,467
2025-03-11 01:00+00:00,4.6,9.4,296,0.0,466
2025-03-11 02:00+00:00,3.8,10.0,293,0.0,466
2025-03-11 03:00+00:00,3.5,10.3,295,0.0,466
2025-03-11 04:00+00:00,2.9,8.9,291,0.0,466
2025-03-11 05:00+00:00,2.1,7.0,271,0.0,466
2025-03-11 06:00+00:00,2.2,8.5,269,46.0,464
2025-03-11 07:00+00:00,3.7,9.9,286,351.8,462
2025-03-11 08:00+00:00,5.2,7.9,270,569.4,460
2025-03-11 09:00+00:00,7.0,8.6,254,680.4,459
2025-03-11 10:00+00:00,8.2,8.0,262,352.0,458
2025-03-11 11:00+00:00,9.4,7.8,265,266.7,457
2025-03-11 12:00+00:00,10.1,7.0,274,224.2,455
2025-03-11 13:00+00:00,9.1,4.9,272,110.9,453
2025-03-11 14:00+00:00,9.2,4.5,247,100.8,453
2025-03-11 15:00+00:00,9.4,4.3,213,177.9,458
2025-03-11 16:00+00:00,8.6,1.2,207,152.7,465
2025-03-11 17:00+00:00,6.8,0.3,45,42.4,470
2025-03-11 18:00+00:00,5.5,0.2,90,0.0,468
2025-03-11 19:00+00:00,4.4,1.1,90,0.0,464
2025-03-11 20:00+00:00,4.1,1.9,119,0.0,464
2025-03-11 21:00+00:00,3.8,0.7,194,0.0,473
2025-03-11 22:00+00:00,3.2,0.9,233,0.0,487
2025-03-11 23:00+00:00,2.8,0.8,225,0.0,497
2025-03-12 00:00+00:00,2.5,0.9,180,0.0,501
2025-03-12 01:00+00:00,0.6,1.6,90,0.0,501
2025-03-12 02:00+00:00,0.3,2.1,105,0.0,501
2025-03-12 03:00+00:00,0.3,2.3,129,0.0,500
2025-03-12 04:00+00:00,0.1,3.1,126,0.0,499
2025-03-12 05:00+00:00,-0.3,5.1,129,0.0,496
2025-03-12 06:00+00:00,1.0,6.9,139,55.6,493
2025-03-12 07:00+00:00,2.5,7.7,131,148.0,489
2025-03-12 08:00+00:00,5.1,5.9,157,287.1,484
2025-03-12 09:00+00:00,7.9,5.0,161,380.4,476
2025-03-12 10:00+00:00,10.2,4.5,187,472.4,467
2025-03-12 11:00+00:00,11.6,5.0,201,393.2,460
2025-03-12 12:00+00:00,12.4,4.7,220,436.7,457
2025-03-12 13:00+00:00,12.5,3.2,207,485.2,456
2025-03-12 14:00+00:00,12.2,5.7,233,391.7,456
2025-03-12 15:00+00:00,11.6,7.7,286,377.7,458
2025-03-12 16:00+00:00,9.5,12.7,325,66.7,462
2025-03-12 17:00+00:00,7.2,9.4,353,10.3,465
2025-03-12 18:00+00:00,6.8,11.0,334,0.0,466
2025-03-12 19:00+00:00,6.5,11.4,18,0.0,465
2025-03-12 20:00+00:00,5.6,8.8,329,0.0,465
2025-03-12 21:00+00:00,5.8,11.4,3,0.0,464
2025-03-12 22:00+00:00,5.3,12.3,4,0.0,464
2025-03-12 23:00+00:00,4.6,9.0,2,0.0,463
2025-03-13 00:00+00:00,4.8,9.1,350,0.0,463
2025-03-13 01:00+00:00,4.8,11.1,351,0.0,464
2025-03-13 02:00+00:00,4.5,11.1,348,0.0,464
2025-03-13 03:00+00:00,4.3,12.4,344,0.0,464
2025-03-13 04:00+00:00,4.1,15.0,354,0.0,464
2025-03-13 05:00+00:00,3.7,14.2,360,0.0,463
2025-03-13 06:00+00:00,3.5,13.7,356,0.0,462
2025-03-13 07:00+00:00,3.8,14.5,5,0.0,461
2025-03-13 08:00+00:00,4.0,14.4,4,0.0,460
2025-03-13 09:00+00:00,4.1,14.4,4,0.0,458
2025-03-13 10:00+00:00,4.1,15.8,352,0.0,456
2025-03-13 11:00+00:00,4.0,17.7,348,0.0,454
2025-03-13 12:00+00:00,3.9,18.2,346,0.0,452
2025-03-13 13:00+00:00,3.0,17.1,338,0.0,451
2025-03-13 14:00+00:00,1.8,20.4,338,0.0,450
2025-03-13 15:00+00:00,1.6,19.8,329,0.0,450
2025-03-13 16:00+00:00,1.4,19.8,325,0.0,451
2025-03-13 17:00+00:00,1.4,16.4,318,0.0,452
2025-03-13 18:00+00:00,2.0,13.2,316,0.0,453
2025-03-13 19:00+00:00,2.4,12.6,306,0.0,453
2025-03-13 20:00+00:00,2.4,14.2,300,0.0,454
2025-03-13 21:00+00:00,2.2,12.5,306,0.0,455
2025-03-13 22:00+00:00,1.6,8.0,310,0.0,455
2025-03-13 23:00+00:00,0.9,7.2,295,0.0,457
2025-03-14 00:00+00:00,0.4,5.1,278,0.0,461
2025-03-14 01:00+00:00,0.3,2.0,275,0.0,465
2025-03-14 02:00+00:00,-0.4,0.2,180,0.0,468
2025-03-14 03:00+00:00,-1.1,2.1,149,0.0,468
2025-03-14 04:00+00:00,-1.4,4.2,140,0.0,466
2025-03-14 05:00+00:00,-0.3,6.0,131,0.0,464
2025-03-14 06:00+00:00,0.1,5.7,134,52.0,460
2025-03-14 07:00+00:00,1.5,6.7,134,25.7,456
2025-03-14 08:00+00:00,2.2,9.1,141,6.0,452
2025-03-14 09:00+00:00,3.5,8.0,136,80.7,450
2025-03-14 10:00+00:00,5.1,7.4,139,193.8,449
2025-03-14 11:00+00:00,6.0,8.5,155,165.3,448
2025-03-14 12:00+00:00,6.6,8.6,143,136.9,447
2025-03-14 13:00+00:00,5.6,6.7,82,18.9,446
2025-03-14 14:00+00:00,5.6,8.3,96,2.2,447
2025-03-14 15:00+00:00,5.2,7.5,111,2.9,450
2025-03-14 16:00+00:00,4.8,7.3,136,4.9,454
2025-03-14 17:00+00:00,3.9,3.7,129,9.9,458
2025-03-14 18:00+00:00,3.2,3.9,77,0.0,461
2025-03-14 19:00+00:00,3.2,6.5,77,0.0,465
2025-03-14 20:00+00:00,2.8,6.9,81,0.0,466
2025-03-14 21:00+00:00,2.4,6.3,92,0.0,465
2025-03-14 22:00+00:00,1.5,5.1,107,0.0,462
2025-03-14 23:00+00:00,1.0,6.1,87,0.0,459
2025-03-15 00:00+00:00,0.2,6.5,84,0.0,457
2025-03-15 01:00+00:00,2.0,7.5,82,0.0,455
2025-03-15 02:00+00:00,1.8,8.0,80,0.0,454
2025-03-15 03:00+00:00,0.3,8.2,81,0.0,454
2025-03-15 04:00+00:00,-0.4,7.2,90,0.0,455
2025-03-15 05:00+00:00,-0.9,7.0,94,0.0,455
2025-03-15 06:00+00:00,-0.3,9.1,69,110.7,453
2025-03-15 07:00+00:00,1.4,8.5,52,482.3,451
2025-03-15 08:00+00:00,3.2,9.0,61,663.7,449
2025-03-15 09:00+00:00,5.2,10.5,84,758.9,448
2025-03-15 10:00+00:00,6.3,14.2,91,772.3,447
2025-03-15 11:00+00:00,7.2,13.4,85,604.2,447
2025-03-15 12:00+00:00,7.9,13.1,81,592.6,447
2025-03-15 13:00+00:00,7.6,12.8,76,399.6,446
2025-03-15 14:00+00:00,7.7,11.6,74,457.1,447
2025-03-15 15:00+00:00,7.2,10.6,71,393.1,449
2025-03-15 16:00+00:00,6.3,7.5,79,391.7,452
2025-03-15 17:00+00:00,3.1,4.3,48,153.9,454
2025-03-15 18:00+00:00,1.7,5.5,38,0.0,454
2025-03-15 19:00+00:00,0.6,6.6,37,0.0,454
2025-03-15 20:00+00:00,0.2,6.8,63,0.0,453
2025-03-15 21:00+00:00,-0.6,6.6,73,0.0,452
2025-03-15 22:00+00:00,-1.2,5.9,76,0.0,452
2025-03-15 23:00+00:00,-1.7,5.4,104,0.0,453
2025-03-16 00:00+00:00,-1.8,4.0,108,0.0,456
2025-03-16 01:00+00:00,-2.2,3.2,128,0.0,461
2025-03-16 02:00+00:00,-2.2,0.6,56,0.0,466
2025-03-16 03:00+00:00,-2.2,0.4,27,0.0,474
2025-03-16 04:00+00:00,-2.3,0.6,18,0.0,484
2025-03-16 05:00+00:00,-2.5,1.5,277,0.0,487
2025-03-16 06:00+00:00,-1.4,5.2,299,156.0,480
2025-03-16 07:00+00:00,1.0,3.5,261,525.6,467
2025-03-16 08:00+00:00,3.4,4.1,257,692.3,456
2025-03-16 09:00+00:00,5.4,5.1,266,783.8,451
2025-03-16 10:00+00:00,6.8,7.7,286,832.5,449
2025-03-16 11:00+00:00,7.6,12.0,292,674.1,448
2025-03-16 12:00+00:00,7.8,13.1,288,440.7,447
2025-03-16 13:00+00:00,8.2,14.5,287,612.1,447
2025-03-16 14:00+00:00,7.8,14.4,294,638.1,447
2025-03-16 15:00+00:00,7.2,12.6,303,621.2,449
2025-03-16 16:00+00:00,5.2,9.5,307,541.5,451
2025-03-16 17:00+00:00,0.9,7.9,282,178.7,453
2025-03-16 18:00+00:00,2.7,9.3,299,0.0,453
2025-03-16 19:00+00:00,3.0,9.8,298,0.0,451
2025-03-16 20:00+00:00,2.9,11.1,283,0.0,450
2025-03-16 21:00+00:00,2.7,14.0,286,0.0,449
2025-03-16 22:00+00:00,2.5,14.7,303,0.0,447
2025-03-16 23:00+00:00,2.2,19.3,351,0.0,446
2025-03-17 00:00+00:00,0.9,19.1,23,0.0,445
2025-03-17 01:00+00:00,0.6,18.0,28,0.0,445
2025-03-17 02:00+00:00,0.3,14.8,16,0.0,445
2025-03-17 03:00+00:00,-0.8,14.3,5,0.0,445
2025-03-17 04:00+00:00,-1.5,13.3,360,0.0,446
2025-03-17 05:00+00:00,-2.0,13.9,359,0.0,446
2025-03-17 06:00+00:00,-1.5,15.4,7,160.8,445
2025-03-17 07:00+00:00,-0.1,13.5,5,524.2,445
2025-03-17 08:00+00:00,1.4,17.3,15,700.0,444
2025-03-17 09:00+00:00,2.3,19.1,14,678.7,444
2025-03-17 10:00+00:00,3.3,21.0,13,586.3,444
2025-03-17 11:00+00:00,4.3,21.2,7,647.0,444
2025-03-17 12:00+00:00,4.7,18.9,1,579.7,444
2025-03-17 13:00+00:00,3.8,16.8,5,287.5,443
2025-03-17 14:00+00:00,4.0,15.7,3,365.8,444
2025-03-17 15:00+00:00,3.8,15.5,4,508.6,446
2025-03-17 16:00+00:00,3.2,12.0,9,63.9,449
2025-03-17 17:00+00:00,1.7,8.3,18,55.2,451
2025-03-17 18:00+00:00,-1.0,6.5,14,0.0,452
2025-03-17 19:00+00:00,-2.0,6.2,350,0.0,452
2025-03-17 20:00+00:00,-2.3,7.0,328,0.0,452
2025-03-17 21:00+00:00,-2.7,8.2,337,0.0,453
2025-03-17 22:00+00:00,-3.1,7.0,348,0.0,454
2025-03-17 23:00+00:00,-4.0,5.1,333,0.0,454
2025-03-18 00:00+00:00,-4.3,5.0,305,0.0,454
2025-03-18 01:00+00:00,-4.8,5.3,278,0.0,453
2025-03-18 02:00+00:00,-4.5,5.8,266,0.0,452
2025-03-18 03:00+00:00,-4.1,7.3,263,0.0,452
2025-03-18 04:00+00:00,-3.8,8.8,259,0.0,452
2025-03-18 05:00+00:00,-3.5,9.5,261,0.0,452
2025-03-18 06:00+00:00,-2.3,11.5,259,165.3,451
2025-03-18 07:00+00:00,-0.2,10.0,262,504.7,449
2025-03-18 08:00+00:00,2.2,12.1,267,699.0,448
2025-03-18 09:00+00:00,4.2,15.6,276,793.3,447
2025-03-18 10:00+00:00,5.3,17.3,282,847.4,446
2025-03-18 11:00+00:00,6.1,17.1,282,872.4,446
2025-03-18 12:00+00:00,6.6,16.4,279,875.1,446
2025-03-18 13:00+00:00,7.2,16.9,278,856.0,446
2025-03-18 14:00+00:00,7.0,16.8,279,808.4,447
2025-03-18 15:00+00:00,6.4,14.7,278,723.4,449
2025-03-18 16:00+00:00,4.8,11.0,271,567.4,451
2025-03-18 17:00+00:00,1.8,9.4,263,215.9,453
2025-03-18 18:00+00:00,0.8,9.2,266,0.0,454
2025-03-18 19:00+00:00,-0.2,8.1,266,0.0,454
2025-03-18 20:00+00:00,-0.8,7.9,269,0.0,454
2025-03-18 21:00+00:00,-1.2,7.6,277,0.0,455
2025-03-18 22:00+00:00,-1.7,7.3,279,0.0,455
2025-03-18 23:00+00:00,-2.2,6.5,276,0.0,456
2025-03-19 00:00+00:00,-2.8,6.2,262,0.0,457
2025-03-19 01:00+00:00,-2.8,6.1,246,0.0,457
2025-03-19 02:00+00:00,-2.8,6.4,241,0.0,458
2025-03-19 03:00+00:00,-2.7,6.7,239,0.0,459
2025-03-19 04:00+00:00,-2.8,6.6,233,0.0,460
2025-03-19 05:00+00:00,-3.0,6.4,232,0.0,461
2025-03-19 06:00+00:00,-1.0,7.8,233,223.0,460
2025-03-19 07:00+00:00,1.8,6.4,212,574.7,459
2025-03-19 08:00+00:00,4.3,5.9,215,736.6,457
2025-03-19 09:00+00:00,6.3,6.8,222,821.0,454
2025-03-19 10:00+00:00,7.8,8.9,230,867.2,451
2025-03-19 11:00+00:00,8.7,9.6,232,887.6,448
2025-03-19 12:00+00:00,9.3,9.6,232,885.5,447
2025-03-19 13:00+00:00,10.1,10.2,234,865.9,446
2025-03-19 14:00+00:00,10.0,9.7,235,820.8,447
2025-03-19 15:00+00:00,9.4,7.0,226,735.5,449
2025-03-19 16:00+00:00,6.4,5.6,202,581.7,452
2025-03-19 17:00+00:00,3.0,6.7,196,229.0,454
2025-03-19 18:00+00:00,1.6,8.0,190,0.0,455
2025-03-19 19:00+00:00,1.0,7.8,189,0.0,455
2025-03-19 20:00+00:00,0.6,8.0,198,0.0,455
2025-03-19 21:00+00:00,-0.1,7.7,205,0.0,456
2025-03-19 22:00+00:00,-0.1,7.6,207,0.0,457
2025-03-19 23:00+00:00,-0.2,7.5,207,0.0,458
2025-03-20 00:00+00:00,-1.0,6.8,205,0.0,459
2025-03-20 01:00+00:00,-1.1,6.1,192,0.0,460
2025-03-20 02:00+00:00,-1.4,4.9,174,0.0,461
2025-03-20 03:00+00:00,-1.9,5.6,165,0.0,461
2025-03-20 04:00+00:00,-2.2,5.9,180,0.0,462
2025-03-20 05:00+00:00,-2.2,5.9,178,0.0,461
2025-03-20 06:00+00:00,-0.4,8.6,181,234.3,459
2025-03-20 07:00+00:00,2.0,7.6,177,572.1,457
2025-03-20 08:00+00:00,4.6,7.6,187,724.3,455
2025-03-20 09:00+00:00,7.1,9.0,195,808.7,453
2025-03-20 10:00+00:00,9.3,9.6,201,854.6,450
2025-03-20 11:00+00:00,11.1,9.3,205,876.0,448
2025-03-20 12:00+00:00,12.4,9.7,211,874.2,447
2025-03-20 13:00+00:00,13.8,10.6,208,857.9,446
2025-03-20 14:00+00:00,13.8,11.2,213,810.1,446
2025-03-20 15:00+00:00,13.3,9.4,210,723.2,449
2025-03-20 16:00+00:00,10.9,6.1,178,565.6,453
2025-03-20 17:00+00:00,7.2,7.9,176,232.9,456
2025-03-20 18:00+00:00,5.6,8.0,189,0.0,458
2025-03-20 19:00+00:00,4.6,7.8,202,0.0,459
2025-03-20 20:00+00:00,3.5,7.0,201,0.0,461
2025-03-20 21:00+00:00,2.8,5.1,212,0.0,466
2025-03-20 22:00+00:00,1.9,3.9,223,0.0,473
2025-03-20 23:00+00:00,1.0,3.6,210,0.0,477
2025-03-21 00:00+00:00,0.4,3.5,204,0.0,477
2025-03-21 01:00+00:00,0.8,3.5,201,0.0,476
2025-03-21 02:00+00:00,0.1,4.7,196,0.0,475
2025-03-21 03:00+00:00,-0.1,3.9,196,0.0,478
2025-03-21 04:00+00:00,-0.2,2.6,205,0.0,481
2025-03-21 05:00+00:00,-0.3,2.8,195,0.0,482
2025-03-21 06:00+00:00,1.4,3.1,177,168.9,478
2025-03-21 07:00+00:00,4.2,3.5,171,544.5,472
2025-03-21 08:00+00:00,7.8,2.3,157,693.9,465
2025-03-21 09:00+00:00,10.6,1.7,148,784.5,459
2025-03-21 10:00+00:00,12.9,2.4,144,830.0,453
2025-03-21 11:00+00:00,14.4,3.4,115,851.5,448
2025-03-21 12:00+00:00,15.1,4.2,115,846.8,446
2025-03-21 13:00+00:00,15.9,6.0,117,837.7,445
2025-03-21 14:00+00:00,15.6,7.8,99,789.6,445
2025-03-21 15:00+00:00,14.8,8.3,90,708.5,446
2025-03-21 16:00+00:00,12.4,7.3,81,562.7,447
2025-03-21 17:00+00:00,8.6,8.3,86,236.7,449
2025-03-21 18:00+00:00,8.8,10.5,106,0.0,450
2025-03-21 19:00+00:00,8.1,11.4,106,0.0,451
2025-03-21 20:00+00:00,6.6,12.5,70,0.0,452
2025-03-21 21:00+00:00,4.9,13.1,69,0.0,453
2025-03-21 22:00+00:00,3.9,12.9,69,0.0,454
2025-03-21 23:00+00:00,3.3,13.5,65,0.0,454
2025-03-22 00:00+00:00,2.8,13.5,65,0.0,453
2025-03-22 01:00+00:00,3.5,14.8,69,0.0,452
2025-03-22 02:00+00:00,3.2,14.9,75,0.0,451
2025-03-22 03:00+00:00,2.8,15.3,75,0.0,451
2025-03-22 04:00+00:00,2.5,16.1,74,0.0,450
2025-03-22 05:00+00:00,2.1,16.6,72,0.0,450
2025-03-22 06:00+00:00,2.8,16.8,73,246.7,449
2025-03-22 07:00+00:00,4.4,13.5,67,559.3,449
2025-03-22 08:00+00:00,6.3,15.3,69,709.0,448
2025-03-22 09:00+00:00,8.4,16.0,71,793.2,448
2025-03-22 10:00+00:00,10.1,17.7,77,842.6,447
2025-03-22 11:00+00:00,11.1,18.2,81,863.3,447
2025-03-22 12:00+00:00,11.8,18.3,80,857.3,447
2025-03-22 13:00+00:00,12.2,18.4,80,793.5,447
2025-03-22 14:00+00:00,11.9,18.8,85,493.3,447
2025-03-22 15:00+00:00,11.9,18.7,83,531.2,448
2025-03-22 16:00+00:00,11.4,17.1,83,527.1,448
2025-03-22 17:00+00:00,9.9,16.9,83,232.1,449
2025-03-22 18:00+00:00,9.0,19.8,82,0.0,449
2025-03-22 19:00+00:00,8.6,19.5,85,0.0,449
2025-03-22 20:00+00:00,8.4,19.3,92,0.0,449
2025-03-22 21:00+00:00,7.8,18.4,91,0.0,449
2025-03-22 22:00+00:00,7.4,19.6,93,0.0,449
2025-03-22 23:00+00:00,7.2,20.2,92,0.0,449
2025-03-23 00:00+00:00,6.8,21.0,95,0.0,449
2025-03-23 01:00+00:00,7.1,20.4,96,0.0,448
2025-03-23 02:00+00:00,6.5,19.5,95,0.0,448
2025-03-23 03:00+00:00,5.8,18.6,93,0.0,448
2025-03-23 04:00+00:00,5.4,18.9,93,0.0,449
2025-03-23 05:00+00:00,4.9,18.8,93,0.0,449
2025-03-23 06:00+00:00,5.6,19.5,94,216.5,449
2025-03-23 07:00+00:00,6.8,16.7,84,223.0,448
2025-03-23 08:00+00:00,8.5,20.2,90,687.6,448
2025-03-23 09:00+00:00,10.0,20.0,97,753.9,448
2025-03-23 10:00+00:00,11.4,19.5,100,780.8,447
2025-03-23 11:00+00:00,12.8,18.8,96,786.2,447
2025-03-23 12:00+00:00,13.6,19.1,98,649.6,447
2025-03-23 13:00+00:00,13.6,19.6,98,488.5,447
2025-03-23 14:00+00:00,13.3,20.1,102,327.6,447
2025-03-23 15:00+00:00,12.6,17.3,95,57.1,448
2025-03-23 16:00+00:00,12.1,15.4,101,0.0,448
2025-03-23 17:00+00:00,10.9,15.3,105,0.0,449
2025-03-23 18:00+00:00,9.6,15.5,95,0.0,449
2025-03-23 19:00+00:00,8.4,16.0,93,0.0,449
2025-03-23 20:00+00:00,7.9,14.4,91,0.0,449
2025-03-23 21:00+00:00,7.4,11.8,84,0.0,449
2025-03-23 22:00+00:00,7.3,10.8,75,0.0,450
2025-03-23 23:00+00:00,7.1,9.8,67,0.0,450
2025-03-24 00:00+00:00,6.3,8.6,54,0.0,451
2025-03-24 01:00+00:00,6.3,8.7,43,0.0,451
2025-03-24 02:00+00:00,6.3,8.8,46,0.0,452
2025-03-24 03:00+00:00,6.3,8.3,44,0.0,453
2025-03-24 04:00+00:00,6.2,7.7,33,0.0,455
2025-03-24 05:00+00:00,5.9,7.3,30,0.0,455
2025-03-24 06:00+00:00,6.2,6.2,36,0.0,454
2025-03-24 07:00+00:00,7.0,5.5,32,283.7,451
2025-03-24 08:00+00:00,8.6,6.3,31,497.1,449
2025-03-24 09:00+00:00,10.0,6.3,24,549.5,448
2025-03-24 10:00+00:00,11.2,3.3,29,480.7,447
2025-03-24 11:00+00:00,12.6,2.7,328,580.9,447
2025-03-24 12:00+00:00,13.3,5.7,319,548.0,446
2025-03-24 13:00+00:00,12.2,4.7,342,264.5,445
2025-03-24 14:00+00:00,12.9,4.3,345,437.9,446
2025-03-24 15:00+00:00,12.9,5.8,14,446.4,449
2025-03-24 16:00+00:00,12.0,7.5,42,230.0,453
2025-03-24 17:00+00:00,10.1,5.5,81,103.7,458
2025-03-24 18:00+00:00,8.2,6.9,141,0.0,463
2025-03-24 19:00+00:00,7.6,7.2,177,0.0,469
2025-03-24 20:00+00:00,6.4,7.3,205,0.0,473
2025-03-24 21:00+00:00,5.8,9.0,209,0.0,475
2025-03-24 22:00+00:00,4.8,6.9,205,0.0,475
2025-03-24 23:00+00:00,4.4,7.4,202,0.0,474
2025-03-25 00:00+00:00,4.2,7.6,211,0.0,470
2025-03-25 01:00+00:00,2.3,6.2,216,0.0,464
2025-03-25 02:00+00:00,2.3,6.3,198,0.0,460
2025-03-25 03:00+00:00,2.3,6.4,191,0.0,460
2025-03-25 04:00+00:00,2.4,6.7,194,0.0,461
2025-03-25 05:00+00:00,2.2,6.4,196,0.0,461
2025-03-25 06:00+00:00,4.0,9.1,195,244.3,459
2025-03-25 07:00+00:00,6.2,7.4,186,520.1,456
2025-03-25 08:00+00:00,8.6,6.9,197,677.0,453
2025-03-25 09:00+00:00,11.2,7.6,208,768.0,450
2025-03-25 10:00+00:00,13.1,9.5,231,811.7,448
2025-03-25 11:00+00:00,13.9,9.8,242,506.2,446
2025-03-25 12:00+00:00,14.6,9.8,238,591.2,445
2025-03-25 13:00+00:00,15.0,9.0,237,677.7,445
2025-03-25 14:00+00:00,15.1,9.6,244,599.4,446
2025-03-25 15:00+00:00,14.8,7.6,234,306.7,450
2025-03-25 16:00+00:00,14.0,4.0,198,260.9,456
2025-03-25 17:00+00:00,11.4,5.4,180,125.3,460
2025-03-25 18:00+00:00,9.9,6.6,189,0.0,462
2025-03-25 19:00+00:00,10.3,6.1,203,0.0,462
2025-03-25 20:00+00:00,8.9,5.5,243,0.0,462
2025-03-25 21:00+00:00,8.4,9.3,286,0.0,460
2025-03-25 22:00+00:00,7.9,11.2,300,0.0,458
2025-03-25 23:00+00:00,7.1,10.9,304,0.0,456
2025-03-26 00:00+00:00,6.3,9.2,309,0.0,456
2025-03-26 01:00+00:00,6.1,7.2,309,0.0,457
2025-03-26 02:00+00:00,5.8,6.5,294,0.0,458
2025-03-26 03:00+00:00,5.3,6.1,275,0.0,458
2025-03-26 04:00+00:00,5.2,7.1,249,0.0,459
2025-03-26 05:00+00:00,5.2,8.5,252,0.0,459
2025-03-26 06:00+00:00,5.6,8.5,258,0.0,459
2025-03-26 07:00+00:00,5.9,7.7,249,0.0,459
2025-03-26 08:00+00:00,6.2,7.6,239,0.0,458
2025-03-26 09:00+00:00,6.8,10.8,259,3.9,457
2025-03-26 10:00+00:00,7.1,11.6,255,0.0,455
2025-03-26 11:00+00:00,7.6,12.7,255,1.6,454
2025-03-26 12:00+00:00,7.8,12.1,258,1.6,454
2025-03-26 13:00+00:00,8.0,11.9,270,0.0,454
2025-03-26 14:00+00:00,8.3,10.5,286,0.0,454
2025-03-26 15:00+00:00,8.4,8.8,290,0.0,452
2025-03-26 16:00+00:00,8.5,11.3,304,3.8,449
2025-03-26 17:00+00:00,7.8,12.2,306,0.0,448
2025-03-26 18:00+00:00,7.3,6.8,281,0.0,449
2025-03-26 19:00+00:00,6.8,8.0,275,0.0,451
2025-03-26 20:00+00:00,7.0,8.9,289,0.0,453
2025-03-26 21:00+00:00,6.8,9.2,298,0.0,453
2025-03-26 22:00+00:00,6.1,6.8,305,0.0,452
2025-03-26 23:00+00:00,6.3,7.2,298,0.0,451
2025-03-27 00:00+00:00,6.2,6.9,285,0.0,452
2025-03-27 01:00+00:00,6.4,7.0,267,0.0,453
2025-03-27 02:00+00:00,5.9,9.7,309,0.0,454
2025-03-27 03:00+00:00,5.2,8.1,325,0.0,456
2025-03-27 04:00+00:00,4.4,6.9,343,0.0,457
2025-03-27 05:00+00:00,3.5,4.7,358,0.0,457
2025-03-27 06:00+00:00,4.9,4.5,337,226.1,454
2025-03-27 07:00+00:00,7.1,3.6,6,319.5,449
2025-03-27 08:00+00:00,8.4,6.6,37,446.6,445
2025-03-27 09:00+00:00,9.6,5.5,32,374.7,444
2025-03-27 10:00+00:00,10.9,4.6,18,400.9,445
2025-03-27 11:00+00:00,11.6,4.2,350,377.6,445
2025-03-27 12:00+00:00,12.4,4.9,336,685.0,444
2025-03-27 13:00+00:00,12.4,6.0,333,460.6,443
2025-03-27 14:00+00:00,12.6,5.5,328,478.0,445
2025-03-27 15:00+00:00,12.6,3.5,325,515.1,452
2025-03-27 16:00+00:00,12.0,1.6,270,466.1,462
2025-03-27 17:00+00:00,9.1,4.1,221,264.6,468
2025-03-27 18:00+00:00,7.4,6.6,241,0.0,468
2025-03-27 19:00+00:00,6.6,4.8,233,0.0,464
2025-03-27 20:00+00:00,5.6,2.9,202,0.0,461
2025-03-27 21:00+00:00,4.8,1.1,270,0.0,461
2025-03-27 22:00+00:00,3.8,2.5,262,0.0,461
2025-03-27 23:00+00:00,3.2,2.0,243,0.0,462
2025-03-28 00:00+00:00,2.1,4.3,294,0.0,464
2025-03-28 01:00+00:00,1.6,1.4,293,0.0,466
2025-03-28 02:00+00:00,1.4,0.4,117,0.0,467
2025-03-28 03:00+00:00,0.6,4.1,146,0.0,466
2025-03-28 04:00+00:00,0.2,5.4,150,0.0,465
2025-03-28 05:00+00:00,0.2,5.6,158,16.4,462
2025-03-28 06:00+00:00,2.8,7.8,158,342.6,458
2025-03-28 07:00+00:00,5.7,5.8,150,597.1,452
2025-03-28 08:00+00:00,8.6,5.9,153,727.6,448
2025-03-28 09:00+00:00,10.2,8.3,150,801.9,446
2025-03-28 10:00+00:00,11.4,9.2,138,844.1,446
2025-03-28 11:00+00:00,12.4,8.3,124,866.9,446
2025-03-28 12:00+00:00,13.1,8.9,119,870.6,446
2025-03-28 13:00+00:00,13.9,10.1,115,852.3,446
2025-03-28 14:00+00:00,13.9,11.0,114,809.4,446
2025-03-28 15:00+00:00,13.5,11.9,115,734.6,447
2025-03-28 16:00+00:00,12.5,11.0,116,598.8,449
2025-03-28 17:00+00:00,10.4,9.8,107,319.6,450
2025-03-28 18:00+00:00,8.9,11.4,102,0.0,451
2025-03-28 19:00+00:00,8.1,11.1,102,0.0,451
2025-03-28 20:00+00:00,7.4,10.6,99,0.0,451
2025-03-28 21:00+00:00,7.0,10.7,99,0.0,451
2025-03-28 22:00+00:00,6.8,11.9,104,0.0,452
2025-03-28 23:00+00:00,6.5,12.2,107,0.0,452
2025-03-29 00:00+00:00,6.2,12.0,107,0.0,452
2025-03-29 01:00+00:00,6.4,11.7,104,0.0,452
2025-03-29 02:00+00:00,6.1,10.8,101,0.0,452
2025-03-29 03:00+00:00,5.7,10.1,101,0.0,452
2025-03-29 04:00+00:00,5.6,10.7,103,0.0,453
2025-03-29 05:00+00:00,5.4,10.1,100,15.6,453
2025-03-29 06:00+00:00,6.8,10.3,96,314.4,452
2025-03-29 07:00+00:00,8.8,9.9,94,560.4,451
2025-03-29 08:00+00:00,10.8,10.4,99,684.6,450
2025-03-29 09:00+00:00,12.5,10.0,103,767.4,450
2025-03-29 10:00+00:00,13.8,7.4,104,686.4,449
2025-03-29 11:00+00:00,14.6,5.2,88,532.9,449
2025-03-29 12:00+00:00,15.4,3.9,74,652.9,448
2025-03-29 13:00+00:00,16.9,6.8,90,758.2,447
2025-03-29 14:00+00:00,16.7,7.2,89,330.8,448
2025-03-29 15:00+00:00,16.6,5.9,78,259.1,453
2025-03-29 16:00+00:00,15.9,2.4,77,14.5,460
2025-03-29 17:00+00:00,14.1,3.1,332,21.9,464
2025-03-29 18:00+00:00,13.4,7.4,342,0.0,463
2025-03-29 19:00+00:00,12.8,9.4,1,0.0,459
2025-03-29 20:00+00:00,11.5,7.7,329,0.0,456
2025-03-29 21:00+00:00,9.9,18.5,335,0.0,455
2025-03-29 22:00+00:00,8.7,15.5,340,0.0,455
2025-03-29 23:00+00:00,7.6,13.1,347,0.0,455
2025-03-30 00:00+00:00,6.2,10.6,332,0.0,455
2025-03-30 01:00+00:00,5.6,12.6,322,0.0,454
2025-03-30 02:00+00:00,5.2,10.6,326,0.0,454
2025-03-30 03:00+00:00,5.2,10.7,315,0.0,454
2025-03-30 04:00+00:00,5.6,11.9,309,0.0,454
2025-03-30 05:00+00:00,5.9,10.8,307,0.0,454
2025-03-30 06:00+00:00,6.6,10.9,301,34.2,452
2025-03-30 07:00+00:00,7.6,10.2,294,320.6,449
2025-03-30 08:00+00:00,8.9,10.7,286,414.6,447
2025-03-30 09:00+00:00,10.5,12.1,274,659.4,446
2025-03-30 10:00+00:00,11.2,13.1,263,557.3,445
2025-03-30 11:00+00:00,12.1,14.5,243,649.1,445
2025-03-30 12:00+00:00,11.6,16.8,229,463.1,445
2025-03-30 13:00+00:00,11.6,19.2,236,44.2,445
2025-03-30 14:00+00:00,11.8,23.3,244,557.8,446
2025-03-30 15:00+00:00,10.4,20.5,239,376.1,448
2025-03-30 16:00+00:00,9.1,18.0,249,46.5,451
2025-03-30 17:00+00:00,7.8,11.4,255,57.5,453
2025-03-30 18:00+00:00,6.7,9.1,245,0.0,454
2025-03-30 19:00+00:00,6.4,11.7,236,0.0,454
2025-03-30 20:00+00:00,5.6,10.4,225,0.0,454
2025-03-30 21:00+00:00,4.9,10.2,234,0.0,453
2025-03-30 22:00+00:00,5.2,9.6,258,0.0,453
2025-03-30 23:00+00:00,5.3,5.9,270,0.0,452
2025-03-31 00:00+00:00,5.8,7.1,291,0.0,452
2025-03-31 01:00+00:00,5.2,6.4,288,0.0,452
2025-03-31 02:00+00:00,4.7,7.4,299,0.0,453
2025-03-31 03:00+00:00,4.5,9.2,298,0.0,455
2025-03-31 04:00+00:00,3.8,8.1,323,0.0,458
2025-03-31 05:00+00:00,3.4,7.5,336,14.3,459
2025-03-31 06:00+00:00,4.7,8.7,339,268.1,457
2025-03-31 07:00+00:00,6.2,8.1,339,287.5,453
2025-03-31 08:00+00:00,8.2,8.8,348,285.0,450
2025-03-31 09:00+00:00,9.8,10.4,337,535.4,448
2025-03-31 10:00+00:00,11.1,10.9,338,687.4,447
2025-03-31 11:00+00:00,12.1,12.4,350,547.3,446
2025-03-31 12:00+00:00,10.6,14.3,353,62.2,445
2025-03-31 13:00+00:00,11.2,15.9,350,373.2,445
2025-03-31 14:00+00:00,10.8,16.6,359,388.6,445
2025-03-31 15:00+00:00,10.8,12.4,360,139.8,446
2025-03-31 16:00+00:00,10.6,15.4,5,443.5,447
2025-03-31 17:00+00:00,8.1,9.6,354,162.7,448
2025-03-31 18:00+00:00,7.3,9.9,2,0.0,449
2025-03-31 19:00+00:00,6.3,8.2,352,0.0,450
2025-03-31 20:00+00:00,6.3,13.0,346,0.0,450
2025-03-31 21:00+00:00,5.8,13.9,356,0.0,450
2025-03-31 22:00+00:00,4.8,13.0,2,0.0,449
2025-03-31 23:00+00:00,4.0,11.6,7,0.0,449
2025-04-01 00:00+00:00,3.1,10.8,5,0.0,449
2025-04-01 01:00+00:00,3.1,12.2,14,0.0,450
2025-04-01 02:00+00:00,2.5,11.5,9,0.0,450
2025-04-01 03:00+00:00,2.0,11.4,6,0.0,451
2025-04-01 04:00+00:00,1.5,11.0,6,0.0,451
2025-04-01 05:00+00:00,1.6,10.8,5,27.3,451
2025-04-01 06:00+00:00,3.2,9.7,358,359.9,450
2025-04-01 07:00+00:00,5.3,10.1,6,557.3,448
2025-04-01 08:00+00:00,7.8,11.6,13,698.7,447
2025-04-01 09:00+00:00,9.7,13.8,21,753.2,446
2025-04-01 10:00+00:00,11.1,14.1,19,761.2,445
2025-04-01 11:00+00:00,12.2,12.9,16,768.2,445
2025-04-01 12:00+00:00,13.1,12.3,12,719.7,445
2025-04-01 13:00+00:00,13.3,11.9,30,90.2,444
2025-04-01 14:00+00:00,13.8,12.2,28,209.3,445
2025-04-01 15:00+00:00,13.8,13.3,30,159.4,447
2025-04-01 16:00+00:00,13.1,9.5,14,145.6,450
2025-04-01 17:00+00:00,11.3,8.3,358,271.6,452
2025-04-01 18:00+00:00,9.6,9.4,2,15.5,452
2025-04-01 19:00+00:00,9.5,11.2,22,0.0,451
2025-04-01 20:00+00:00,8.5,12.4,43,0.0,451
2025-04-01 21:00+00:00,7.5,13.7,38,0.0,452
2025-04-01 22:00+00:00,6.0,12.7,32,0.0,453
2025-04-01 23:00+00:00,4.9,12.4,31,0.0,453
2025-04-02 00:00+00:00,4.3,11.6,32,0.0,453
2025-04-02 01:00+00:00,4.2,12.8,32,0.0,452
2025-04-02 02:00+00:00,3.8,12.6,34,0.0,451
2025-04-02 03:00+00:00,3.5,12.2,31,0.0,451
2025-04-02 04:00+00:00,3.3,12.0,28,0.0,451
2025-04-02 05:00+00:00,3.3,12.4,26,39.4,451
2025-04-02 06:00+00:00,4.9,10.9,17,371.4,450
2025-04-02 07:00+00:00,7.2,11.8,25,585.4,448
2025-04-02 08:00+00:00,9.6,11.7,29,712.2,447
2025-04-02 09:00+00:00,11.9,11.9,27,788.9,446
2025-04-02 10:00+00:00,13.9,12.7,29,833.9,445
2025-04-02 11:00+00:00,15.2,15.0,38,862.1,444
2025-04-02 12:00+00:00,15.8,15.1,40,862.5,444
2025-04-02 13:00+00:00,16.1,14.7,31,842.4,444
2025-04-02 14:00+00:00,16.0,15.4,27,799.0,445
2025-04-02 15:00+00:00,15.6,15.8,27,726.3,446
2025-04-02 16:00+00:00,14.8,13.8,26,600.7,446
2025-04-02 17:00+00:00,12.8,13.0,25,363.5,447
2025-04-02 18:00+00:00,10.9,13.4,33,15.0,447
2025-04-02 19:00+00:00,9.4,13.7,40,0.0,448
2025-04-02 20:00+00:00,8.1,13.6,44,0.0,448
2025-04-02 21:00+00:00,7.0,12.6,48,0.0,449
2025-04-02 22:00+00:00,6.1,11.1,51,0.0,450
2025-04-02 23:00+00:00,5.5,10.5,49,0.0,451
2025-04-03 00:00+00:00,5.1,9.9,46,0.0,451
2025-04-03 01:00+00:00,4.7,10.2,44,0.0,451
2025-04-03 02:00+00:00,4.3,10.1,40,0.0,451
2025-04-03 03:00+00:00,4.0,9.1,38,0.0,452
2025-04-03 04:00+00:00,3.7,8.8,33,0.0,453
2025-04-03 05:00+00:00,3.8,8.7,30,37.9,453
2025-04-03 06:00+00:00,5.6,8.4,16,388.2,452
2025-04-03 07:00+00:00,8.1,6.1,19,584.0,450
2025-04-03 08:00+00:00,10.6,6.3,27,696.6,448
2025-04-03 09:00+00:00,13.0,6.1,34,765.2,446
2025-04-03 10:00+00:00,14.9,6.2,36,806.6,445
2025-04-03 11:00+00:00,16.3,8.3,39,826.2,444
2025-04-03 12:00+00:00,17.2,8.7,43,823.7,443
2025-04-03 13:00+00:00,18.1,10.2,44,807.6,443
2025-04-03 14:00+00:00,18.1,10.3,46,761.5,444
2025-04-03 15:00+00:00,17.9,10.4,45,693.6,448
2025-04-03 16:00+00:00,17.2,8.1,39,564.8,453
2025-04-03 17:00+00:00,14.4,5.0,26,344.5,456
2025-04-03 18:00+00:00,11.9,6.7,46,14.5,456
2025-04-03 19:00+00:00,11.3,7.7,60,0.0,454
2025-04-03 20:00+00:00,10.4,7.6,68,0.0,453
2025-04-03 21:00+00:00,8.9,6.7,66,0.0,455
2025-04-03 22:00+00:00,7.9,6.1,71,0.0,458
2025-04-03 23:00+00:00,7.3,5.2,74,0.0,462
2025-04-04 00:00+00:00,6.7,4.2,78,0.0,467
2025-04-04 01:00+00:00,5.4,2.8,63,0.0,473
2025-04-04 02:00+00:00,4.7,2.6,34,0.0,477
2025-04-04 03:00+00:00,4.1,2.7,48,0.0,480
2025-04-04 04:00+00:00,4.1,1.3,135,0.0,482
2025-04-04 05:00+00:00,4.5,3.2,199,48.6,480
2025-04-04 06:00+00:00,7.4,5.5,257,403.8,473
2025-04-04 07:00+00:00,10.6,3.5,255,601.3,462
2025-04-04 08:00+00:00,13.4,3.8,265,703.3,453
2025-04-04 09:00+00:00,15.7,4.9,274,759.7,449
2025-04-04 10:00+00:00,17.4,5.0,272,812.6,446
2025-04-04 11:00+00:00,18.5,5.9,288,829.0,445
2025-04-04 12:00+00:00,19.1,6.5,302,832.6,444
2025-04-04 13:00+00:00,20.0,7.8,292,812.8,444
2025-04-04 14:00+00:00,20.0,8.1,265,712.0,444
2025-04-04 15:00+00:00,19.6,11.1,254,616.2,445
2025-04-04 16:00+00:00,18.8,10.6,259,573.1,447
2025-04-04 17:00+00:00,16.2,8.1,287,232.9,448
2025-04-04 18:00+00:00,14.9,13.8,320,14.0,449
2025-04-04 19:00+00:00,13.8,14.2,334,0.0,449
2025-04-04 20:00+00:00,11.7,9.8,355,0.0,450
2025-04-04 21:00+00:00,10.5,9.4,348,0.0,451
2025-04-04 22:00+00:00,9.4,10.9,351,0.0,452
2025-04-04 23:00+00:00,7.8,9.4,17,0.0,452
2025-04-05 00:00+00:00,5.6,14.8,44,0.0,451
2025-04-05 01:00+00:00,3.5,12.3,34,0.0,450
2025-04-05 02:00+00:00,2.7,12.6,26,0.0,449
2025-04-05 03:00+00:00,2.3,12.4,21,0.0,449
2025-04-05 04:00+00:00,1.9,11.9,15,0.0,449
2025-04-05 05:00+00:00,1.9,10.3,6,11.7,449
2025-04-05 06:00+00:00,2.7,9.9,355,28.3,448
2025-04-05 07:00+00:00,4.3,11.0,354,240.5,447
2025-04-05 08:00+00:00,6.3,12.1,357,602.0,446
2025-04-05 09:00+00:00,8.1,14.1,350,808.4,445
2025-04-05 10:00+00:00,9.2,22.0,349,821.5,444
2025-04-05 11:00+00:00,8.6,20.0,359,69.9,444
2025-04-05 12:00+00:00,9.9,21.6,353,781.5,444
2025-04-05 13:00+00:00,7.8,24.2,5,81.3,444
2025-04-05 14:00+00:00,7.1,23.6,3,204.4,444
2025-04-05 15:00+00:00,6.8,26.6,9,583.1,444
2025-04-05 16:00+00:00,5.6,25.2,6,398.4,445
2025-04-05 17:00+00:00,4.1,22.1,6,319.5,445
2025-04-05 18:00+00:00,2.8,21.3,6,27.2,445
2025-04-05 19:00+00:00,1.9,18.9,360,0.0,446
2025-04-05 20:00+00:00,1.1,19.1,355,0.0,446
2025-04-05 21:00+00:00,0.3,19.1,358,0.0,446
2025-04-05 22:00+00:00,-0.2,17.5,356,0.0,446
2025-04-05 23:00+00:00,-0.5,16.1,354,0.0,446
2025-04-06 00:00+00:00,-0.9,14.9,348,0.0,446
2025-04-06 01:00+00:00,-1.3,14.8,342,0.0,447
2025-04-06 02:00+00:00,-1.5,15.7,343,0.0,447
2025-04-06 03:00+00:00,-1.6,15.9,345,0.0,447
2025-04-06 04:00+00:00,-1.8,15.5,345,0.0,446
2025-04-06 05:00+00:00,-1.6,15.0,346,67.9,446
2025-04-06 06:00+00:00,-0.2,14.7,348,426.7,446
2025-04-06 07:00+00:00,1.4,20.0,7,574.5,445
2025-04-06 08:00+00:00,2.6,22.3,10,475.5,445
2025-04-06 09:00+00:00,2.5,19.9,5,25.9,445
2025-04-06 10:00+00:00,3.0,18.9,358,15.3,444
2025-04-06 11:00+00:00,3.6,19.7,351,7.2,444
2025-04-06 12:00+00:00,3.8,21.1,340,104.7,444
2025-04-06 13:00+00:00,4.2,19.1,342,12.4,444
2025-04-06 14:00+00:00,4.3,19.9,345,1.8,444
2025-04-06 15:00+00:00,4.8,19.2,348,71.3,444
2025-04-06 16:00+00:00,5.2,21.5,356,379.9,444
2025-04-06 17:00+00:00,4.4,19.0,6,133.1,445
2025-04-06 18:00+00:00,2.8,14.0,12,26.4,446
2025-04-06 19:00+00:00,2.5,11.2,6,0.0,448
2025-04-06 20:00+00:00,2.2,9.2,337,0.0,449
2025-04-06 21:00+00:00,1.9,11.2,332,0.0,448
2025-04-06 22:00+00:00,2.2,9.2,329,0.0,447
2025-04-06 23:00+00:00,0.6,7.0,310,0.0,447
2025-04-07 00:00+00:00,-0.1,6.3,297,0.0,448
2025-04-07 01:00+00:00,-0.2,5.3,305,0.0,451
2025-04-07 02:00+00:00,-0.6,5.6,292,0.0,453
2025-04-07 03:00+00:00,-1.1,6.0,297,0.0,455
2025-04-07 04:00+00:00,-1.0,6.5,314,0.0,457
2025-04-07 05:00+00:00,-0.2,7.1,319,76.7,457
2025-04-07 06:00+00:00,1.8,7.1,324,397.5,455
2025-04-07 07:00+00:00,4.1,5.9,333,523.6,451
2025-04-07 08:00+00:00,5.9,6.0,353,518.4,448
2025-04-07 09:00+00:00,7.1,6.5,346,276.0,446
2025-04-07 10:00+00:00,7.3,7.5,327,39.5,445
2025-04-07 11:00+00:00,8.2,14.4,329,83.3,444
2025-04-07 12:00+00:00,8.2,15.7,330,89.5,443
2025-04-07 13:00+00:00,7.3,12.0,309,0.0,443
2025-04-07 14:00+00:00,7.7,15.0,322,22.9,443
2025-04-07 15:00+00:00,7.4,13.6,321,0.0,444
2025-04-07 16:00+00:00,7.5,11.1,326,0.0,446
2025-04-07 17:00+00:00,7.1,8.8,334,49.3,448
2025-04-07 18:00+00:00,5.3,6.8,343,12.8,448
2025-04-07 19:00+00:00,4.2,6.1,348,0.0,448
2025-04-07 20:00+00:00,3.9,8.0,352,0.0,448
2025-04-07 21:00+00:00,3.3,9.2,359,0.0,449
2025-04-07 22:00+00:00,2.8,8.5,360,0.0,450
2025-04-07 23:00+00:00,2.0,7.4,353,0.0,451
2025-04-08 00:00+00:00,0.9,6.4,342,0.0,452
2025-04-08 01:00+00:00,1.1,8.6,348,0.0,452
2025-04-08 02:00+00:00,0.7,9.5,351,0.0,452
2025-04-08 03:00+00:00,0.3,9.0,350,0.0,452
2025-04-08 04:00+00:00,0.1,10.3,360,0.0,451
2025-04-08 05:00+00:00,0.3,11.0,6,95.5,450
2025-04-08 06:00+00:00,1.9,10.1,3,457.5,448
2025-04-08 07:00+00:00,3.8,10.0,9,636.5,446
2025-04-08 08:00+00:00,5.9,10.8,15,720.8,445
2025-04-08 09:00+00:00,7.3,10.8,18,778.2,444
2025-04-08 10:00+00:00,8.4,10.2,9,829.9,444
2025-04-08 11:00+00:00,9.3,10.3,358,858.8,444
2025-04-08 12:00+00:00,10.1,11.9,355,793.2,444
2025-04-08 13:00+00:00,10.2,10.0,343,769.0,444
2025-04-08 14:00+00:00,10.8,12.2,336,790.0,444
2025-04-08 15:00+00:00,10.4,13.1,330,463.8,445
2025-04-08 16:00+00:00,10.0,12.2,335,501.3,447
2025-04-08 17:00+00:00,8.6,9.5,333,408.3,448
2025-04-08 18:00+00:00,6.4,9.7,344,49.8,448
2025-04-08 19:00+00:00,5.3,11.9,5,0.0,448
2025-04-08 20:00+00:00,4.2,10.9,12,0.0,449
2025-04-08 21:00+00:00,3.0,8.0,20,0.0,450
2025-04-08 22:00+00:00,1.4,6.1,19,0.0,452
2025-04-08 23:00+00:00,0.5,5.1,10,0.0,454
2025-04-09 00:00+00:00,0.3,3.5,351,0.0,457
2025-04-09 01:00+00:00,-1.0,1.7,18,0.0,461
2025-04-09 02:00+00:00,-1.1,0.2,180,0.0,463
2025-04-09 03:00+00:00,-1.9,3.6,221,0.0,462
2025-04-09 04:00+00:00,-1.8,5.9,227,0.0,460
2025-04-09 05:00+00:00,-0.1,7.8,238,92.6,457
2025-04-09 06:00+00:00,2.2,7.7,249,409.3,453
2025-04-09 07:00+00:00,4.5,5.8,270,495.4,449
2025-04-09 08:00+00:00,7.0,7.7,271,521.2,446
2025-04-09 09:00+00:00,8.6,10.5,273,304.9,445
2025-04-09 10:00+00:00,10.2,14.0,283,614.5,444
2025-04-09 11:00+00:00,10.6,14.6,288,391.1,444
2025-04-09 12:00+00:00,10.9,13.5,286,289.3,443
2025-04-09 13:00+00:00,10.8,14.9,271,126.3,443
2025-04-09 14:00+00:00,12.1,18.7,288,307.7,443
2025-04-09 15:00+00:00,11.2,17.2,298,4.3,444
2025-04-09 16:00+00:00,10.9,16.2,300,3.1,445
2025-04-09 17:00+00:00,10.6,14.7,294,0.0,446
2025-04-09 18:00+00:00,10.2,19.2,314,0.0,446
2025-04-09 19:00+00:00,8.7,16.8,321,0.0,446
2025-04-09 20:00+00:00,7.8,17.7,312,0.0,446
2025-04-09 21:00+00:00,7.3,20.4,312,0.0,446
2025-04-09 22:00+00:00,6.7,19.4,317,0.0,447
2025-04-09 23:00+00:00,6.5,19.5,340,0.0,447
2025-04-10 00:00+00:00,3.4,17.3,54,0.0,447
2025-04-10 01:00+00:00,2.3,10.3,41,0.0,447
2025-04-10 02:00+00:00,2.2,8.4,25,0.0,447
2025-04-10 03:00+00:00,1.5,5.6,4,0.0,447
2025-04-10 04:00+00:00,-0.3,5.3,327,0.0,448
2025-04-10 05:00+00:00,0.5,7.7,327,99.9,448
2025-04-10 06:00+00:00,2.2,7.4,319,446.4,447
2025-04-10 07:00+00:00,3.8,10.0,330,644.6,446
2025-04-10 08:00+00:00,5.2,9.4,328,747.9,445
2025-04-10 09:00+00:00,6.4,9.4,318,813.3,444
2025-04-10 10:00+00:00,8.0,15.4,323,841.6,444
2025-04-10 11:00+00:00,8.6,17.7,321,466.0,444
2025-04-10 12:00+00:00,9.6,18.2,317,298.8,444
2025-04-10 13:00+00:00,10.5,19.2,314,554.8,444
2025-04-10 14:00+00:00,11.0,20.1,314,334.8,444
2025-04-10 15:00+00:00,10.8,21.7,313,212.7,445
2025-04-10 16:00+00:00,10.5,15.3,295,51.9,446
2025-04-10 17:00+00:00,10.2,16.2,289,17.1,447
2025-04-10 18:00+00:00,8.8,13.9,306,23.6,448
2025-04-10 19:00+00:00,7.3,8.5,294,0.0,449
2025-04-10 20:00+00:00,6.6,8.2,256,0.0,450
2025-04-10 21:00+00:00,6.4,13.0,248,0.0,450
2025-04-10 22:00+00:00,7.2,18.3,263,0.0,450
2025-04-10 23:00+00:00,8.1,21.1,270,0.0,449
2025-04-11 00:00+00:00,7.7,21.3,273,0.0,448
2025-04-11 01:00+00:00,8.4,22.3,276,0.0,447
2025-04-11 02:00+00:00,7.6,21.9,286,0.0,446
2025-04-11 03:00+00:00,7.2,22.5,297,0.0,446
2025-04-11 04:00+00:00,6.4,18.4,292,0.0,446
2025-04-11 05:00+00:00,6.3,18.3,293,0.0,446
2025-04-11 06:00+00:00,6.5,18.3,285,0.0,446
2025-04-11 07:00+00:00,7.0,23.8,288,0.0,445
2025-04-11 08:00+00:00,7.9,25.2,294,4.0,445
2025-04-11 09:00+00:00,8.9,25.7,301,58.0,445
2025-04-11 10:00+00:00,9.8,24.4,301,41.3,444
2025-04-11 11:00+00:00,10.4,25.1,299,21.0,444
2025-04-11 12:00+00:00,11.1,24.4,301,38.0,443
2025-04-11 13:00+00:00,10.4,22.1,301,31.5,442
2025-04-11 14:00+00:00,10.4,17.6,304,58.3,442
2025-04-11 15:00+00:00,11.0,20.1,309,87.3,442
2025-04-11 16:00+00:00,10.9,19.6,308,153.7,443
2025-04-11 17:00+00:00,10.0,14.3,310,250.7,444
2025-04-11 18:00+00:00,8.4,9.8,316,57.5,446
2025-04-11 19:00+00:00,6.9,7.3,314,0.0,449
2025-04-11 20:00+00:00,5.7,6.1,310,0.0,451
2025-04-11 21:00+00:00,5.0,5.5,293,0.0,451
2025-04-11 22:00+00:00,4.6,5.0,272,0.0,451
2025-04-11 23:00+00:00,4.2,5.4,250,0.0,451
2025-04-12 00:00+00:00,3.8,6.0,241,0.0,452
2025-04-12 01:00+00:00,3.7,6.0,243,0.0,453
2025-04-12 02:00+00:00,3.5,6.2,226,0.0,454
2025-04-12 03:00+00:00,3.9,6.5,222,0.0,455
2025-04-12 04:00+00:00,4.9,8.5,224,0.0,456
2025-04-12 05:00+00:00,6.2,8.6,213,94.5,455
2025-04-12 06:00+00:00,8.1,8.3,191,308.2,452
2025-04-12 07:00+00:00,10.4,6.3,200,516.8,448
2025-04-12 08:00+00:00,12.3,8.5,205,460.9,445
2025-04-12 09:00+00:00,13.9,7.2,245,499.4,444
2025-04-12 10:00+00:00,14.9,8.1,246,398.1,444
2025-04-12 11:00+00:00,14.8,9.0,233,70.9,444
2025-04-12 12:00+00:00,15.1,9.3,229,36.4,443
2025-04-12 13:00+00:00,15.4,9.8,223,123.9,443
2025-04-12 14:00+00:00,15.7,8.9,212,114.0,443
2025-04-12 15:00+00:00,15.5,8.4,200,86.5,444
2025-04-12 16:00+00:00,15.6,7.7,181,360.1,446
2025-04-12 17:00+00:00,13.7,6.0,159,386.4,447
2025-04-12 18:00+00:00,11.6,8.4,143,56.2,448
2025-04-12 19:00+00:00,10.9,8.7,148,0.0,449
2025-04-12 20:00+00:00,10.2,9.0,143,0.0,450
2025-04-12 21:00+00:00,9.6,9.0,145,0.0,451
2025-04-12 22:00+00:00,9.2,9.5,147,0.0,451
2025-04-12 23:00+00:00,8.6,8.8,145,0.0,452
2025-04-13 00:00+00:00,8.1,9.0,145,0.0,453
2025-04-13 01:00+00:00,7.1,9.6,146,0.0,453
2025-04-13 02:00+00:00,6.8,9.7,149,0.0,454
2025-04-13 03:00+00:00,6.4,9.5,143,0.0,454
2025-04-13 04:00+00:00,6.1,9.8,136,0.0,455
2025-04-13 05:00+00:00,6.8,11.2,130,147.3,454
2025-04-13 06:00+00:00,8.7,10.3,136,466.5,452
2025-04-13 07:00+00:00,11.0,10.2,136,635.4,450
2025-04-13 08:00+00:00,13.9,10.0,142,732.8,448
2025-04-13 09:00+00:00,16.5,10.5,147,792.0,446
2025-04-13 10:00+00:00,18.2,13.5,159,828.7,444
2025-04-13 11:00+00:00,19.2,14.6,175,786.2,443
2025-04-13 12:00+00:00,19.8,12.6,179,592.4,442
2025-04-13 13:00+00:00,20.5,13.0,186,391.7,441
2025-04-13 14:00+00:00,20.6,13.7,191,434.3,441
2025-04-13 15:00+00:00,20.5,13.4,194,324.4,442
2025-04-13 16:00+00:00,20.4,11.4,196,538.0,443
2025-04-13 17:00+00:00,18.3,7.0,180,159.6,445
2025-04-13 18:00+00:00,17.2,8.1,192,11.0,446
2025-04-13 19:00+00:00,16.8,9.7,215,0.0,448
2025-04-13 20:00+00:00,14.8,7.3,242,0.0,449
2025-04-13 21:00+00:00,15.8,10.2,238,0.0,449
2025-04-13 22:00+00:00,14.4,9.8,234,0.0,448
2025-04-13 23:00+00:00,13.5,9.1,249,0.0,449
2025-04-14 00:00+00:00,12.8,7.1,254,0.0,453
2025-04-14 01:00+00:00,12.6,4.7,266,0.0,457
2025-04-14 02:00+00:00,12.1,2.9,248,0.0,461
2025-04-14 03:00+00:00,11.1,5.6,213,0.0,463
2025-04-14 04:00+00:00,12.1,1.3,344,0.0,463
2025-04-14 05:00+00:00,11.9,2.0,243,80.8,462
2025-04-14 06:00+00:00,12.8,0.2,180,232.1,459
2025-04-14 07:00+00:00,15.1,1.7,122,446.8,455
2025-04-14 08:00+00:00,16.7,2.9,101,402.9,451
2025-04-14 09:00+00:00,18.5,5.2,153,549.8,448
2025-04-14 10:00+00:00,20.1,8.2,234,733.7,446
2025-04-14 11:00+00:00,21.0,10.8,249,673.0,445
2025-04-14 12:00+00:00,21.5,11.1,254,716.2,444
2025-04-14 13:00+00:00,22.0,8.7,240,637.1,444
2025-04-14 14:00+00:00,22.1,7.3,242,419.6,445
2025-04-14 15:00+00:00,21.6,7.8,230,242.8,449
2025-04-14 16:00+00:00,21.0,7.1,221,203.4,455
2025-04-14 17:00+00:00,19.4,3.7,203,67.7,461
2025-04-14 18:00+00:00,17.6,3.2,164,21.4,466
2025-04-14 19:00+00:00,15.9,5.4,143,0.0,471
2025-04-14 20:00+00:00,15.1,5.7,125,0.0,473
2025-04-14 21:00+00:00,14.5,5.1,98,0.0,471
2025-04-14 22:00+00:00,13.4,6.7,81,0.0,468
2025-04-14 23:00+00:00,13.5,7.6,95,0.0,464
2025-04-15 00:00+00:00,13.8,9.3,106,0.0,461
2025-04-15 01:00+00:00,13.1,10.1,114,0.0,459
2025-04-15 02:00+00:00,12.2,9.3,112,0.0,457
2025-04-15 03:00+00:00,11.5,9.3,119,0.0,457
2025-04-15 04:00+00:00,10.9,8.9,126,0.0,459
2025-04-15 05:00+00:00,11.7,11.1,122,157.7,459
2025-04-15 06:00+00:00,13.4,10.9,117,389.3,456
2025-04-15 07:00+00:00,15.6,12.6,119,573.8,452
2025-04-15 08:00+00:00,17.8,13.1,123,685.8,448
2025-04-15 09:00+00:00,19.6,15.9,129,752.7,446
2025-04-15 10:00+00:00,20.8,17.7,125,759.1,445
2025-04-15 11:00+00:00,21.9,20.4,132,514.8,445
2025-04-15 12:00+00:00,21.9,20.6,134,291.5,445
2025-04-15 13:00+00:00,20.1,21.1,140,246.3,445
2025-04-15 14:00+00:00,18.8,17.3,141,18.3,445
2025-04-15 15:00+00:00,18.1,15.7,136,0.0,445
2025-04-15 16:00+00:00,17.2,13.4,126,0.0,445
2025-04-15 17:00+00:00,16.6,13.1,119,5.1,446
2025-04-15 18:00+00:00,16.8,15.8,134,0.0,447
2025-04-15 19:00+00:00,15.6,16.1,138,0.0,448
2025-04-15 20:00+00:00,14.4,14.5,134,0.0,449
2025-04-15 21:00+00:00,13.6,14.3,134,0.0,449
2025-04-15 22:00+00:00,13.8,14.1,132,0.0,450
2025-04-15 23:00+00:00,13.7,12.6,134,0.0,450
2025-04-16 00:00+00:00,13.2,10.5,141,0.0,451
2025-04-16 01:00+00:00,13.1,9.6,143,0.0,451
2025-04-16 02:00+00:00,12.8,9.6,152,0.0,452
2025-04-16 03:00+00:00,12.4,9.9,161,0.0,453
2025-04-16 04:00+00:00,12.2,9.1,165,0.0,454
2025-04-16 05:00+00:00,12.8,9.6,174,17.1,454
2025-04-16 06:00+00:00,14.4,8.5,184,205.0,453
2025-04-16 07:00+00:00,16.5,10.1,211,473.7,452
2025-04-16 08:00+00:00,18.2,9.5,219,629.5,450
2025-04-16 09:00+00:00,20.1,9.9,213,782.2,448
2025-04-16 10:00+00:00,22.0,11.5,219,818.6,446
2025-04-16 11:00+00:00,23.2,11.9,221,839.0,445
2025-04-16 12:00+00:00,24.0,11.4,221,840.9,444
2025-04-16 13:00+00:00,24.3,10.2,217,822.1,444
2025-04-16 14:00+00:00,24.5,6.7,211,790.3,445
2025-04-16 15:00+00:00,24.5,5.1,176,727.0,448
2025-04-16 16:00+00:00,24.0,6.5,136,621.8,452
2025-04-16 17:00+00:00,22.2,5.5,128,414.1,455
2025-04-16 18:00+00:00,19.1,6.0,81,92.3,456
2025-04-16 19:00+00:00,18.6,8.2,75,0.0,456
2025-04-16 20:00+00:00,18.4,11.8,98,0.0,455
2025-04-16 21:00+00:00,17.6,11.6,102,0.0,453
2025-04-16 22:00+00:00,16.8,10.9,117,0.0,451
2025-04-16 23:00+00:00,16.5,11.0,142,0.0,449
2025-04-17 00:00+00:00,16.2,11.0,142,0.0,449
2025-04-17 01:00+00:00,16.0,12.0,130,0.0,449
2025-04-17 02:00+00:00,16.1,13.9,137,0.0,450
2025-04-17 03:00+00:00,16.1,14.0,139,0.0,451
2025-04-17 04:00+00:00,15.5,13.4,136,0.0,451
2025-04-17 05:00+00:00,16.1,14.9,136,192.6,451
2025-04-17 06:00+00:00,17.9,12.2,139,311.2,450
2025-04-17 07:00+00:00,19.9,14.5,141,429.6,448
2025-04-17 08:00+00:00,21.6,17.4,148,433.6,446
2025-04-17 09:00+00:00,22.4,17.5,151,191.4,445
2025-04-17 10:00+00:00,24.5,18.6,158,433.7,444
2025-04-17 11:00+00:00,26.1,20.4,160,785.8,444
2025-04-17 12:00+00:00,26.9,21.8,159,826.8,444
2025-04-17 13:00+00:00,27.7,22.3,169,684.2,444
2025-04-17 14:00+00:00,27.3,21.3,169,459.3,444
2025-04-17 15:00+00:00,27.0,19.9,166,425.5,445
2025-04-17 16:00+00:00,26.8,20.7,163,589.6,446
2025-04-17 17:00+00:00,25.4,18.0,168,405.8,447
2025-04-17 18:00+00:00,24.0,14.3,165,100.4,447
2025-04-17 19:00+00:00,22.9,13.8,169,0.0,446
2025-04-17 20:00+00:00,22.1,13.4,174,0.0,446
2025-04-17 21:00+00:00,21.0,10.9,168,0.0,446
2025-04-17 22:00+00:00,20.1,11.1,158,0.0,447
2025-04-17 23:00+00:00,19.0,10.9,147,0.0,447
2025-04-18 00:00+00:00,19.0,10.9,144,0.0,448
2025-04-18 01:00+00:00,19.6,12.4,133,0.0,448
2025-04-18 02:00+00:00,19.2,13.4,147,0.0,449
2025-04-18 03:00+00:00,18.1,13.7,155,0.0,449
2025-04-18 04:00+00:00,17.6,13.2,158,0.0,449
2025-04-18 05:00+00:00,18.2,13.7,162,131.1,449
2025-04-18 06:00+00:00,19.0,14.4,167,12.0,448
2025-04-18 07:00+00:00,18.8,14.7,172,0.0,446
2025-04-18 08:00+00:00,18.2,13.8,173,0.0,445
2025-04-18 09:00+00:00,18.0,11.6,150,0.0,444
2025-04-18 10:00+00:00,18.2,12.4,152,0.0,444
2025-04-18 11:00+00:00,20.2,10.0,154,85.9,444
2025-04-18 12:00+00:00,22.1,11.6,161,492.4,444
2025-04-18 13:00+00:00,23.5,16.2,168,524.7,444
2025-04-18 14:00+00:00,23.0,15.2,167,153.8,444
2025-04-18 15:00+00:00,22.4,14.6,162,132.7,445
2025-04-18 16:00+00:00,21.5,12.6,175,30.5,446
2025-04-18 17:00+00:00,19.4,7.3,155,0.0,449
2025-04-18 18:00+00:00,17.3,8.4,137,0.0,454
2025-04-18 19:00+00:00,16.1,4.1,119,0.0,459
2025-04-18 20:00+00:00,15.4,6.4,137,0.0,463
2025-04-18 21:00+00:00,15.3,5.8,116,0.0,463
2025-04-18 22:00+00:00,15.1,6.8,158,0.0,460
2025-04-18 23:00+00:00,14.1,9.4,200,0.0,457
2025-04-19 00:00+00:00,12.8,16.1,246,0.0,454
2025-04-19 01:00+00:00,11.9,16.3,241,0.0,452
2025-04-19 02:00+00:00,11.6,13.8,235,0.0,450
2025-04-19 03:00+00:00,11.3,12.2,229,0.0,450
2025-04-19 04:00+00:00,11.0,14.5,226,0.0,451
2025-04-19 05:00+00:00,11.0,16.0,224,0.0,451
2025-04-19 06:00+00:00,11.1,16.8,224,3.9,450
2025-04-19 07:00+00:00,11.8,15.6,221,27.3,448
2025-04-19 08:00+00:00,12.7,15.3,221,33.6,447
2025-04-19 09:00+00:00,13.6,15.9,215,93.6,446
2025-04-19 10:00+00:00,13.9,15.6,213,58.8,446
2025-04-19 11:00+00:00,14.7,16.4,211,86.8,446
2025-04-19 12:00+00:00,14.7,15.5,206,35.0,446
2025-04-19 13:00+00:00,13.5,16.2,201,14.3,447
2025-04-19 14:00+00:00,13.1,13.9,201,0.0,447
2025-04-19 15:00+00:00,13.4,14.1,203,55.9,447
2025-04-19 16:00+00:00,13.3,12.9,203,24.7,446
2025-04-19 17:00+00:00,13.1,8.7,218,42.3,448
2025-04-19 18:00+00:00,11.6,3.9,227,38.6,453
2025-04-19 19:00+00:00,10.5,3.2,297,0.0,460
2025-04-19 20:00+00:00,10.9,2.1,31,0.0,466
2025-04-19 21:00+00:00,10.7,0.8,27,0.0,471
2025-04-19 22:00+00:00,10.5,3.1,62,0.0,475
2025-04-19 23:00+00:00,10.6,3.3,49,0.0,478
2025-04-20 00:00+00:00,10.2,3.1,54,0.0,478
2025-04-20 01:00+00:00,10.6,4.4,32,0.0,477
2025-04-20 02:00+00:00,10.6,4.8,37,0.0,475
2025-04-20 03:00+00:00,10.1,3.1,66,0.0,472
2025-04-20 04:00+00:00,9.0,2.7,94,0.0,467
2025-04-20 05:00+00:00,10.1,4.3,123,196.6,463
2025-04-20 06:00+00:00,12.1,1.2,141,497.3,459
2025-04-20 07:00+00:00,13.9,1.1,99,642.1,455
2025-04-20 08:00+00:00,15.7,1.7,162,691.2,452
2025-04-20 09:00+00:00,17.4,3.8,183,798.0,449
2025-04-20 10:00+00:00,18.8,5.3,190,828.6,446
2025-04-20 11:00+00:00,20.0,6.6,189,843.6,444
2025-04-20 12:00+00:00,21.5,11.5,215,860.8,443
2025-04-20 13:00+00:00,21.3,13.6,224,544.7,443
2025-04-20 14:00+00:00,20.5,13.7,230,182.6,443
2025-04-20 15:00+00:00,20.8,9.6,229,463.4,444
2025-04-20 16:00+00:00,20.6,6.9,227,266.4,445
2025-04-20 17:00+00:00,19.2,4.2,211,392.3,447
2025-04-20 18:00+00:00,16.9,6.0,170,113.4,450
2025-04-20 19:00+00:00,15.9,6.1,156,0.0,453
2025-04-20 20:00+00:00,14.9,6.7,166,0.0,456
2025-04-20 21:00+00:00,13.6,5.7,238,0.0,459
2025-04-20 22:00+00:00,12.4,4.3,285,0.0,462
2025-04-20 23:00+00:00,11.8,4.0,291,0.0,466
2025-04-21 00:00+00:00,11.1,3.6,307,0.0,473
2025-04-21 01:00+00:00,10.0,3.8,335,0.0,482
2025-04-21 02:00+00:00,9.6,3.3,13,0.0,487
2025-04-21 03:00+00:00,9.1,3.4,360,0.0,486
2025-04-21 04:00+00:00,8.7,3.8,341,0.0,482
2025-04-21 05:00+00:00,10.4,6.9,330,231.3,476
2025-04-21 06:00+00:00,13.6,4.2,355,499.2,467
2025-04-21 07:00+00:00,16.7,3.4,357,632.3,456
2025-04-21 08:00+00:00,19.0,5.6,4,753.4,448
2025-04-21 09:00+00:00,20.4,4.1,326,801.9,446
2025-04-21 10:00+00:00,21.3,5.3,322,738.1,446
2025-04-21 11:00+00:00,22.2,5.4,326,808.9,447
2025-04-21 12:00+00:00,22.9,4.4,325,820.5,446
2025-04-21 13:00+00:00,23.0,4.8,45,761.7,445
2025-04-21 14:00+00:00,23.2,5.1,84,742.3,445
2025-04-21 15:00+00:00,22.8,5.6,97,446.2,445
2025-04-21 16:00+00:00,21.7,4.1,113,13.5,446
2025-04-21 17:00+00:00,18.6,11.9,267,0.0,447
2025-04-21 18:00+00:00,15.6,15.6,310,0.0,448
2025-04-21 19:00+00:00,14.2,13.5,313,0.0,450
2025-04-21 20:00+00:00,13.6,15.9,332,0.0,451
2025-04-21 21:00+00:00,13.0,11.3,353,0.0,452
2025-04-21 22:00+00:00,12.7,9.7,359,0.0,454
2025-04-21 23:00+00:00,12.5,6.1,298,0.0,455
2025-04-22 00:00+00:00,12.2,7.8,323,0.0,457
2025-04-22 01:00+00:00,11.8,2.2,35,0.0,460
2025-04-22 02:00+00:00,11.2,5.9,293,0.0,461
2025-04-22 03:00+00:00,11.2,4.3,318,0.0,461
2025-04-22 04:00+00:00,11.1,3.6,300,0.0,461
2025-04-22 05:00+00:00,11.4,6.4,299,22.7,459
2025-04-22 06:00+00:00,12.4,7.8,299,170.8,455
2025-04-22 07:00+00:00,13.8,8.1,301,258.7,451
2025-04-22 08:00+00:00,15.4,8.4,312,335.4,447
2025-04-22 09:00+00:00,16.2,8.0,312,475.6,445
2025-04-22 10:00+00:00,17.5,6.9,285,490.2,445
2025-04-22 11:00+00:00,18.6,8.3,274,666.7,444
2025-04-22 12:00+00:00,19.2,8.6,278,628.3,443
2025-04-22 13:00+00:00,18.6,5.7,259,155.2,442
2025-04-22 14:00+00:00,18.8,4.2,263,528.7,442
2025-04-22 15:00+00:00,18.6,5.1,243,567.8,444
2025-04-22 16:00+00:00,16.2,12.8,273,394.1,448
2025-04-22 17:00+00:00,15.4,3.1,298,186.9,452
2025-04-22 18:00+00:00,14.0,1.5,225,81.9,456
2025-04-22 19:00+00:00,12.6,3.6,264,0.0,459
2025-04-22 20:00+00:00,12.2,2.9,259,0.0,463
2025-04-22 21:00+00:00,11.9,2.9,266,0.0,468
2025-04-22 22:00+00:00,11.3,3.6,264,0.0,474
2025-04-22 23:00+00:00,11.0,2.6,258,0.0,476
2025-04-23 00:00+00:00,10.2,4.0,249,0.0,472
2025-04-23 01:00+00:00,9.3,4.7,270,0.0,465
2025-04-23 02:00+00:00,8.8,5.2,272,0.0,460
2025-04-23 03:00+00:00,8.3,4.8,283,0.0,459
2025-04-23 04:00+00:00,8.1,4.0,267,0.0,460
2025-04-23 05:00+00:00,10.1,6.4,297,252.4,459
2025-04-23 06:00+00:00,12.6,2.8,297,481.4,454
2025-04-23 07:00+00:00,15.0,2.2,305,582.8,448
2025-04-23 08:00+00:00,16.7,2.9,300,732.3,443
2025-04-23 09:00+00:00,17.7,4.1,272,776.5,442
2025-04-23 10:00+00:00,17.9,3.3,264,553.3,442
2025-04-23 11:00+00:00,18.2,3.6,279,425.3,443
2025-04-23 12:00+00:00,18.8,3.6,290,571.1,443
2025-04-23 13:00+00:00,19.0,3.6,264,439.5,442
2025-04-23 14:00+00:00,19.0,3.6,300,481.2,443
2025-04-23 15:00+00:00,19.0,4.8,323,389.4,445
2025-04-23 16:00+00:00,18.4,7.5,336,384.9,448
2025-04-23 17:00+00:00,16.6,13.2,356,406.8,450
2025-04-23 18:00+00:00,14.7,11.0,25,125.1,449
2025-04-23 19:00+00:00,13.6,9.2,31,0.0,446
2025-04-23 20:00+00:00,12.8,9.0,26,0.0,444
2025-04-23 21:00+00:00,12.4,8.7,40,0.0,444
2025-04-23 22:00+00:00,12.0,8.8,39,0.0,446
2025-04-23 23:00+00:00,11.5,9.2,40,0.0,447
2025-04-24 00:00+00:00,10.9,8.3,34,0.0,449
2025-04-24 01:00+00:00,10.9,7.8,32,0.0,451
2025-04-24 02:00+00:00,10.4,9.6,30,0.0,452
2025-04-24 03:00+00:00,9.9,8.7,24,0.0,452
2025-04-24 04:00+00:00,9.9,9.9,32,0.0,451
2025-04-24 05:00+00:00,10.4,11.2,42,196.9,450
2025-04-24 06:00+00:00,12.1,9.4,32,433.6,448
2025-04-24 07:00+00:00,14.1,10.3,22,548.4,445
2025-04-24 08:00+00:00,15.9,11.4,26,697.9,443
2025-04-24 09:00+00:00,17.1,11.6,39,581.4,442
2025-04-24 10:00+00:00,18.2,11.8,43,621.2,442
2025-04-24 11:00+00:00,19.2,11.4,49,735.7,442
2025-04-24 12:00+00:00,19.8,11.9,49,673.4,442
2025-04-24 13:00+00:00,16.5,10.7,65,16.8,442
2025-04-24 14:00+00:00,16.1,9.5,58,0.0,442
2025-04-24 15:00+00:00,17.0,10.0,57,117.4,442
2025-04-24 16:00+00:00,16.8,8.9,47,44.4,442
2025-04-24 17:00+00:00,15.9,7.2,35,0.0,442
2025-04-24 18:00+00:00,15.1,10.4,60,17.6,443
2025-04-24 19:00+00:00,13.8,11.6,64,0.0,445
2025-04-24 20:00+00:00,12.2,14.3,44,0.0,446
2025-04-24 21:00+00:00,10.4,14.8,39,0.0,447
2025-04-24 22:00+00:00,8.8,13.8,40,0.0,447
2025-04-24 23:00+00:00,7.9,13.2,39,0.0,448
2025-04-25 00:00+00:00,7.6,13.4,37,0.0,449
2025-04-25 01:00+00:00,6.9,13.8,40,0.0,449
2025-04-25 02:00+00:00,6.2,14.2,32,0.0,449
2025-04-25 03:00+00:00,5.5,13.9,30,0.0,449
2025-04-25 04:00+00:00,5.3,13.1,27,0.0,448
2025-04-25 05:00+00:00,5.5,13.9,25,28.7,447
2025-04-25 06:00+00:00,6.6,14.3,34,260.8,446
2025-04-25 07:00+00:00,7.9,12.8,32,361.8,446
2025-04-25 08:00+00:00,9.6,12.3,30,486.1,445
2025-04-25 09:00+00:00,11.4,13.1,32,483.3,444
2025-04-25 10:00+00:00,12.8,13.9,36,608.5,444
2025-04-25 11:00+00:00,14.1,14.7,36,776.2,443
2025-04-25 12:00+00:00,15.0,15.8,35,844.1,443
2025-04-25 13:00+00:00,15.0,15.3,37,802.2,443
2025-04-25 14:00+00:00,15.2,16.7,34,810.3,443
2025-04-25 15:00+00:00,14.9,17.0,34,758.5,443
2025-04-25 16:00+00:00,14.1,17.7,35,620.4,444
2025-04-25 17:00+00:00,12.7,15.3,40,355.2,444
2025-04-25 18:00+00:00,10.9,13.7,44,189.9,445
2025-04-25 19:00+00:00,9.4,14.5,48,0.0,445
2025-04-25 20:00+00:00,8.1,14.9,49,0.0,446
2025-04-25 21:00+00:00,6.8,14.9,47,0.0,447
2025-04-25 22:00+00:00,5.6,13.9,48,0.0,447
2025-04-25 23:00+00:00,4.7,12.9,48,0.0,448
2025-04-26 00:00+00:00,4.0,12.0,47,0.0,448
2025-04-26 01:00+00:00,3.0,11.3,47,0.0,448
2025-04-26 02:00+00:00,2.5,10.6,48,0.0,448
2025-04-26 03:00+00:00,2.0,10.3,49,0.0,448
2025-04-26 04:00+00:00,1.9,10.6,47,15.4,447
2025-04-26 05:00+00:00,3.0,9.9,44,317.1,447
2025-04-26 06:00+00:00,4.4,11.9,49,568.6,446
2025-04-26 07:00+00:00,6.0,12.3,50,723.1,446
2025-04-26 08:00+00:00,7.4,11.5,50,814.7,445
2025-04-26 09:00+00:00,8.9,11.1,47,863.9,445
2025-04-26 10:00+00:00,10.0,10.8,46,887.2,444
2025-04-26 11:00+00:00,11.1,10.9,44,893.9,444
2025-04-26 12:00+00:00,11.8,11.5,40,888.4,444
2025-04-26 13:00+00:00,12.2,11.6,39,874.4,444
2025-04-26 14:00+00:00,12.3,11.8,40,835.6,444
2025-04-26 15:00+00:00,12.1,12.5,41,776.2,444
2025-04-26 16:00+00:00,11.4,12.9,46,678.6,445
2025-04-26 17:00+00:00,10.5,10.8,52,515.9,445
2025-04-26 18:00+00:00,8.6,7.1,60,203.7,446
2025-04-26 19:00+00:00,7.4,9.8,72,0.0,447
2025-04-26 20:00+00:00,6.5,11.7,76,0.0,447
2025-04-26 21:00+00:00,5.4,10.7,74,0.0,446
2025-04-26 22:00+00:00,4.3,10.1,73,0.0,446
2025-04-26 23:00+00:00,3.6,10.1,70,0.0,445
2025-04-27 00:00+00:00,3.1,10.0,70,0.0,445
2025-04-27 01:00+00:00,2.5,10.2,73,0.0,446
2025-04-27 02:00+00:00,2.1,9.5,79,0.0,447
2025-04-27 03:00+00:00,1.8,9.2,87,0.0,447
2025-04-27 04:00+00:00,1.8,9.6,87,14.8,447
2025-04-27 05:00+00:00,3.0,9.1,80,346.7,447
2025-04-27 06:00+00:00,5.0,9.5,90,583.5,447
2025-04-27 07:00+00:00,7.2,9.7,93,720.4,446
2025-04-27 08:00+00:00,9.3,11.1,98,803.5,446
2025-04-27 09:00+00:00,10.8,10.9,99,853.0,446
2025-04-27 10:00+00:00,11.9,10.7,95,880.1,446
2025-04-27 11:00+00:00,12.9,10.1,93,892.4,446
2025-04-27 12:00+00:00,13.6,10.1,91,890.9,445
2025-04-27 13:00+00:00,14.2,10.4,80,874.4,444
2025-04-27 14:00+00:00,14.2,10.3,84,832.7,444
2025-04-27 15:00+00:00,14.0,10.8,90,769.2,445
2025-04-27 16:00+00:00,13.4,10.3,95,672.3,446
2025-04-27 17:00+00:00,12.6,8.1,96,524.2,447
2025-04-27 18:00+00:00,9.9,5.9,79,217.1,448
2025-04-27 19:00+00:00,9.0,7.2,77,0.0,450
2025-04-27 20:00+00:00,8.4,8.5,84,0.0,451
2025-04-27 21:00+00:00,7.4,8.0,98,0.0,451
2025-04-27 22:00+00:00,6.5,7.3,110,0.0,450
2025-04-27 23:00+00:00,5.8,7.2,112,0.0,449
2025-04-28 00:00+00:00,5.3,7.3,110,0.0,449
2025-04-28 01:00+00:00,4.0,7.1,109,0.0,450
2025-04-28 02:00+00:00,3.4,6.8,112,0.0,451
2025-04-28 03:00+00:00,2.8,6.6,116,0.0,452
2025-04-28 04:00+00:00,2.9,6.6,125,28.6,453
2025-04-28 05:00+00:00,4.8,8.7,122,368.5,453
2025-04-28 06:00+00:00,7.1,5.4,132,594.8,452
2025-04-28 07:00+00:00,10.1,5.5,148,724.7,450
2025-04-28 08:00+00:00,13.1,4.7,157,803.1,448
2025-04-28 09:00+00:00,15.2,3.5,168,852.6,446
2025-04-28 10:00+00:00,16.5,4.4,173,879.9,445
2025-04-28 11:00+00:00,17.5,5.5,171,891.0,444
2025-04-28 12:00+00:00,18.4,4.0,185,888.3,444
2025-04-28 13:00+00:00,19.3,4.2,223,871.8,443
2025-04-28 14:00+00:00,19.4,4.5,256,836.1,444
2025-04-28 15:00+00:00,19.1,5.1,262,777.3,445
2025-04-28 16:00+00:00,18.8,5.3,262,683.8,447
2025-04-28 17:00+00:00,17.5,2.9,270,524.3,449
2025-04-28 18:00+00:00,15.4,2.8,220,230.1,450
2025-04-28 19:00+00:00,14.6,8.8,191,0.0,451
2025-04-28 20:00+00:00,12.8,6.3,217,0.0,452
2025-04-28 21:00+00:00,11.2,5.8,254,0.0,453
2025-04-28 22:00+00:00,10.1,5.5,279,0.0,455
2025-04-28 23:00+00:00,9.4,4.4,258,0.0,456
2025-04-29 00:00+00:00,8.6,5.1,260,0.0,457
2025-04-29 01:00+00:00,6.9,6.0,263,0.0,458
2025-04-29 02:00+00:00,6.4,7.3,263,0.0,458
2025-04-29 03:00+00:00,6.8,7.7,270,0.0,457
2025-04-29 04:00+00:00,7.3,7.6,277,27.7,455
2025-04-29 05:00+00:00,9.6,8.8,272,295.7,453
2025-04-29 06:00+00:00,12.4,7.6,256,519.8,449
2025-04-29 07:00+00:00,15.1,9.0,265,604.3,445
2025-04-29 08:00+00:00,17.2,12.6,274,638.4,442
2025-04-29 09:00+00:00,18.4,14.8,284,550.1,441
2025-04-29 10:00+00:00,19.0,15.9,280,349.5,442
2025-04-29 11:00+00:00,19.5,15.9,282,252.0,443
2025-04-29 12:00+00:00,21.0,15.3,288,537.9,443
2025-04-29 13:00+00:00,22.7,16.6,297,601.8,443
2025-04-29 14:00+00:00,21.4,18.6,316,133.8,443
2025-04-29 15:00+00:00,20.9,17.7,315,303.4,443
2025-04-29 16:00+00:00,20.5,16.8,313,388.7,444
2025-04-29 17:00+00:00,19.5,14.5,314,381.4,445
2025-04-29 18:00+00:00,18.0,11.1,328,145.6,446
2025-04-29 19:00+00:00,16.2,11.4,347,0.0,447
2025-04-29 20:00+00:00,14.7,11.7,356,0.0,448
2025-04-29 21:00+00:00,13.2,10.1,360,0.0,450
2025-04-29 22:00+00:00,11.6,7.4,3,0.0,453
2025-04-29 23:00+00:00,9.9,4.7,351,0.0,455
2025-04-30 00:00+00:00,9.1,3.5,309,0.0,457
2025-04-30 01:00+00:00,7.4,4.0,300,0.0,458
2025-04-30 02:00+00:00,6.7,5.3,288,0.0,459
2025-04-30 03:00+00:00,6.3,5.8,284,0.0,459
2025-04-30 04:00+00:00,6.7,5.9,290,26.8,457
2025-04-30 05:00+00:00,8.8,7.8,285,346.2,455
2025-04-30 06:00+00:00,11.3,5.3,282,499.4,451
2025-04-30 07:00+00:00,13.9,7.6,282,680.5,446
2025-04-30 08:00+00:00,16.1,10.0,285,754.5,443
2025-04-30 09:00+00:00,17.8,11.3,290,809.8,442
2025-04-30 10:00+00:00,19.2,11.5,292,824.1,443
2025-04-30 11:00+00:00,20.4,11.7,287,835.2,444
2025-04-30 12:00+00:00,21.3,11.5,284,793.9,444
2025-04-30 13:00+00:00,22.2,12.1,295,710.6,443
2025-04-30 14:00+00:00,22.2,12.6,295,523.2,443
2025-04-30 15:00+00:00,22.4,11.1,314,523.4,443
2025-04-30 16:00+00:00,21.4,15.4,336,474.2,444
2025-04-30 17:00+00:00,20.2,12.5,324,438.5,445
2025-04-30 18:00+00:00,18.7,9.5,316,215.1,447
2025-04-30 19:00+00:00,17.3,10.9,336,0.0,448
2025-04-30 20:00+00:00,15.9,8.6,349,0.0,450
2025-04-30 21:00+00:00,14.6,9.6,356,0.0,451
2025-04-30 22:00+00:00,13.6,9.2,354,0.0,452
2025-04-30 23:00+00:00,12.4,7.5,349,0.0,453
2025-05-01 00:00+00:00,11.1,6.1,336,0.0,455
2025-05-01 01:00+00:00,9.6,5.9,342,0.0,458
2025-05-01 02:00+00:00,9.1,5.2,348,0.0,459
2025-05-01 03:00+00:00,8.6,3.6,360,0.0,459
2025-05-01 04:00+00:00,8.6,2.5,360,26.0,458
2025-05-01 05:00+00:00,10.5,3.3,338,342.7,456
2025-05-01 06:00+00:00,13.1,1.0,329,544.1,453
2025-05-01 07:00+00:00,15.2,1.0,158,668.0,448
2025-05-01 08:00+00:00,17.0,3.0,205,747.9,445
2025-05-01 09:00+00:00,18.5,4.6,225,796.9,444
2025-05-01 10:00+00:00,19.8,6.7,284,776.9,444
2025-05-01 11:00+00:00,20.1,7.6,282,318.1,444
2025-05-01 12:00+00:00,20.8,7.3,286,427.8,444
2025-05-01 13:00+00:00,20.7,5.8,286,143.4,444
2025-05-01 14:00+00:00,21.6,5.5,287,482.6,444
2025-05-01 15:00+00:00,21.1,4.9,274,99.3,444
2025-05-01 16:00+00:00,21.0,5.2,248,205.7,444
2025-05-01 17:00+00:00,20.5,2.8,220,223.9,445
2025-05-01 18:00+00:00,18.5,4.6,159,164.9,446
2025-05-01 19:00+00:00,17.6,9.9,164,0.0,448
2025-05-01 20:00+00:00,15.4,6.3,167,0.0,450
2025-05-01 21:00+00:00,15.1,7.6,176,0.0,452
2025-05-01 22:00+00:00,14.7,9.2,181,0.0,454
2025-05-01 23:00+00:00,14.1,9.0,179,0.0,455
2025-05-02 00:00+00:00,13.6,9.4,178,0.0,455
2025-05-02 01:00+00:00,11.7,9.3,171,0.0,454
2025-05-02 02:00+00:00,11.1,9.2,173,0.0,453
2025-05-02 03:00+00:00,10.8,10.5,172,0.0,452
2025-05-02 04:00+00:00,10.9,10.7,174,50.5,450
2025-05-02 05:00+00:00,12.5,11.7,167,382.8,449
2025-05-02 06:00+00:00,14.8,10.1,160,587.7,448
2025-05-02 07:00+00:00,17.5,10.8,162,716.5,446
2025-05-02 08:00+00:00,20.2,11.5,169,778.8,445
2025-05-02 09:00+00:00,22.6,12.6,179,719.3,444
2025-05-02 10:00+00:00,24.4,14.9,200,807.7,443
2025-05-02 11:00+00:00,25.1,16.5,236,668.8,442
2025-05-02 12:00+00:00,25.1,17.6,229,356.4,441
2025-05-02 13:00+00:00,26.9,17.1,268,406.8,441
2025-05-02 14:00+00:00,26.4,19.5,273,551.5,441
2025-05-02 15:00+00:00,23.2,18.9,257,314.3,443
2025-05-02 16:00+00:00,24.8,14.9,272,432.3,445
2025-05-02 17:00+00:00,23.2,11.1,310,312.1,447
2025-05-02 18:00+00:00,21.4,0.8,207,178.0,446
2025-05-02 19:00+00:00,20.4,4.2,211,0.0,444
2025-05-02 20:00+00:00,18.9,4.8,295,0.0,443
2025-05-02 21:00+00:00,18.4,8.6,344,0.0,445
2025-05-02 22:00+00:00,16.5,15.4,349,0.0,448
2025-05-02 23:00+00:00,15.4,2.6,348,0.0,450
2025-05-03 00:00+00:00,14.2,4.1,268,0.0,450
2025-05-03 01:00+00:00,13.6,13.4,278,0.0,449
2025-05-03 02:00+00:00,13.2,11.1,287,0.0,448
2025-05-03 03:00+00:00,12.6,7.9,294,0.0,449
2025-05-03 04:00+00:00,12.4,6.4,306,24.6,450
2025-05-03 05:00+00:00,13.1,6.1,293,300.8,450
2025-05-03 06:00+00:00,14.3,7.2,276,172.5,448
2025-05-03 07:00+00:00,15.5,9.7,268,157.2,445
2025-05-03 08:00+00:00,17.0,13.3,268,214.2,442
2025-05-03 09:00+00:00,18.0,13.7,268,390.9,441
2025-05-03 10:00+00:00,19.4,15.7,271,571.9,440
2025-05-03 11:00+00:00,20.6,16.6,275,583.5,440
2025-05-03 12:00+00:00,20.9,16.0,282,631.7,440
2025-05-03 13:00+00:00,20.2,12.9,277,570.2,440
2025-05-03 14:00+00:00,20.5,11.7,273,576.1,441
2025-05-03 15:00+00:00,19.9,10.5,274,263.4,442
2025-05-03 16:00+00:00,19.2,9.1,261,144.5,444
2025-05-03 17:00+00:00,17.5,7.4,252,0.0,446
2025-05-03 18:00+00:00,15.8,5.5,212,0.0,447
2025-05-03 19:00+00:00,14.6,5.7,217,0.0,448
2025-05-03 20:00+00:00,14.4,6.1,203,0.0,449
2025-05-03 21:00+00:00,14.1,4.5,187,0.0,450
2025-05-03 22:00+00:00,14.1,6.2,197,0.0,451
2025-05-03 23:00+00:00,13.7,6.6,253,0.0,452
2025-05-04 00:00+00:00,13.1,9.6,311,0.0,453
2025-05-04 01:00+00:00,12.6,12.3,276,0.0,454
2025-05-04 02:00+00:00,12.1,17.8,278,0.0,454
2025-05-04 03:00+00:00,10.6,19.3,275,0.0,452
2025-05-04 04:00+00:00,10.2,21.0,280,35.9,449
2025-05-04 05:00+00:00,9.9,22.2,287,281.6,446
2025-05-04 06:00+00:00,10.0,20.8,289,443.0,445
2025-05-04 07:00+00:00,10.6,21.5,284,482.8,445
2025-05-04 08:00+00:00,11.5,22.7,278,632.1,445
2025-05-04 09:00+00:00,12.4,23.1,273,550.7,445
2025-05-04 10:00+00:00,13.3,23.2,270,564.3,444
2025-05-04 11:00+00:00,14.1,23.4,270,517.7,444
2025-05-04 12:00+00:00,14.6,24.9,274,528.6,444
2025-05-04 13:00+00:00,13.2,24.9,275,135.0,443
2025-05-04 14:00+00:00,12.9,24.4,275,286.7,443
2025-05-04 15:00+00:00,12.9,24.1,272,440.7,443
2025-05-04 16:00+00:00,12.7,21.7,277,351.3,443
2025-05-04 17:00+00:00,11.9,19.1,298,307.6,444
2025-05-04 18:00+00:00,10.8,15.9,303,158.1,445
2025-05-04 19:00+00:00,9.6,13.9,313,0.0,446
2025-05-04 20:00+00:00,8.0,13.0,321,0.0,447
2025-05-04 21:00+00:00,7.0,14.7,338,0.0,447
2025-05-04 22:00+00:00,6.2,13.7,338,0.0,448
2025-05-04 23:00+00:00,6.2,13.0,343,0.0,448
2025-05-05 00:00+00:00,6.2,10.7,355,0.0,449
2025-05-05 01:00+00:00,5.1,9.9,341,0.0,450
2025-05-05 02:00+00:00,4.3,9.8,347,0.0,450
2025-05-05 03:00+00:00,4.0,9.9,1,0.0,449
2025-05-05 04:00+00:00,4.7,8.7,7,35.0,448
2025-05-05 05:00+00:00,6.0,11.9,15,63.0,447
2025-05-05 06:00+00:00,6.7,12.0,18,119.4,446
2025-05-05 07:00+00:00,7.7,12.3,21,474.9,445
2025-05-05 08:00+00:00,8.4,13.5,21,541.8,445
2025-05-05 09:00+00:00,9.5,13.4,22,679.2,445
2025-05-05 10:00+00:00,10.5,13.7,28,651.5,445
2025-05-05 11:00+00:00,11.1,13.7,32,626.4,445
2025-05-05 12:00+00:00,11.6,13.9,39,608.2,445
2025-05-05 13:00+00:00,11.2,13.5,38,511.2,445
2025-05-05 14:00+00:00,11.4,11.4,49,272.0,445
2025-05-05 15:00+00:00,11.3,11.8,52,285.6,445
2025-05-05 16:00+00:00,10.9,10.5,53,111.5,445
2025-05-05 17:00+00:00,10.6,9.2,55,58.6,445
2025-05-05 18:00+00:00,9.8,5.2,68,14.9,446
2025-05-05 19:00+00:00,8.4,4.0,87,0.0,449
2025-05-05 20:00+00:00,6.5,5.0,125,0.0,451
2025-05-05 21:00+00:00,5.7,3.4,137,0.0,454
2025-05-05 22:00+00:00,4.8,2.7,138,0.0,457
2025-05-05 23:00+00:00,4.4,1.4,180,0.0,460
2025-05-06 00:00+00:00,3.8,0.4,63,0.0,461
2025-05-06 01:00+00:00,1.7,0.5,45,0.0,462
2025-05-06 02:00+00:00,1.2,0.9,79,0.0,461
2025-05-06 03:00+00:00,0.6,2.2,81,0.0,458
2025-05-06 04:00+00:00,0.8,3.7,137,79.9,454
2025-05-06 05:00+00:00,3.5,4.4,159,425.9,450
2025-05-06 06:00+00:00,6.3,3.1,173,626.6,448
2025-05-06 07:00+00:00,8.6,2.8,215,744.9,447
2025-05-06 08:00+00:00,10.1,4.1,255,815.8,446
2025-05-06 09:00+00:00,11.3,5.5,259,857.7,445
2025-05-06 10:00+00:00,12.1,7.1,264,879.9,445
2025-05-06 11:00+00:00,12.9,7.9,273,889.3,445
2025-05-06 12:00+00:00,13.6,8.1,276,884.7,445
2025-05-06 13:00+00:00,14.4,7.5,280,867.3,444
2025-05-06 14:00+00:00,15.2,9.0,285,822.9,444
2025-05-06 15:00+00:00,15.2,12.1,266,614.6,444
2025-05-06 16:00+00:00,15.3,9.5,291,447.2,445
2025-05-06 17:00+00:00,13.9,12.2,343,303.6,446
2025-05-06 18:00+00:00,11.7,3.5,336,234.8,446
2025-05-06 19:00+00:00,10.1,7.0,310,16.2,447
2025-05-06 20:00+00:00,10.7,14.4,12,0.0,447
2025-05-06 21:00+00:00,9.0,10.0,13,0.0,447
2025-05-06 22:00+00:00,8.4,9.8,31,0.0,447
2025-05-06 23:00+00:00,8.1,10.2,49,0.0,447
2025-05-07 00:00+00:00,7.8,12.2,53,0.0,448
2025-05-07 01:00+00:00,5.9,12.1,43,0.0,449
2025-05-07 02:00+00:00,4.7,10.8,44,0.0,450
2025-05-07 03:00+00:00,3.7,11.0,41,0.0,449
2025-05-07 04:00+00:00,3.5,11.0,41,78.1,448
2025-05-07 05:00+00:00,4.6,10.9,40,422.4,447
2025-05-07 06:00+00:00,6.1,12.2,45,622.8,447
2025-05-07 07:00+00:00,7.5,12.2,46,679.1,446
2025-05-07 08:00+00:00,8.9,12.4,48,631.7,446
2025-05-07 09:00+00:00,10.3,15.0,58,735.5,446
2025-05-07 10:00+00:00,11.4,15.8,63,689.0,445
2025-05-07 11:00+00:00,12.1,15.8,63,583.8,445
2025-05-07 12:00+00:00,13.6,14.4,62,657.6,445
2025-05-07 13:00+00:00,13.1,16.9,52,302.6,444
2025-05-07 14:00+00:00,12.7,16.6,49,164.5,444
2025-05-07 15:00+00:00,12.0,15.5,48,35.5,444
2025-05-07 16:00+00:00,11.6,14.4,53,53.7,444
2025-05-07 17:00+00:00,11.1,12.5,58,3.6,444
2025-05-07 18:00+00:00,10.6,10.3,65,0.0,445
2025-05-07 19:00+00:00,9.8,9.1,82,0.0,447
2025-05-07 20:00+00:00,8.7,7.3,106,0.0,448
2025-05-07 21:00+00:00,6.8,6.1,122,0.0,449
2025-05-07 22:00+00:00,5.8,5.6,105,0.0,449
2025-05-07 23:00+00:00,5.1,3.8,73,0.0,449
2025-05-08 00:00+00:00,4.5,6.8,55,0.0,448
2025-05-08 01:00+00:00,3.5,9.8,54,0.0,448
2025-05-08 02:00+00:00,2.7,9.4,52,0.0,447
2025-05-08 03:00+00:00,3.2,9.8,55,0.0,447
2025-05-08 04:00+00:00,3.3,8.0,59,10.9,447
2025-05-08 05:00+00:00,4.1,8.3,66,37.6,447
2025-05-08 06:00+00:00,5.4,9.2,64,263.7,447
2025-05-08 07:00+00:00,6.5,9.5,57,327.9,446
2025-05-08 08:00+00:00,7.9,9.5,51,768.0,446
2025-05-08 09:00+00:00,9.2,9.7,45,849.1,446
2025-05-08 10:00+00:00,10.2,10.5,41,881.2,445
2025-05-08 11:00+00:00,11.1,11.4,39,874.6,445
2025-05-08 12:00+00:00,12.6,12.4,36,837.8,445
2025-05-08 13:00+00:00,12.9,12.5,37,497.7,444
2025-05-08 14:00+00:00,12.9,13.5,42,423.5,444
2025-05-08 15:00+00:00,12.4,13.9,41,438.4,444
2025-05-08 16:00+00:00,11.9,11.2,42,415.1,444
2025-05-08 17:00+00:00,11.6,10.6,44,165.9,444
2025-05-08 18:00+00:00,10.6,8.8,47,114.6,445
2025-05-08 19:00+00:00,8.2,5.7,62,15.3,447
2025-05-08 20:00+00:00,6.8,6.2,83,0.0,449
2025-05-08 21:00+00:00,5.8,5.8,97,0.0,450
2025-05-08 22:00+00:00,5.1,5.0,120,0.0,450
2025-05-08 23:00+00:00,4.7,3.5,156,0.0,451
2025-05-09 00:00+00:00,3.8,5.1,188,0.0,452
2025-05-09 01:00+00:00,3.7,3.9,242,0.0,453
2025-05-09 02:00+00:00,4.8,7.4,22,0.0,454
2025-05-09 03:00+00:00,4.7,0.3,225,0.0,455
2025-05-09 04:00+00:00,4.2,3.8,197,53.5,455
2025-05-09 05:00+00:00,6.4,4.7,238,79.1,454
2025-05-09 06:00+00:00,7.8,5.3,282,46.9,452
2025-05-09 07:00+00:00,9.8,9.1,326,292.7,449
2025-05-09 08:00+00:00,11.6,10.5,343,599.2,446
2025-05-09 09:00+00:00,13.2,11.4,356,831.7,445
2025-05-09 10:00+00:00,14.4,12.6,5,846.2,444
2025-05-09 11:00+00:00,14.8,11.8,348,320.0,444
2025-05-09 12:00+00:00,15.0,10.9,333,201.7,444
2025-05-09 13:00+00:00,15.6,11.5,312,59.0,444
2025-05-09 14:00+00:00,15.3,12.6,307,47.0,444
2025-05-09 15:00+00:00,15.4,13.2,302,105.5,444
2025-05-09 16:00+00:00,15.1,13.1,308,32.2,443
2025-05-09 17:00+00:00,14.7,11.2,315,7.0,444
2025-05-09 18:00+00:00,14.0,10.8,316,14.2,446
2025-05-09 19:00+00:00,12.7,8.8,355,0.0,449
2025-05-09 20:00+00:00,11.1,3.1,83,0.0,451
2025-05-09 21:00+00:00,10.5,5.5,157,0.0,453
2025-05-09 22:00+00:00,10.4,3.9,146,0.0,454
2025-05-09 23:00+00:00,10.4,7.2,194,0.0,455
2025-05-10 00:00+00:00,10.5,9.7,215,0.0,454
2025-05-10 01:00+00:00,11.0,10.5,266,0.0,452
2025-05-10 02:00+00:00,10.8,10.7,278,0.0,450
2025-05-10 03:00+00:00,10.3,11.3,290,0.0,450
2025-05-10 04:00+00:00,10.2,11.2,307,0.0,450
2025-05-10 05:00+00:00,9.8,10.7,305,15.5,449
2025-05-10 06:00+00:00,11.0,11.3,323,66.8,447
2025-05-10 07:00+00:00,12.6,15.0,342,262.1,445
2025-05-10 08:00+00:00,13.4,13.7,351,346.1,443
2025-05-10 09:00+00:00,14.4,13.4,352,163.2,443
2025-05-10 10:00+00:00,12.6,13.8,6,14.0,443
2025-05-10 11:00+00:00,14.0,10.4,360,42.8,443
2025-05-10 12:00+00:00,15.2,13.3,13,298.4,443
2025-05-10 13:00+00:00,14.2,10.7,17,124.2,443
2025-05-10 14:00+00:00,14.1,11.4,23,117.1,443
2025-05-10 15:00+00:00,13.8,12.9,27,227.5,443
2025-05-10 16:00+00:00,13.4,12.4,33,281.2,443
2025-05-10 17:00+00:00,12.6,10.8,32,293.2,443
2025-05-10 18:00+00:00,11.6,6.1,34,118.9,443
2025-05-10 19:00+00:00,10.8,1.3,74,0.0,443
2025-05-10 20:00+00:00,10.1,7.4,51,0.0,443
2025-05-10 21:00+00:00,8.2,15.9,74,0.0,444
2025-05-10 22:00+00:00,7.1,12.4,66,0.0,445
2025-05-10 23:00+00:00,5.8,9.9,63,0.0,446
2025-05-11 00:00+00:00,4.8,8.8,57,0.0,446
2025-05-11 01:00+00:00,3.8,9.0,55,0.0,446
2025-05-11 02:00+00:00,3.0,8.2,52,0.0,446
2025-05-11 03:00+00:00,2.2,7.2,53,0.0,446
2025-05-11 04:00+00:00,2.5,7.5,53,113.4,446
2025-05-11 05:00+00:00,3.9,6.9,60,447.0,446
2025-05-11 06:00+00:00,6.1,6.4,72,632.8,445
2025-05-11 07:00+00:00,8.4,6.0,85,744.8,444
2025-05-11 08:00+00:00,10.1,5.2,92,813.5,443
2025-05-11 09:00+00:00,11.8,5.2,84,833.7,443
2025-05-11 10:00+00:00,13.4,5.4,75,754.4,443
2025-05-11 11:00+00:00,14.1,5.5,63,645.8,443
2025-05-11 12:00+00:00,14.8,5.9,52,759.7,443
2025-05-11 13:00+00:00,14.4,6.8,50,519.9,443
2025-05-11 14:00+00:00,14.4,8.3,44,411.1,443
2025-05-11 15:00+00:00,13.8,10.9,39,346.5,443
2025-05-11 16:00+00:00,13.1,11.2,40,347.4,443
2025-05-11 17:00+00:00,12.4,8.4,48,375.2,444
2025-05-11 18:00+00:00,10.9,5.6,94,297.3,446
2025-05-11 19:00+00:00,9.4,8.0,100,28.2,449
2025-05-11 20:00+00:00,7.8,5.9,104,0.0,450
2025-05-11 21:00+00:00,7.3,5.5,63,0.0,447
2025-05-11 22:00+00:00,7.1,14.6,71,0.0,443
2025-05-11 23:00+00:00,6.2,12.1,89,0.0,440
2025-05-12 00:00+00:00,5.4,9.4,86,0.0,440
2025-05-12 01:00+00:00,4.4,9.4,73,0.0,441
2025-05-12 02:00+00:00,3.8,8.7,69,0.0,442
2025-05-12 03:00+00:00,3.2,8.0,62,0.0,443
2025-05-12 04:00+00:00,3.5,8.9,62,111.4,443
2025-05-12 05:00+00:00,5.1,8.3,63,429.4,443
2025-05-12 06:00+00:00,7.2,8.3,72,615.6,442
2025-05-12 07:00+00:00,9.6,8.6,80,726.2,442
2025-05-12 08:00+00:00,11.4,8.4,81,788.9,441
2025-05-12 09:00+00:00,13.0,9.2,69,829.2,441
2025-05-12 10:00+00:00,13.4,9.2,69,372.8,442
2025-05-12 11:00+00:00,13.8,8.9,71,208.9,442
2025-05-12 12:00+00:00,14.6,8.4,70,408.1,442
2025-05-12 13:00+00:00,14.8,8.9,65,266.2,442
2025-05-12 14:00+00:00,15.1,7.3,81,376.2,442
2025-05-12 15:00+00:00,14.9,6.3,83,263.4,442
2025-05-12 16:00+00:00,14.4,8.1,87,205.2,442
2025-05-12 17:00+00:00,13.9,8.7,94,276.7,442
2025-05-12 18:00+00:00,12.6,8.9,111,164.1,443
2025-05-12 19:00+00:00,11.4,7.1,117,12.8,445
2025-05-12 20:00+00:00,9.3,4.2,130,0.0,446
2025-05-12 21:00+00:00,8.4,5.3,128,0.0,445
2025-05-12 22:00+00:00,7.3,6.3,88,0.0,444
2025-05-12 23:00+00:00,7.0,7.2,94,0.0,443
2025-05-13 00:00+00:00,5.6,5.8,94,0.0,443
2025-05-13 01:00+00:00,3.6,6.0,74,0.0,444
2025-05-13 02:00+00:00,3.0,5.5,103,0.0,445
2025-05-13 03:00+00:00,2.9,3.9,127,0.0,445
2025-05-13 04:00+00:00,3.8,2.9,120,129.4,445
2025-05-13 05:00+00:00,6.1,3.3,126,451.8,445
2025-05-13 06:00+00:00,8.8,1.5,173,632.8,444
2025-05-13 07:00+00:00,11.4,2.3,309,740.0,443
2025-05-13 08:00+00:00,13.2,6.5,318,807.9,442
2025-05-13 09:00+00:00,14.6,7.7,332,852.5,442
2025-05-13 10:00+00:00,15.8,9.0,325,875.6,442
2025-05-13 11:00+00:00,16.6,9.4,329,884.2,442
2025-05-13 12:00+00:00,18.0,9.4,3,874.9,442
2025-05-13 13:00+00:00,17.8,11.3,335,115.2,442
2025-05-13 14:00+00:00,17.6,12.3,338,52.1,442
2025-05-13 15:00+00:00,17.8,9.3,333,81.0,442
2025-05-13 16:00+00:00,18.1,10.9,329,268.9,442
2025-05-13 17:00+00:00,17.8,11.7,339,207.0,442
2025-05-13 18:00+00:00,16.4,7.8,337,167.2,443
2025-05-13 19:00+00:00,14.9,7.0,312,13.4,445
2025-05-13 20:00+00:00,13.4,6.9,319,0.0,447
2025-05-13 21:00+00:00,12.2,6.6,299,0.0,448
2025-05-13 22:00+00:00,12.1,7.2,289,0.0,449
2025-05-13 23:00+00:00,11.9,7.2,289,0.0,449
2025-05-14 00:00+00:00,11.6,8.3,275,0.0,448
2025-05-14 01:00+00:00,10.9,8.5,277,0.0,447
2025-05-14 02:00+00:00,10.4,9.2,270,0.0,447
2025-05-14 03:00+00:00,10.1,10.7,258,0.0,448
2025-05-14 04:00+00:00,10.8,11.9,260,68.5,450
2025-05-14 05:00+00:00,12.4,11.0,260,275.5,450
2025-05-14 06:00+00:00,14.3,13.0,269,501.4,448
2025-05-14 07:00+00:00,16.1,15.4,277,645.8,445
2025-05-14 08:00+00:00,17.5,19.7,284,737.5,443
2025-05-14 09:00+00:00,18.5,21.7,289,773.9,443
2025-05-14 10:00+00:00,19.2,21.3,292,581.5,444
2025-05-14 11:00+00:00,20.0,20.4,292,617.2,444
2025-05-14 12:00+00:00,20.9,20.2,292,804.1,444
2025-05-14 13:00+00:00,20.0,20.7,305,80.0,443
2025-05-14 14:00+00:00,19.5,22.2,312,49.0,443
2025-05-14 15:00+00:00,19.0,21.1,308,142.5,443
2025-05-14 16:00+00:00,18.6,22.5,310,198.1,443
2025-05-14 17:00+00:00,16.4,14.7,312,26.4,443
2025-05-14 18:00+00:00,14.9,19.2,336,6.5,443
2025-05-14 19:00+00:00,12.4,11.9,357,0.0,443
2025-05-14 20:00+00:00,10.9,15.9,51,0.0,443
2025-05-14 21:00+00:00,9.6,14.7,53,0.0,444
2025-05-14 22:00+00:00,8.3,13.9,57,0.0,444
2025-05-14 23:00+00:00,7.6,13.5,48,0.0,445
2025-05-15 00:00+00:00,7.4,8.7,47,0.0,446
2025-05-15 01:00+00:00,6.2,8.7,21,0.0,446
2025-05-15 02:00+00:00,6.1,10.3,12,0.0,447
2025-05-15 03:00+00:00,5.7,10.3,360,0.0,447
2025-05-15 04:00+00:00,4.9,9.5,345,134.9,447
2025-05-15 05:00+00:00,5.8,9.4,337,452.3,447
2025-05-15 06:00+00:00,7.4,9.9,328,638.9,446
2025-05-15 07:00+00:00,9.0,10.6,314,739.7,445
2025-05-15 08:00+00:00,9.9,17.2,316,596.1,444
2025-05-15 09:00+00:00,8.4,13.9,306,212.4,444
2025-05-15 10:00+00:00,10.8,14.7,321,469.6,444
2025-05-15 11:00+00:00,11.2,17.2,332,201.1,444
2025-05-15 12:00+00:00,9.0,16.3,331,66.8,444
2025-05-15 13:00+00:00,8.5,15.0,340,169.8,445
2025-05-15 14:00+00:00,9.9,19.2,347,614.7,445
2025-05-15 15:00+00:00,10.0,17.1,346,145.2,445
2025-05-15 16:00+00:00,9.9,19.2,349,446.8,444
2025-05-15 17:00+00:00,9.4,16.7,340,186.4,444
2025-05-15 18:00+00:00,9.1,16.1,329,76.8,445
2025-05-15 19:00+00:00,8.4,12.1,328,0.0,445
2025-05-15 20:00+00:00,8.4,17.6,317,0.0,446
2025-05-15 21:00+00:00,7.4,16.1,318,0.0,446
2025-05-15 22:00+00:00,7.8,17.9,326,0.0,446
2025-05-15 23:00+00:00,7.7,18.9,317,0.0,446
2025-05-16 00:00+00:00,7.2,17.4,306,0.0,446
2025-05-16 01:00+00:00,7.1,16.7,315,0.0,445
2025-05-16 02:00+00:00,7.6,19.8,301,0.0,445
2025-05-16 03:00+00:00,7.7,21.0,295,0.0,444
2025-05-16 04:00+00:00,7.9,20.7,297,28.5,444
2025-05-16 05:00+00:00,8.8,21.6,299,65.7,443
2025-05-16 06:00+00:00,10.1,21.3,295,490.6,443
2025-05-16 07:00+00:00,11.6,23.4,313,621.1,443
2025-05-16 08:00+00:00,12.4,24.6,327,549.5,443
2025-05-16 09:00+00:00,12.1,24.6,335,172.1,443
2025-05-16 10:00+00:00,10.8,22.6,343,78.7,442
2025-05-16 11:00+00:00,11.2,19.3,339,186.2,442
2025-05-16 12:00+00:00,10.9,20.8,354,89.7,442
2025-05-16 13:00+00:00,9.7,14.7,352,10.3,442
2025-05-16 14:00+00:00,10.9,17.9,343,270.5,442
2025-05-16 15:00+00:00,9.8,16.5,346,0.0,442
2025-05-16 16:00+00:00,9.4,14.0,330,0.0,443
2025-05-16 17:00+00:00,9.7,18.0,333,35.6,443
2025-05-16 18:00+00:00,9.4,16.5,321,6.3,444
2025-05-16 19:00+00:00,9.2,17.5,310,0.0,445
2025-05-16 20:00+00:00,8.8,20.1,317,0.0,445
2025-05-16 21:00+00:00,8.4,19.2,317,0.0,444
2025-05-16 22:00+00:00,8.8,19.9,318,0.0,443
2025-05-16 23:00+00:00,9.3,21.0,309,0.0,442
2025-05-17 00:00+00:00,9.4,24.0,302,0.0,442
2025-05-17 01:00+00:00,9.1,24.8,300,0.0,443
2025-05-17 02:00+00:00,9.1,22.2,306,0.0,443
2025-05-17 03:00+00:00,8.9,19.3,307,0.0,443
2025-05-17 04:00+00:00,8.3,17.0,321,0.0,443
2025-05-17 05:00+00:00,6.8,17.2,5,0.0,443
2025-05-17 06:00+00:00,6.3,14.3,345,46.5,442
2025-05-17 07:00+00:00,7.4,16.9,344,124.0,442
2025-05-17 08:00+00:00,8.8,16.2,339,167.2,441
2025-05-17 09:00+00:00,9.1,17.1,326,53.1,441
2025-05-17 10:00+00:00,10.5,18.7,325,413.5,440
2025-05-17 11:00+00:00,10.9,18.7,322,497.2,440
2025-05-17 12:00+00:00,11.9,20.9,314,522.0,440
2025-05-17 13:00+00:00,10.4,21.2,329,657.3,440
2025-05-17 14:00+00:00,11.6,21.6,330,714.6,440
2025-05-17 15:00+00:00,10.6,19.3,328,374.3,440
2025-05-17 16:00+00:00,9.7,20.6,333,439.2,439
2025-05-17 17:00+00:00,9.5,17.4,336,214.9,439
2025-05-17 18:00+00:00,8.6,13.7,341,24.6,439
2025-05-17 19:00+00:00,7.6,14.2,353,0.0,440
2025-05-17 20:00+00:00,6.6,12.0,324,0.0,441
2025-05-17 21:00+00:00,6.6,13.6,313,0.0,442
2025-05-17 22:00+00:00,5.7,14.8,302,0.0,442
2025-05-17 23:00+00:00,5.2,16.2,294,0.0,443
2025-05-18 00:00+00:00,5.9,17.5,299,0.0,443
2025-05-18 01:00+00:00,5.9,18.6,306,0.0,443
2025-05-18 02:00+00:00,5.9,18.0,305,0.0,443
2025-05-18 03:00+00:00,6.2,17.4,315,0.0,442
2025-05-18 04:00+00:00,6.6,18.7,311,0.0,441
2025-05-18 05:00+00:00,6.5,22.0,322,0.0,440
2025-05-18 06:00+00:00,6.9,19.8,321,0.0,439
2025-05-18 07:00+00:00,8.2,19.9,327,238.9,438
2025-05-18 08:00+00:00,9.2,21.7,332,273.5,438
2025-05-18 09:00+00:00,9.4,21.3,333,90.9,438
2025-05-18 10:00+00:00,11.1,20.7,327,522.9,438
2025-05-18 11:00+00:00,11.9,19.8,329,228.2,439
2025-05-18 12:00+00:00,9.1,15.3,317,0.0,440
2025-05-18 13:00+00:00,10.6,17.7,327,580.2,440
2025-05-18 14:00+00:00,11.3,15.9,322,379.6,441
2025-05-18 15:00+00:00,10.1,15.3,311,45.5,441
2025-05-18 16:00+00:00,10.8,15.4,315,417.0,442
2025-05-18 17:00+00:00,10.5,13.4,314,356.0,442
2025-05-18 18:00+00:00,9.9,9.9,299,120.7,443
2025-05-18 19:00+00:00,8.4,8.6,286,36.3,443
2025-05-18 20:00+00:00,7.8,9.3,285,0.0,444
2025-05-18 21:00+00:00,7.2,10.6,288,0.0,444
2025-05-18 22:00+00:00,6.8,10.7,297,0.0,444
2025-05-18 23:00+00:00,6.4,10.7,310,0.0,444
2025-05-19 00:00+00:00,5.8,9.2,312,0.0,444
2025-05-19 01:00+00:00,5.8,9.9,314,0.0,445
2025-05-19 02:00+00:00,6.0,9.6,303,0.0,445
2025-05-19 03:00+00:00,6.1,10.3,295,0.0,446
2025-05-19 04:00+00:00,6.4,9.6,290,0.0,447
2025-05-19 05:00+00:00,7.2,8.5,269,0.0,447
2025-05-19 06:00+00:00,7.8,9.5,270,0.0,446
2025-05-19 07:00+00:00,8.2,14.4,302,0.0,444
2025-05-19 08:00+00:00,8.8,13.2,314,0.0,442
2025-05-19 09:00+00:00,9.7,14.3,319,8.1,440
2025-05-19 10:00+00:00,10.9,15.6,321,45.8,438
2025-05-19 11:00+00:00,11.1,15.3,322,7.2,436
2025-05-19 12:00+00:00,11.9,14.1,323,45.7,435
2025-05-19 13:00+00:00,12.2,13.5,335,86.5,434
2025-05-19 14:00+00:00,11.9,12.9,333,4.3,434
2025-05-19 15:00+00:00,12.1,12.7,325,10.1,433
2025-05-19 16:00+00:00,12.4,13.1,330,15.1,433
2025-05-19 17:00+00:00,12.6,13.5,330,72.4,433
2025-05-19 18:00+00:00,12.1,10.4,314,17.8,434
2025-05-19 19:00+00:00,11.7,10.8,313,0.0,436
2025-05-19 20:00+00:00,11.1,10.4,314,0.0,438
2025-05-19 21:00+00:00,10.8,10.4,309,0.0,439
2025-05-19 22:00+00:00,9.9,9.9,308,0.0,440
2025-05-19 23:00+00:00,8.9,10.1,310,0.0,442
2025-05-20 00:00+00:00,8.1,9.6,313,0.0,445
2025-05-20 01:00+00:00,7.9,7.5,312,0.0,448
2025-05-20 02:00+00:00,7.2,6.8,305,0.0,450
2025-05-20 03:00+00:00,6.5,6.1,298,0.0,449
2025-05-20 04:00+00:00,7.4,7.6,284,170.9,447
2025-05-20 05:00+00:00,9.2,8.3,274,454.4,444
2025-05-20 06:00+00:00,11.4,7.4,271,621.4,442
2025-05-20 07:00+00:00,13.9,8.5,268,725.8,440
2025-05-20 08:00+00:00,16.2,9.7,269,791.4,438
2025-05-20 09:00+00:00,17.9,11.7,269,827.4,437
2025-05-20 10:00+00:00,18.8,16.2,282,852.8,438
2025-05-20 11:00+00:00,18.9,16.9,278,443.6,438
2025-05-20 12:00+00:00,19.6,18.2,279,587.7,439
2025-05-20 13:00+00:00,20.5,18.0,277,722.9,440
2025-05-20 14:00+00:00,20.5,16.7,272,646.9,440
2025-05-20 15:00+00:00,20.4,15.5,275,598.8,439
2025-05-20 16:00+00:00,19.6,11.2,268,313.5,437
2025-05-20 17:00+00:00,18.6,6.8,273,427.7,438
2025-05-20 18:00+00:00,16.6,5.0,272,273.7,444
2025-05-20 19:00+00:00,14.3,5.3,262,58.3,452
2025-05-20 20:00+00:00,12.9,5.7,238,0.0,457
2025-05-20 21:00+00:00,12.5,7.7,217,0.0,454
2025-05-20 22:00+00:00,12.5,8.3,231,0.0,447
2025-05-20 23:00+00:00,12.5,9.5,241,0.0,442
2025-05-21 00:00+00:00,12.1,9.8,238,0.0,443
2025-05-21 01:00+00:00,12.2,13.4,229,0.0,447
2025-05-21 02:00+00:00,11.4,10.8,227,0.0,450
2025-05-21 03:00+00:00,11.3,9.8,226,0.0,450
2025-05-21 04:00+00:00,12.3,12.5,226,133.3,449
2025-05-21 05:00+00:00,13.6,12.5,212,330.3,447
2025-05-21 06:00+00:00,15.3,10.0,213,550.9,444
2025-05-21 07:00+00:00,16.7,10.6,230,620.3,440
2025-05-21 08:00+00:00,17.9,11.2,215,585.0,438
2025-05-21 09:00+00:00,19.5,12.7,226,787.5,438
2025-05-21 10:00+00:00,20.4,13.3,242,773.1,439
2025-05-21 11:00+00:00,21.1,14.1,251,701.3,439
2025-05-21 12:00+00:00,20.1,13.1,254,165.1,438
2025-05-21 13:00+00:00,19.7,11.4,247,379.5,436
2025-05-21 14:00+00:00,19.5,14.3,241,608.3,435
2025-05-21 15:00+00:00,19.7,12.9,201,496.5,434
2025-05-21 16:00+00:00,18.6,14.8,198,463.5,433
2025-05-21 17:00+00:00,18.0,12.0,199,452.0,433
2025-05-21 18:00+00:00,17.0,10.4,212,337.8,433
2025-05-21 19:00+00:00,15.2,8.4,220,68.7,434
2025-05-21 20:00+00:00,14.1,8.1,231,0.0,436
2025-05-21 21:00+00:00,13.1,8.7,265,0.0,440
2025-05-21 22:00+00:00,11.8,6.8,245,0.0,444
2025-05-21 23:00+00:00,11.4,6.7,239,0.0,448
2025-05-22 00:00+00:00,11.8,8.3,240,0.0,451
2025-05-22 01:00+00:00,9.6,6.4,262,0.0,453
2025-05-22 02:00+00:00,9.9,7.5,240,0.0,454
2025-05-22 03:00+00:00,9.7,9.4,272,0.0,452
2025-05-22 04:00+00:00,10.2,10.2,294,35.2,449
2025-05-22 05:00+00:00,10.7,8.8,282,4.4,447
2025-05-22 06:00+00:00,10.9,10.4,272,37.0,446
2025-05-22 07:00+00:00,11.1,10.6,260,23.1,445
2025-05-22 08:00+00:00,12.9,11.7,252,421.9,445
2025-05-22 09:00+00:00,13.8,11.7,250,347.8,444
2025-05-22 10:00+00:00,14.4,12.1,250,173.5,443
2025-05-22 11:00+00:00,14.5,12.3,240,59.2,443
2025-05-22 12:00+00:00,15.5,13.8,250,251.9,443
2025-05-22 13:00+00:00,16.0,16.2,261,480.8,444
2025-05-22 14:00+00:00,15.1,16.0,262,44.9,444
2025-05-22 15:00+00:00,14.9,17.2,263,112.9,444
2025-05-22 16:00+00:00,14.2,16.4,275,314.4,444
2025-05-22 17:00+00:00,13.4,9.9,268,233.3,444
2025-05-22 18:00+00:00,12.9,5.9,256,123.9,446
2025-05-22 19:00+00:00,10.9,8.3,274,56.3,448
2025-05-22 20:00+00:00,10.1,9.2,267,0.0,449
2025-05-22 21:00+00:00,9.2,11.0,269,0.0,449
2025-05-22 22:00+00:00,8.3,11.7,272,0.0,448
2025-05-22 23:00+00:00,7.8,16.8,273,0.0,447
2025-05-23 00:00+00:00,6.8,16.7,278,0.0,447
2025-05-23 01:00+00:00,5.5,13.7,268,0.0,448
2025-05-23 02:00+00:00,4.8,10.3,255,0.0,448
2025-05-23 03:00+00:00,4.1,8.5,238,0.0,449
2025-05-23 04:00+00:00,4.7,8.4,222,191.3,449
2025-05-23 05:00+00:00,6.0,8.4,214,495.8,449
2025-05-23 06:00+00:00,7.6,9.8,220,654.9,448
2025-05-23 07:00+00:00,9.2,10.7,222,753.4,446
2025-05-23 08:00+00:00,10.9,14.4,244,813.5,445
2025-05-23 09:00+00:00,12.0,16.0,247,578.7,444
2025-05-23 10:00+00:00,12.8,16.5,247,317.9,444
2025-05-23 11:00+00:00,13.4,15.4,241,231.6,444
2025-05-23 12:00+00:00,14.1,14.2,238,612.4,444
2025-05-23 13:00+00:00,14.2,13.9,241,716.3,444
2025-05-23 14:00+00:00,14.1,11.4,232,646.7,444
2025-05-23 15:00+00:00,14.7,10.9,218,788.7,445
2025-05-23 16:00+00:00,11.2,14.2,296,536.9,445
2025-05-23 17:00+00:00,11.2,3.1,183,396.0,446
2025-05-23 18:00+00:00,10.2,3.2,183,382.7,447
2025-05-23 19:00+00:00,8.7,3.4,186,77.6,447
2025-05-23 20:00+00:00,8.1,3.6,177,0.0,448
2025-05-23 21:00+00:00,7.3,5.1,207,0.0,448
2025-05-23 22:00+00:00,6.8,5.3,246,0.0,448
2025-05-23 23:00+00:00,6.3,6.2,248,0.0,448
2025-05-24 00:00+00:00,5.8,6.5,246,0.0,448
2025-05-24 01:00+00:00,4.1,6.5,236,0.0,449
2025-05-24 02:00+00:00,3.9,6.6,233,0.0,450
2025-05-24 03:00+00:00,3.7,6.4,225,0.0,451
2025-05-24 04:00+00:00,4.9,7.5,220,206.6,453
2025-05-24 05:00+00:00,6.6,7.7,221,491.0,453
2025-05-24 06:00+00:00,8.4,7.9,235,643.4,451
2025-05-24 07:00+00:00,10.4,8.1,245,737.2,448
2025-05-24 08:00+00:00,12.2,11.3,257,794.3,446
2025-05-24 09:00+00:00,13.1,12.0,261,597.4,445
2025-05-24 10:00+00:00,13.9,11.9,259,555.0,444
2025-05-24 11:00+00:00,14.4,13.7,259,576.7,444
2025-05-24 12:00+00:00,14.8,13.5,260,485.1,444
2025-05-24 13:00+00:00,14.6,13.5,256,90.4,444
2025-05-24 14:00+00:00,15.6,12.7,263,399.3,444
2025-05-24 15:00+00:00,15.4,10.6,268,176.3,444
2025-05-24 16:00+00:00,15.1,8.5,272,103.1,444
2025-05-24 17:00+00:00,14.8,6.2,277,90.7,445
2025-05-24 18:00+00:00,13.8,3.1,280,92.9,449
2025-05-24 19:00+00:00,12.2,2.3,231,43.7,454
2025-05-24 20:00+00:00,10.8,4.3,204,0.0,457
2025-05-24 21:00+00:00,9.4,4.9,188,0.0,455
2025-05-24 22:00+00:00,8.3,5.8,171,0.0,450
2025-05-24 23:00+00:00,7.9,6.5,167,0.0,446
2025-05-25 00:00+00:00,7.4,7.2,180,0.0,445
2025-05-25 01:00+00:00,6.4,8.8,168,0.0,444
2025-05-25 02:00+00:00,6.3,9.4,168,0.0,444
2025-05-25 03:00+00:00,6.0,9.0,170,0.0,443
2025-05-25 04:00+00:00,7.0,10.0,174,162.1,442
2025-05-25 05:00+00:00,8.8,10.5,158,300.4,441
2025-05-25 06:00+00:00,11.4,9.5,159,497.0,441
2025-05-25 07:00+00:00,14.4,10.6,165,704.2,442
2025-05-25 08:00+00:00,16.7,13.8,171,803.0,442
2025-05-25 09:00+00:00,18.0,15.0,173,840.2,442
2025-05-25 10:00+00:00,18.9,14.5,174,860.8,442
2025-05-25 11:00+00:00,19.5,14.6,179,866.3,442
2025-05-25 12:00+00:00,20.3,15.7,189,840.1,441
2025-05-25 13:00+00:00,20.2,14.7,191,348.4,440
2025-05-25 14:00+00:00,19.9,14.6,175,79.4,440
2025-05-25 15:00+00:00,19.7,13.9,170,75.5,441
2025-05-25 16:00+00:00,19.6,15.6,188,64.9,443
2025-05-25 17:00+00:00,18.5,14.1,219,33.0,444
2025-05-25 18:00+00:00,16.6,10.1,251,10.8,445
2025-05-25 19:00+00:00,15.4,7.1,234,0.0,446
2025-05-25 20:00+00:00,14.6,7.5,217,0.0,446
2025-05-25 21:00+00:00,13.9,7.3,208,0.0,445
2025-05-25 22:00+00:00,13.6,8.6,200,0.0,444
2025-05-25 23:00+00:00,13.1,9.0,200,0.0,443
2025-05-26 00:00+00:00,12.2,7.9,196,0.0,444
2025-05-26 01:00+00:00,12.0,7.5,195,0.0,446
2025-05-26 02:00+00:00,11.6,7.5,197,0.0,447
2025-05-26 03:00+00:00,11.6,7.6,194,0.0,447
2025-05-26 04:00+00:00,12.0,9.5,205,93.0,447
2025-05-26 05:00+00:00,12.8,8.7,228,12.6,447
2025-05-26 06:00+00:00,13.6,10.9,277,23.3,446
2025-05-26 07:00+00:00,14.3,11.9,302,19.0,445
2025-05-26 08:00+00:00,15.3,12.3,304,3.1,444
2025-05-26 09:00+00:00,16.3,12.8,308,22.6,443
2025-05-26 10:00+00:00,17.8,11.9,309,58.6,442
2025-05-26 11:00+00:00,15.9,14.7,297,70.5,442
2025-05-26 12:00+00:00,18.4,14.3,301,484.4,442
2025-05-26 13:00+00:00,16.1,12.3,323,146.3,443
2025-05-26 14:00+00:00,16.5,14.2,324,187.5,443
2025-05-26 15:00+00:00,17.5,12.8,326,535.2,442
2025-05-26 16:00+00:00,17.9,12.1,332,604.3,441
2025-05-26 17:00+00:00,17.5,9.7,326,420.1,443
2025-05-26 18:00+00:00,15.8,5.2,326,345.5,450
2025-05-26 19:00+00:00,13.8,3.5,321,85.0,458
2025-05-26 20:00+00:00,12.8,1.8,294,0.0,465
2025-05-26 21:00+00:00,11.8,2.0,260,0.0,467
2025-05-26 22:00+00:00,11.3,0.6,236,0.0,466
2025-05-26 23:00+00:00,10.6,1.1,189,0.0,465
2025-05-27 00:00+00:00,9.9,2.4,207,0.0,466
2025-05-27 01:00+00:00,8.8,2.0,190,0.0,467
2025-05-27 02:00+00:00,7.9,4.5,227,0.0,466
2025-05-27 03:00+00:00,7.9,3.4,238,0.0,462
2025-05-27 04:00+00:00,9.2,3.9,214,209.6,456
2025-05-27 05:00+00:00,11.6,3.8,180,436.9,451
2025-05-27 06:00+00:00,13.7,3.6,162,327.4,448
2025-05-27 07:00+00:00,16.0,4.7,173,622.2,446
2025-05-27 08:00+00:00,18.1,6.5,212,756.3,445
2025-05-27 09:00+00:00,19.2,10.7,237,786.4,444
2025-05-27 10:00+00:00,20.1,12.2,243,653.0,444
2025-05-27 11:00+00:00,20.9,14.2,241,580.6,444
2025-05-27 12:00+00:00,20.5,13.5,243,205.7,444
2025-05-27 13:00+00:00,21.0,14.1,242,247.1,443
2025-05-27 14:00+00:00,20.8,12.4,249,72.0,443
2025-05-27 15:00+00:00,21.1,13.0,267,252.9,443
2025-05-27 16:00+00:00,20.1,10.9,283,49.8,444
2025-05-27 17:00+00:00,19.6,8.7,278,224.9,445
2025-05-27 18:00+00:00,17.8,4.2,260,383.0,449
2025-05-27 19:00+00:00,15.6,4.6,239,94.3,453
2025-05-27 20:00+00:00,14.5,4.9,231,0.0,455
2025-05-27 21:00+00:00,13.4,5.6,197,0.0,452
2025-05-27 22:00+00:00,12.8,6.9,194,0.0,446
2025-05-27 23:00+00:00,13.0,7.6,198,0.0,442
2025-05-28 00:00+00:00,13.1,8.4,200,0.0,442
2025-05-28 01:00+00:00,12.2,10.0,197,0.0,443
2025-05-28 02:00+00:00,12.1,10.5,192,0.0,444
2025-05-28 03:00+00:00,12.1,10.9,209,0.0,444
2025-05-28 04:00+00:00,12.9,10.5,205,25.0,445
2025-05-28 05:00+00:00,13.9,8.8,184,33.0,445
2025-05-28 06:00+00:00,14.9,10.4,194,38.5,445
2025-05-28 07:00+00:00,15.6,10.1,179,7.5,445
2025-05-28 08:00+00:00,17.5,13.0,194,50.4,445
2025-05-28 09:00+00:00,18.4,15.3,211,26.5,445
2025-05-28 10:00+00:00,18.9,17.2,214,28.0,444
2025-05-28 11:00+00:00,18.5,16.8,226,22.2,444
2025-05-28 12:00+00:00,17.9,19.4,235,29.5,444
2025-05-28 13:00+00:00,15.9,16.0,231,6.2,444
2025-05-28 14:00+00:00,15.2,12.4,228,0.0,444
2025-05-28 15:00+00:00,15.6,11.1,230,6.5,445
2025-05-28 16:00+00:00,16.2,7.7,231,4.1,446
2025-05-28 17:00+00:00,15.1,12.2,268,55.9,446
2025-05-28 18:00+00:00,14.9,12.5,282,145.1,445
2025-05-28 19:00+00:00,13.9,12.1,281,82.8,444
2025-05-28 20:00+00:00,13.4,11.7,281,0.0,443
2025-05-28 21:00+00:00,13.1,11.2,281,0.0,442
2025-05-28 22:00+00:00,13.0,13.6,290,0.0,442
2025-05-28 23:00+00:00,12.4,15.5,299,0.0,442
2025-05-29 00:00+00:00,11.9,15.9,309,0.0,442
2025-05-29 01:00+00:00,12.1,17.4,315,0.0,443
2025-05-29 02:00+00:00,11.7,16.6,309,0.0,443
2025-05-29 03:00+00:00,11.2,16.5,308,0.0,443
2025-05-29 04:00+00:00,11.1,16.7,307,41.3,443
2025-05-29 05:00+00:00,11.5,15.8,306,135.3,443
2025-05-29 06:00+00:00,12.6,16.3,312,235.2,442
2025-05-29 07:00+00:00,14.4,18.9,312,692.1,441
2025-05-29 08:00+00:00,15.7,20.0,315,721.0,440
2025-05-29 09:00+00:00,17.1,22.7,324,840.5,440
2025-05-29 10:00+00:00,17.6,22.9,320,563.5,440
2025-05-29 11:00+00:00,17.5,21.4,319,330.9,440
2025-05-29 12:00+00:00,17.6,21.6,319,143.7,440
2025-05-29 13:00+00:00,17.4,20.0,315,239.9,441
2025-05-29 14:00+00:00,17.8,18.1,308,365.3,441
2025-05-29 15:00+00:00,17.7,19.3,307,364.8,441
2025-05-29 16:00+00:00,17.5,18.2,306,580.1,441
2025-05-29 17:00+00:00,16.5,13.4,305,73.0,441
2025-05-29 18:00+00:00,15.5,11.1,309,383.9,442
2025-05-29 19:00+00:00,13.6,7.8,304,71.6,443
2025-05-29 20:00+00:00,12.5,6.4,292,0.0,446
2025-05-29 21:00+00:00,11.6,6.1,273,0.0,451
2025-05-29 22:00+00:00,11.1,4.8,292,0.0,457
2025-05-29 23:00+00:00,11.2,1.5,330,0.0,460
2025-05-30 00:00+00:00,11.3,1.4,180,0.0,457
2025-05-30 01:00+00:00,11.0,4.8,193,0.0,452
2025-05-30 02:00+00:00,9.6,6.1,210,0.0,448
2025-05-30 03:00+00:00,11.2,8.3,237,0.0,447
2025-05-30 04:00+00:00,11.8,8.1,227,0.0,448
2025-05-30 05:00+00:00,12.1,9.4,210,0.0,448
2025-05-30 06:00+00:00,12.8,8.4,189,5.1,447
2025-05-30 07:00+00:00,13.1,10.7,209,0.0,445
2025-05-30 08:00+00:00,14.4,12.4,213,4.6,443
2025-05-30 09:00+00:00,15.3,14.5,234,30.4,442
2025-05-30 10:00+00:00,16.3,13.9,251,7.3,442
2025-05-30 11:00+00:00,17.2,12.8,259,3.5,441
2025-05-30 12:00+00:00,18.2,10.5,257,120.0,440
2025-05-30 13:00+00:00,19.6,10.8,259,338.7,439
2025-05-30 14:00+00:00,21.2,16.0,284,608.0,439
2025-05-30 15:00+00:00,21.0,14.0,283,518.9,439
2025-05-30 16:00+00:00,21.1,12.3,274,487.6,439
2025-05-30 17:00+00:00,20.9,9.2,269,441.1,441
2025-05-30 18:00+00:00,19.9,8.7,274,288.4,445
2025-05-30 19:00+00:00,17.8,6.3,277,80.8,450
2025-05-30 20:00+00:00,16.8,5.8,261,0.0,453
2025-05-30 21:00+00:00,16.2,5.2,272,0.0,453
2025-05-30 22:00+00:00,15.4,5.5,289,0.0,450
2025-05-30 23:00+00:00,14.4,6.0,265,0.0,449
2025-05-31 00:00+00:00,14.6,6.1,267,0.0,450
2025-05-31 01:00+00:00,14.9,6.4,280,0.0,452
2025-05-31 02:00+00:00,13.9,5.8,274,0.0,453
2025-05-31 03:00+00:00,13.7,6.0,273,0.0,452
2025-05-31 04:00+00:00,14.9,7.5,260,179.3,450
2025-05-31 05:00+00:00,16.6,7.9,250,404.8,448
2025-05-31 06:00+00:00,18.0,7.5,253,218.3,446
2025-05-31 07:00+00:00,19.7,11.3,272,679.3,445
2025-05-31 08:00+00:00,20.8,12.6,281,653.0,444
2025-05-31 09:00+00:00,21.3,16.6,288,641.3,444
2025-05-31 10:00+00:00,22.0,15.8,291,644.2,444
2025-05-31 11:00+00:00,23.1,13.8,288,706.4,444
2025-05-31 12:00+00:00,24.0,15.3,289,730.4,444
2025-05-31 13:00+00:00,23.8,14.5,300,744.3,444
2025-05-31 14:00+00:00,23.9,13.6,293,672.5,444
2025-05-31 15:00+00:00,23.8,13.3,297,543.2,444
2025-05-31 16:00+00:00,23.4,11.1,309,487.7,445
2025-05-31 17:00+00:00,21.8,10.1,348,274.0,446
2025-05-31 18:00+00:00,20.0,5.6,360,335.1,448
2025-05-31 19:00+00:00,18.1,5.9,12,30.0,449
2025-05-31 20:00+00:00,17.6,5.9,31,0.0,450
2025-05-31 21:00+00:00,16.7,5.1,63,0.0,449
2025-05-31 22:00+00:00,15.6,5.8,76,0.0,446
2025-05-31 23:00+00:00,14.9,5.8,86,0.0,444
2025-06-01 00:00+00:00,14.4,6.3,70,0.0,444
2025-06-01 01:00+00:00,13.9,6.8,92,0.0,444
2025-06-01 02:00+00:00,13.2,7.2,96,0.0,444
2025-06-01 03:00+00:00,12.6,6.3,108,0.0,443
2025-06-01 04:00+00:00,14.0,8.8,116,162.0,442
2025-06-01 05:00+00:00,15.6,8.1,135,245.5,441
2025-06-01 06:00+00:00,17.9,8.7,133,579.3,441
2025-06-01 07:00+00:00,20.3,9.8,130,689.1,442
2025-06-01 08:00+00:00,22.2,11.1,140,595.9,442
2025-06-01 09:00+00:00,23.5,12.1,170,670.7,441
2025-06-01 10:00+00:00,21.9,11.6,139,180.2,439
2025-06-01 11:00+00:00,24.9,12.8,163,653.1,437
2025-06-01 12:00+00:00,25.5,14.2,181,394.0,436
2025-06-01 13:00+00:00,23.5,8.7,159,123.6,436
2025-06-01 14:00+00:00,22.7,14.7,199,279.4,435
2025-06-01 15:00+00:00,19.2,3.0,163,0.0,434
2025-06-01 16:00+00:00,20.6,5.5,171,477.7,433
2025-06-01 17:00+00:00,20.7,9.1,172,444.5,432
2025-06-01 18:00+00:00,20.2,8.0,196,306.8,433
2025-06-01 19:00+00:00,18.9,7.9,215,98.8,434
2025-06-01 20:00+00:00,18.8,10.1,230,0.0,436
2025-06-01 21:00+00:00,18.2,8.0,242,0.0,439
2025-06-01 22:00+00:00,17.2,11.3,245,0.0,444
2025-06-01 23:00+00:00,17.7,13.7,257,0.0,447
2025-06-02 00:00+00:00,17.0,13.1,263,0.0,449
2025-06-02 01:00+00:00,15.9,14.1,259,0.0,451
2025-06-02 02:00+00:00,15.6,13.1,278,0.0,451
2025-06-02 03:00+00:00,15.2,10.3,282,0.0,449
2025-06-02 04:00+00:00,15.4,11.0,280,161.1,445
2025-06-02 05:00+00:00,16.0,12.8,298,52.0,442
2025-06-02 06:00+00:00,16.9,10.8,300,428.8,441
2025-06-02 07:00+00:00,18.2,8.6,290,667.2,442
2025-06-02 08:00+00:00,19.2,10.5,290,644.9,442
2025-06-02 09:00+00:00,19.9,10.0,284,347.4,442
2025-06-02 10:00+00:00,20.0,13.2,273,101.4,441
2025-06-02 11:00+00:00,20.4,12.4,272,88.4,441
2025-06-02 12:00+00:00,19.8,11.7,249,18.7,441
2025-06-02 13:00+00:00,20.8,11.9,269,610.9,441
2025-06-02 14:00+00:00,20.8,7.9,273,352.6,441
2025-06-02 15:00+00:00,20.1,7.6,278,86.6,441
2025-06-02 16:00+00:00,20.0,6.8,272,376.6,442
2025-06-02 17:00+00:00,18.9,6.0,307,290.8,444
2025-06-02 18:00+00:00,17.9,5.2,14,49.0,448
2025-06-02 19:00+00:00,16.4,4.6,39,29.3,452
2025-06-02 20:00+00:00,15.2,2.7,86,0.0,456
2025-06-02 21:00+00:00,15.1,4.9,123,0.0,458
2025-06-02 22:00+00:00,14.6,5.3,135,0.0,460
2025-06-02 23:00+00:00,14.0,4.7,140,0.0,460
2025-06-03 00:00+00:00,14.1,3.6,162,0.0,457
2025-06-03 01:00+00:00,13.3,5.6,153,0.0,453
2025-06-03 02:00+00:00,13.4,2.0,185,0.0,449
2025-06-03 03:00+00:00,13.3,5.9,329,0.0,447
2025-06-03 04:00+00:00,13.6,0.9,53,80.2,447
2025-06-03 05:00+00:00,14.4,2.3,238,87.6,446
2025-06-03 06:00+00:00,15.4,4.6,13,244.0,444
2025-06-03 07:00+00:00,16.7,4.0,72,293.9,442
2025-06-03 08:00+00:00,18.3,1.6,117,435.4,441
2025-06-03 09:00+00:00,19.8,5.6,303,730.7,441
2025-06-03 10:00+00:00,20.6,6.9,309,753.9,442
2025-06-03 11:00+00:00,20.9,8.7,288,631.7,442
2025-06-03 12:00+00:00,21.2,9.7,285,656.0,442
2025-06-03 13:00+00:00,21.9,12.8,285,755.4,441
2025-06-03 14:00+00:00,22.0,11.4,286,791.1,441
2025-06-03 15:00+00:00,21.9,9.5,302,754.7,441
2025-06-03 16:00+00:00,21.8,6.9,327,716.3,441
2025-06-03 17:00+00:00,21.2,3.7,346,604.0,441
2025-06-03 18:00+00:00,19.4,6.3,37,426.6,442
2025-06-03 19:00+00:00,17.2,7.4,64,145.1,442
2025-06-03 20:00+00:00,15.5,6.6,107,0.0,443
2025-06-03 21:00+00:00,15.7,8.7,130,0.0,444
2025-06-03 22:00+00:00,15.9,11.3,132,0.0,444
2025-06-03 23:00+00:00,15.8,11.3,143,0.0,444
2025-06-04 00:00+00:00,15.4,11.3,144,0.0,442
2025-06-04 01:00+00:00,15.4,9.8,157,0.0,439
2025-06-04 02:00+00:00,14.9,9.7,149,0.0,436
2025-06-04 03:00+00:00,14.8,10.2,149,0.0,434
2025-06-04 04:00+00:00,15.6,11.2,148,175.5,433
2025-06-04 05:00+00:00,17.0,8.9,151,309.4,432
2025-06-04 06:00+00:00,18.7,9.2,154,381.4,432
2025-06-04 07:00+00:00,21.1,10.1,168,622.1,433
2025-06-04 08:00+00:00,23.2,12.1,176,753.4,434
2025-06-04 09:00+00:00,24.8,14.7,188,794.2,435
2025-06-04 10:00+00:00,25.5,17.5,194,766.4,436
2025-06-04 11:00+00:00,26.1,17.4,191,675.1,437
2025-06-04 12:00+00:00,26.8,17.3,196,763.8,438
2025-06-04 13:00+00:00,27.0,16.5,202,573.3,438
2025-06-04 14:00+00:00,23.8,21.6,208,499.6,439
2025-06-04 15:00+00:00,25.0,14.9,211,199.4,441
2025-06-04 16:00+00:00,25.6,14.3,190,611.2,443
2025-06-04 17:00+00:00,24.6,13.8,191,253.8,445
2025-06-04 18:00+00:00,21.0,9.7,219,4.8,445
2025-06-04 19:00+00:00,19.4,12.7,264,0.0,445
2025-06-04 20:00+00:00,18.2,4.2,200,0.0,444
2025-06-04 21:00+00:00,18.0,5.6,176,0.0,443
2025-06-04 22:00+00:00,17.2,5.9,180,0.0,441
2025-06-04 23:00+00:00,16.8,5.9,215,0.0,440
2025-06-05 00:00+00:00,16.8,5.2,214,0.0,440
2025-06-05 01:00+00:00,17.1,11.0,170,0.0,441
2025-06-05 02:00+00:00,16.6,4.7,254,0.0,442
2025-06-05 03:00+00:00,16.5,11.3,262,0.0,442
2025-06-05 04:00+00:00,16.4,7.6,270,0.0,442
2025-06-05 05:00+00:00,16.5,8.5,266,7.9,442
2025-06-05 06:00+00:00,18.1,8.0,243,142.7,441
2025-06-05 07:00+00:00,19.5,11.0,249,517.3,441
2025-06-05 08:00+00:00,20.2,13.0,250,565.5,440
2025-06-05 09:00+00:00,21.4,12.3,241,608.5,439
2025-06-05 10:00+00:00,22.0,12.8,239,431.0,438
2025-06-05 11:00+00:00,22.8,11.4,237,655.8,438
2025-06-05 12:00+00:00,23.6,11.4,233,781.5,438
2025-06-05 13:00+00:00,23.5,13.1,233,217.5,439
2025-06-05 14:00+00:00,23.6,14.3,227,282.6,439
2025-06-05 15:00+00:00,23.2,12.5,225,515.5,439
2025-06-05 16:00+00:00,22.6,16.2,224,282.5,439
2025-06-05 17:00+00:00,19.6,11.5,247,0.0,439
2025-06-05 18:00+00:00,19.4,4.6,257,147.5,439
2025-06-05 19:00+00:00,17.6,5.2,209,113.9,438
2025-06-05 20:00+00:00,16.8,5.6,187,0.0,438
2025-06-05 21:00+00:00,17.0,9.4,175,0.0,437
2025-06-05 22:00+00:00,17.1,10.6,189,0.0,437
2025-06-05 23:00+00:00,17.4,12.3,205,0.0,437
2025-06-06 00:00+00:00,16.4,8.5,215,0.0,439
2025-06-06 01:00+00:00,15.1,7.7,216,0.0,441
2025-06-06 02:00+00:00,14.6,8.3,207,0.0,443
2025-06-06 03:00+00:00,14.4,8.2,206,0.0,443
2025-06-06 04:00+00:00,15.0,9.1,190,87.1,442
2025-06-06 05:00+00:00,15.8,9.4,180,31.5,440
2025-06-06 06:00+00:00,16.9,10.6,179,50.0,438
2025-06-06 07:00+00:00,17.5,12.8,174,18.5,435
2025-06-06 08:00+00:00,19.2,16.0,177,159.7,433
2025-06-06 09:00+00:00,21.5,23.8,215,678.7,434
2025-06-06 10:00+00:00,22.1,21.6,226,197.2,436
2025-06-06 11:00+00:00,22.5,23.5,229,316.0,437
2025-06-06 12:00+00:00,23.6,16.5,219,305.2,437
2025-06-06 13:00+00:00,20.3,25.4,245,217.2,435
2025-06-06 14:00+00:00,19.2,12.7,223,109.9,435
2025-06-06 15:00+00:00,21.5,15.1,232,503.2,436
2025-06-06 16:00+00:00,20.8,12.0,238,153.8,438
2025-06-06 17:00+00:00,20.9,20.6,258,343.5,440
2025-06-06 18:00+00:00,19.3,12.1,287,292.4,443
2025-06-06 19:00+00:00,18.5,7.9,283,18.8,446
2025-06-06 20:00+00:00,17.2,4.7,272,0.0,448
2025-06-06 21:00+00:00,16.5,3.4,212,0.0,448
2025-06-06 22:00+00:00,15.4,5.2,186,0.0,448
2025-06-06 23:00+00:00,14.9,6.1,204,0.0,447
2025-06-07 00:00+00:00,15.1,7.5,215,0.0,447
2025-06-07 01:00+00:00,14.2,6.5,161,0.0,446
2025-06-07 02:00+00:00,14.1,6.2,187,0.0,445
2025-06-07 03:00+00:00,14.1,9.6,201,0.0,443
2025-06-07 04:00+00:00,14.9,10.7,203,189.3,442
2025-06-07 05:00+00:00,16.4,9.4,204,423.7,440
2025-06-07 06:00+00:00,18.0,9.8,203,546.1,439
2025-06-07 07:00+00:00,19.5,10.4,201,689.8,439
2025-06-07 08:00+00:00,20.9,13.0,204,746.4,438
2025-06-07 09:00+00:00,21.6,15.3,210,513.1,437
2025-06-07 10:00+00:00,22.0,15.3,199,271.6,435
2025-06-07 11:00+00:00,21.0,13.4,200,4.6,434
2025-06-07 12:00+00:00,20.1,14.6,204,24.4,432
2025-06-07 13:00+00:00,19.8,15.5,177,4.9,430
2025-06-07 14:00+00:00,19.8,16.9,187,6.8,429
2025-06-07 15:00+00:00,19.7,17.3,182,33.3,429
2025-06-07 16:00+00:00,19.5,12.9,188,6.0,430
2025-06-07 17:00+00:00,16.8,16.1,254,250.2,431
2025-06-07 18:00+00:00,15.9,12.9,224,42.1,433
2025-06-07 19:00+00:00,15.9,11.7,200,0.0,436
2025-06-07 20:00+00:00,15.6,14.7,208,0.0,439
2025-06-07 21:00+00:00,15.2,11.1,228,0.0,441
2025-06-07 22:00+00:00,14.8,11.6,222,0.0,442
2025-06-07 23:00+00:00,14.5,13.9,239,0.0,443
2025-06-08 00:00+00:00,13.8,12.6,241,0.0,444
2025-06-08 01:00+00:00,13.3,11.2,226,0.0,444
2025-06-08 02:00+00:00,13.0,10.7,220,0.0,444
2025-06-08 03:00+00:00,12.8,11.1,216,0.0,442
2025-06-08 04:00+00:00,13.4,10.8,212,220.2,439
2025-06-08 05:00+00:00,14.6,10.5,205,442.0,437
2025-06-08 06:00+00:00,15.9,11.1,207,303.7,436
2025-06-08 07:00+00:00,17.6,10.6,204,624.4,436
2025-06-08 08:00+00:00,19.3,14.0,202,766.8,435
2025-06-08 09:00+00:00,20.1,16.9,192,596.5,434
2025-06-08 10:00+00:00,20.0,15.9,184,70.8,432
2025-06-08 11:00+00:00,17.3,19.8,187,600.8,431
2025-06-08 12:00+00:00,18.4,17.0,184,184.9,431
2025-06-08 13:00+00:00,16.4,17.0,167,265.5,430
2025-06-08 14:00+00:00,18.8,19.0,208,154.1,431
2025-06-08 15:00+00:00,18.1,18.7,241,619.6,432
2025-06-08 16:00+00:00,17.2,18.5,229,154.9,434
2025-06-08 17:00+00:00,17.0,19.0,245,489.8,436
2025-06-08 18:00+00:00,16.2,19.0,250,315.6,437
2025-06-08 19:00+00:00,15.5,20.5,260,120.4,438
2025-06-08 20:00+00:00,14.6,23.8,268,0.0,439
2025-06-08 21:00+00:00,13.7,21.8,266,0.0,439
2025-06-08 22:00+00:00,13.1,21.7,264,0.0,439
2025-06-08 23:00+00:00,12.4,21.1,265,0.0,439
2025-06-09 00:00+00:00,11.9,21.8,269,0.0,439
2025-06-09 01:00+00:00,11.1,21.3,265,0.0,440
2025-06-09 02:00+00:00,10.7,21.3,266,0.0,440
2025-06-09 03:00+00:00,10.6,19.9,265,0.0,439
2025-06-09 04:00+00:00,10.8,24.0,273,54.9,438
2025-06-09 05:00+00:00,11.4,21.8,271,214.6,437
2025-06-09 06:00+00:00,12.4,20.5,277,400.3,437
2025-06-09 07:00+00:00,13.3,18.8,275,540.8,437
2025-06-09 08:00+00:00,14.5,19.5,275,626.5,438
2025-06-09 09:00+00:00,15.0,20.9,273,562.1,439
2025-06-09 10:00+00:00,15.8,22.3,269,478.7,440
2025-06-09 11:00+00:00,14.9,21.3,272,10.4,440
2025-06-09 12:00+00:00,16.4,22.9,274,762.0,440
2025-06-09 13:00+00:00,16.0,22.7,277,645.4,439
2025-06-09 14:00+00:00,16.0,23.8,277,715.5,438
2025-06-09 15:00+00:00,15.7,20.7,278,608.9,438
2025-06-09 16:00+00:00,15.4,16.8,279,580.1,438
2025-06-09 17:00+00:00,15.2,12.4,271,485.0,438
2025-06-09 18:00+00:00,14.2,7.9,257,386.9,439
2025-06-09 19:00+00:00,12.1,6.4,245,156.3,441
2025-06-09 20:00+00:00,11.4,6.7,239,0.0,442
2025-06-09 21:00+00:00,11.4,7.7,240,0.0,443
2025-06-09 22:00+00:00,10.9,7.1,227,0.0,443
2025-06-09 23:00+00:00,10.3,7.0,212,0.0,443
2025-06-10 00:00+00:00,10.1,7.6,199,0.0,443
2025-06-10 01:00+00:00,9.2,8.0,196,0.0,444
2025-06-10 02:00+00:00,8.9,8.3,191,0.0,443
2025-06-10 03:00+00:00,9.2,8.9,188,0.0,440
2025-06-10 04:00+00:00,10.1,9.4,178,219.1,437
2025-06-10 05:00+00:00,11.4,8.7,166,237.5,434
2025-06-10 06:00+00:00,12.6,9.3,164,104.3,432
2025-06-10 07:00+00:00,14.4,9.8,166,66.4,432
2025-06-10 08:00+00:00,17.1,12.3,176,363.4,431
2025-06-10 09:00+00:00,19.0,16.8,190,607.5,431
2025-06-10 10:00+00:00,17.9,15.7,185,66.0,431
2025-06-10 11:00+00:00,18.5,16.6,185,46.1,431
2025-06-10 12:00+00:00,18.9,19.6,200,135.8,432
2025-06-10 13:00+00:00,19.3,19.6,205,129.4,434
2025-06-10 14:00+00:00,19.0,16.0,213,22.9,435
2025-06-10 15:00+00:00,18.2,9.3,217,4.7,435
2025-06-10 16:00+00:00,18.5,12.1,215,128.4,434
2025-06-10 17:00+00:00,15.6,7.7,189,0.0,434
2025-06-10 18:00+00:00,15.4,7.4,173,13.7,434
2025-06-10 19:00+00:00,15.1,6.7,218,0.0,434
2025-06-10 20:00+00:00,14.1,2.4,234,0.0,435
2025-06-10 21:00+00:00,13.4,2.3,299,0.0,437
2025-06-10 22:00+00:00,13.1,9.4,220,0.0,438
2025-06-10 23:00+00:00,13.0,14.3,251,0.0,440
2025-06-11 00:00+00:00,12.4,13.1,252,0.0,441
2025-06-11 01:00+00:00,12.2,13.8,262,0.0,441
2025-06-11 02:00+00:00,12.4,15.5,262,0.0,441
2025-06-11 03:00+00:00,12.2,16.2,269,0.0,439
2025-06-11 04:00+00:00,12.4,16.6,272,148.4,437
2025-06-11 05:00+00:00,12.8,22.6,287,46.6,435
2025-06-11 06:00+00:00,13.3,24.1,294,114.1,434
2025-06-11 07:00+00:00,14.0,20.2,297,84.8,434
2025-06-11 08:00+00:00,14.9,21.7,302,207.1,434
2025-06-11 09:00+00:00,16.2,23.8,302,569.3,434
2025-06-11 10:00+00:00,17.1,25.0,300,560.9,435
2025-06-11 11:00+00:00,17.2,23.8,299,295.2,435
2025-06-11 12:00+00:00,17.9,25.1,301,386.1,435
2025-06-11 13:00+00:00,17.1,23.4,301,453.7,435
2025-06-11 14:00+00:00,17.5,21.3,303,327.2,435
2025-06-11 15:00+00:00,17.8,20.0,305,433.8,435
2025-06-11 16:00+00:00,17.5,17.5,309,397.9,434
2025-06-11 17:00+00:00,17.1,13.3,303,500.5,434
2025-06-11 18:00+00:00,16.0,11.5,299,422.7,435
2025-06-11 19:00+00:00,14.6,10.9,297,163.3,437
2025-06-11 20:00+00:00,13.5,10.8,306,0.0,439
2025-06-11 21:00+00:00,12.4,10.0,326,0.0,441
2025-06-11 22:00+00:00,11.2,7.8,337,0.0,442
2025-06-11 23:00+00:00,10.0,6.5,318,0.0,444
2025-06-12 00:00+00:00,9.9,7.2,307,0.0,446
2025-06-12 01:00+00:00,9.1,7.1,304,0.0,447
2025-06-12 02:00+00:00,9.1,8.4,305,0.0,447
2025-06-12 03:00+00:00,8.8,8.4,305,0.0,445
2025-06-12 04:00+00:00,9.6,8.4,310,257.3,441
2025-06-12 05:00+00:00,11.1,6.6,303,512.2,438
2025-06-12 06:00+00:00,12.9,7.3,314,654.5,438
2025-06-12 07:00+00:00,14.5,6.7,314,740.5,438
2025-06-12 08:00+00:00,16.1,6.3,305,795.1,439
2025-06-12 09:00+00:00,17.6,6.7,297,832.7,439
2025-06-12 10:00+00:00,18.9,8.1,317,857.7,439
2025-06-12 11:00+00:00,19.7,9.4,334,868.8,439
2025-06-12 12:00+00:00,20.1,10.4,339,867.9,438
2025-06-12 13:00+00:00,20.4,10.2,339,860.3,437
2025-06-12 14:00+00:00,20.5,11.0,339,828.3,436
2025-06-12 15:00+00:00,20.4,10.7,346,789.3,434
2025-06-12 16:00+00:00,19.9,10.9,354,660.4,432
2025-06-12 17:00+00:00,19.0,10.2,9,556.0,431
2025-06-12 18:00+00:00,17.1,10.2,24,438.3,433
2025-06-12 19:00+00:00,15.3,12.2,22,171.4,437
2025-06-12 20:00+00:00,14.1,14.0,32,0.0,440
2025-06-12 21:00+00:00,12.9,13.4,31,0.0,441
2025-06-12 22:00+00:00,11.6,11.2,38,0.0,440
2025-06-12 23:00+00:00,10.2,7.9,43,0.0,440
2025-06-13 00:00+00:00,8.6,5.9,38,0.0,441
2025-06-13 01:00+00:00,8.0,5.9,43,0.0,443
2025-06-13 02:00+00:00,7.2,5.4,42,0.0,443
2025-06-13 03:00+00:00,7.0,5.4,40,16.5,441
2025-06-13 04:00+00:00,8.4,7.0,23,264.8,438
2025-06-13 05:00+00:00,10.2,4.9,17,507.8,436
2025-06-13 06:00+00:00,12.3,6.2,26,651.6,436
2025-06-13 07:00+00:00,13.9,7.6,38,740.3,436
2025-06-13 08:00+00:00,15.4,6.1,40,796.4,437
2025-06-13 09:00+00:00,16.7,6.2,38,832.5,437
2025-06-13 10:00+00:00,17.9,6.6,41,853.8,437
2025-06-13 11:00+00:00,19.2,9.8,54,851.1,437
2025-06-13 12:00+00:00,19.5,9.5,57,560.5,437
2025-06-13 13:00+00:00,20.8,10.5,63,467.5,437
2025-06-13 14:00+00:00,20.9,10.1,71,416.4,437
2025-06-13 15:00+00:00,20.9,9.4,72,437.1,436
2025-06-13 16:00+00:00,20.5,9.5,68,360.9,435
2025-06-13 17:00+00:00,20.0,7.8,58,410.2,435
2025-06-13 18:00+00:00,18.5,6.0,44,382.0,436
2025-06-13 19:00+00:00,16.6,7.0,67,161.5,437
2025-06-13 20:00+00:00,15.9,8.8,94,0.0,437
2025-06-13 21:00+00:00,14.7,7.2,109,0.0,436
2025-06-13 22:00+00:00,13.6,6.6,103,0.0,434
2025-06-13 23:00+00:00,13.1,7.8,82,0.0,433
2025-06-14 00:00+00:00,12.5,8.9,81,0.0,433
2025-06-14 01:00+00:00,11.8,9.5,88,0.0,434
2025-06-14 02:00+00:00,11.2,8.5,91,0.0,434
2025-06-14 03:00+00:00,10.6,7.6,82,16.4,434
2025-06-14 04:00+00:00,11.4,7.6,71,249.0,433
2025-06-14 05:00+00:00,12.8,5.9,76,484.2,433
2025-06-14 06:00+00:00,14.8,5.6,83,634.1,434
2025-06-14 07:00+00:00,16.9,6.8,90,727.2,435
2025-06-14 08:00+00:00,18.5,7.9,93,788.7,436
2025-06-14 09:00+00:00,19.8,8.3,90,825.7,437
2025-06-14 10:00+00:00,20.9,9.0,90,842.7,438
2025-06-14 11:00+00:00,21.9,9.4,90,863.4,438
2025-06-14 12:00+00:00,22.6,9.0,92,863.4,438
2025-06-14 13:00+00:00,23.4,9.2,93,850.4,438
2025-06-14 14:00+00:00,23.9,8.2,98,826.5,438
2025-06-14 15:00+00:00,24.0,7.6,105,783.8,438
2025-06-14 16:00+00:00,23.7,7.4,108,718.4,438
2025-06-14 17:00+00:00,22.8,5.7,114,617.7,437
2025-06-14 18:00+00:00,20.8,5.0,120,456.1,436
2025-06-14 19:00+00:00,18.6,6.2,120,178.6,435
2025-06-14 20:00+00:00,17.0,7.2,109,0.0,434
2025-06-14 21:00+00:00,16.9,9.2,110,0.0,433
2025-06-14 22:00+00:00,16.4,10.5,117,0.0,432
2025-06-14 23:00+00:00,15.9,11.1,119,0.0,431
2025-06-15 00:00+00:00,15.1,8.4,130,0.0,431
2025-06-15 01:00+00:00,13.4,7.6,126,0.0,432
2025-06-15 02:00+00:00,13.4,9.8,122,0.0,432
2025-06-15 03:00+00:00,13.1,8.8,125,16.4,432
2025-06-15 04:00+00:00,13.9,8.4,130,256.6,431
2025-06-15 05:00+00:00,15.5,8.8,123,503.4,431
2025-06-15 06:00+00:00,17.5,8.6,123,648.8,431
2025-06-15 07:00+00:00,19.9,8.4,127,740.1,432
2025-06-15 08:00+00:00,22.5,8.3,131,797.6,433
2025-06-15 09:00+00:00,24.5,10.7,136,833.4,433
2025-06-15 10:00+00:00,25.9,11.1,134,856.9,434
2025-06-15 11:00+00:00,27.0,11.6,133,867.7,434
2025-06-15 12:00+00:00,27.6,11.7,134,778.5,434
2025-06-15 13:00+00:00,27.9,11.7,136,716.1,434
2025-06-15 14:00+00:00,28.1,12.0,136,749.4,434
2025-06-15 15:00+00:00,28.1,10.4,143,748.5,434
2025-06-15 16:00+00:00,27.5,9.1,150,717.1,435
2025-06-15 17:00+00:00,26.6,6.9,149,613.3,435
2025-06-15 18:00+00:00,24.8,6.6,139,449.6,435
2025-06-15 19:00+00:00,22.6,6.7,136,168.9,436
2025-06-15 20:00+00:00,21.8,6.7,144,0.0,436
2025-06-15 21:00+00:00,21.4,7.4,141,0.0,437
2025-06-15 22:00+00:00,20.5,7.6,144,0.0,438
2025-06-15 23:00+00:00,20.0,7.4,158,0.0,439
2025-06-16 00:00+00:00,19.7,7.3,171,0.0,442
2025-06-16 01:00+00:00,17.9,2.6,115,0.0,445
2025-06-16 02:00+00:00,17.0,1.0,225,0.0,446
2025-06-16 03:00+00:00,16.8,11.0,294,0.0,444
2025-06-16 04:00+00:00,16.6,16.8,314,23.3,440
2025-06-16 05:00+00:00,17.1,19.8,312,81.3,437
2025-06-16 06:00+00:00,17.4,19.1,317,0.0,437
2025-06-16 07:00+00:00,18.1,20.8,316,103.1,439
2025-06-16 08:00+00:00,19.0,22.1,310,52.5,439
2025-06-16 09:00+00:00,19.0,21.5,308,3.9,437
2025-06-16 10:00+00:00,18.9,22.4,312,14.4,435
2025-06-16 11:00+00:00,17.8,15.5,316,1.2,433
2025-06-16 12:00+00:00,17.9,13.5,314,3.5,434
2025-06-16 13:00+00:00,18.7,19.8,311,8.5,436
2025-06-16 14:00+00:00,18.8,16.5,309,4.0,437
2025-06-16 15:00+00:00,20.1,16.4,309,95.2,437
2025-06-16 16:00+00:00,19.7,19.7,312,68.3,437
2025-06-16 17:00+00:00,19.0,16.0,319,18.9,437
2025-06-16 18:00+00:00,18.4,12.3,328,31.0,439
2025-06-16 19:00+00:00,17.2,7.6,326,0.0,441
2025-06-16 20:00+00:00,16.0,6.9,298,0.0,443
2025-06-16 21:00+00:00,15.6,8.4,298,0.0,444
2025-06-16 22:00+00:00,15.0,8.6,292,0.0,444
2025-06-16 23:00+00:00,14.8,9.7,289,0.0,444
2025-06-17 00:00+00:00,14.4,10.1,281,0.0,444
2025-06-17 01:00+00:00,13.4,10.5,275,0.0,444
2025-06-17 02:00+00:00,13.1,10.3,271,0.0,443
2025-06-17 03:00+00:00,12.8,10.1,270,16.4,441
2025-06-17 04:00+00:00,13.6,11.0,275,210.0,440
2025-06-17 05:00+00:00,14.9,10.8,275,429.9,438
2025-06-17 06:00+00:00,16.4,15.7,295,428.6,437
2025-06-17 07:00+00:00,17.5,16.3,297,427.2,437
2025-06-17 08:00+00:00,18.6,16.5,299,416.9,437
2025-06-17 09:00+00:00,19.8,15.5,302,326.1,437
2025-06-17 10:00+00:00,21.5,15.4,311,563.5,437
2025-06-17 11:00+00:00,21.9,13.1,302,423.3,437
2025-06-17 12:00+00:00,23.0,12.7,297,773.2,437
2025-06-17 13:00+00:00,22.9,11.9,301,788.1,437
2025-06-17 14:00+00:00,23.3,10.7,301,781.6,437
2025-06-17 15:00+00:00,23.8,10.8,318,664.2,436
2025-06-17 16:00+00:00,23.8,10.4,316,559.1,436
2025-06-17 17:00+00:00,22.8,7.4,299,546.0,437
2025-06-17 18:00+00:00,21.2,6.1,294,393.2,442
2025-06-17 19:00+00:00,19.1,5.7,311,158.8,448
2025-06-17 20:00+00:00,18.4,4.8,285,0.0,452
2025-06-17 21:00+00:00,17.8,4.5,254,0.0,451
2025-06-17 22:00+00:00,16.8,6.0,224,0.0,448
2025-06-17 23:00+00:00,16.5,6.7,211,0.0,446
2025-06-18 00:00+00:00,15.9,6.6,221,0.0,445
2025-06-18 01:00+00:00,14.9,6.6,235,0.0,444
2025-06-18 02:00+00:00,14.3,6.5,242,0.0,445
2025-06-18 03:00+00:00,14.4,6.5,228,16.4,448
2025-06-18 04:00+00:00,15.6,7.8,220,241.3,452
2025-06-18 05:00+00:00,17.0,7.1,223,461.2,454
2025-06-18 06:00+00:00,18.9,8.0,230,535.4,453
2025-06-18 07:00+00:00,21.0,9.6,250,431.1,449
2025-06-18 08:00+00:00,22.5,11.4,266,280.5,446
2025-06-18 09:00+00:00,24.2,14.5,284,743.5,444
2025-06-18 10:00+00:00,25.2,16.7,282,771.7,441
2025-06-18 11:00+00:00,26.1,19.5,274,785.5,440
2025-06-18 12:00+00:00,26.3,22.7,286,521.1,440
2025-06-18 13:00+00:00,25.6,22.4,287,330.1,440
2025-06-18 14:00+00:00,25.3,20.1,304,234.1,440
2025-06-18 15:00+00:00,23.9,19.2,324,338.0,440
2025-06-18 16:00+00:00,23.8,15.5,316,153.7,439
2025-06-18 17:00+00:00,22.4,16.6,323,475.2,439
2025-06-18 18:00+00:00,21.2,14.0,330,92.5,440
2025-06-18 19:00+00:00,19.9,11.3,333,26.4,441
2025-06-18 20:00+00:00,18.4,8.3,327,0.0,443
2025-06-18 21:00+00:00,17.0,5.0,319,0.0,446
2025-06-18 22:00+00:00,16.0,4.3,312,0.0,449
2025-06-18 23:00+00:00,15.8,3.1,280,0.0,451
2025-06-19 00:00+00:00,15.1,4.8,239,0.0,451
2025-06-19 01:00+00:00,15.8,4.0,212,0.0,449
2025-06-19 02:00+00:00,15.4,5.7,235,0.0,447
2025-06-19 03:00+00:00,15.9,8.6,270,0.0,445
2025-06-19 04:00+00:00,16.3,11.6,292,124.7,444
2025-06-19 05:00+00:00,16.9,14.7,307,326.0,442
2025-06-19 06:00+00:00,17.2,16.1,310,513.5,440
2025-06-19 07:00+00:00,17.9,16.4,310,617.5,439
2025-06-19 08:00+00:00,18.9,18.8,306,687.2,438
2025-06-19 09:00+00:00,19.6,20.5,299,705.8,438
2025-06-19 10:00+00:00,20.5,23.2,301,753.8,438
2025-06-19 11:00+00:00,20.9,24.7,302,785.4,439
2025-06-19 12:00+00:00,21.2,26.9,308,802.9,439
2025-06-19 13:00+00:00,20.4,25.8,305,686.7,440
2025-06-19 14:00+00:00,20.0,25.3,308,552.1,440
2025-06-19 15:00+00:00,19.8,23.7,313,406.2,440
2025-06-19 16:00+00:00,19.6,23.0,315,472.2,439
2025-06-19 17:00+00:00,18.7,21.6,319,428.8,439
2025-06-19 18:00+00:00,17.8,19.8,326,324.9,439
2025-06-19 19:00+00:00,16.4,15.1,328,149.1,440
2025-06-19 20:00+00:00,15.2,12.1,323,0.0,441
2025-06-19 21:00+00:00,14.1,9.8,324,0.0,441
2025-06-19 22:00+00:00,13.3,9.2,318,0.0,442
2025-06-19 23:00+00:00,12.6,8.9,308,0.0,442
2025-06-20 00:00+00:00,12.1,9.4,294,0.0,443
2025-06-20 01:00+00:00,10.7,10.0,290,0.0,444
2025-06-20 02:00+00:00,10.4,10.3,295,0.0,445
2025-06-20 03:00+00:00,10.2,10.0,296,16.5,444
2025-06-20 04:00+00:00,11.1,10.4,291,249.7,443
2025-06-20 05:00+00:00,12.6,9.9,286,489.7,442
2025-06-20 06:00+00:00,14.4,11.4,295,638.2,441
2025-06-20 07:00+00:00,16.1,13.6,304,736.0,440
2025-06-20 08:00+00:00,17.5,15.2,307,797.1,439
2025-06-20 09:00+00:00,18.8,15.7,320,788.3,439
2025-06-20 10:00+00:00,19.6,15.1,328,671.3,438
2025-06-20 11:00+00:00,20.4,14.0,334,617.5,438
2025-06-20 12:00+00:00,19.9,13.9,333,140.9,438
2025-06-20 13:00+00:00,19.5,14.1,328,41.2,437
2025-06-20 14:00+00:00,20.5,14.3,326,315.3,437
2025-06-20 15:00+00:00,20.3,14.1,329,391.9,437
2025-06-20 16:00+00:00,20.3,13.3,339,425.1,437
2025-06-20 17:00+00:00,19.8,10.9,340,454.8,437
2025-06-20 18:00+00:00,18.5,8.7,339,433.5,438
2025-06-20 19:00+00:00,16.8,9.4,353,183.7,440
2025-06-20 20:00+00:00,15.2,8.2,8,0.0,442
2025-06-20 21:00+00:00,13.8,6.9,15,0.0,445
2025-06-20 22:00+00:00,12.4,6.2,22,0.0,450
2025-06-20 23:00+00:00,11.8,4.4,52,0.0,452
2025-06-21 00:00+00:00,11.1,3.4,90,0.0,452
2025-06-21 01:00+00:00,8.9,3.5,111,0.0,450
2025-06-21 02:00+00:00,8.7,3.4,162,0.0,448
2025-06-21 03:00+00:00,8.8,4.2,187,16.5,445
2025-06-21 04:00+00:00,10.6,5.2,209,258.0,441
2025-06-21 05:00+00:00,12.6,5.5,203,502.4,438
2025-06-21 06:00+00:00,14.9,5.6,209,644.0,437
2025-06-21 07:00+00:00,17.4,7.0,226,734.8,438
2025-06-21 08:00+00:00,19.4,8.9,241,793.1,438
2025-06-21 09:00+00:00,20.9,9.9,245,814.7,438
2025-06-21 10:00+00:00,22.0,10.4,250,812.7,439
2025-06-21 11:00+00:00,23.0,10.3,254,851.0,439
2025-06-21 12:00+00:00,23.8,10.9,258,860.4,440
2025-06-21 13:00+00:00,24.9,11.9,267,845.2,440
2025-06-21 14:00+00:00,25.2,11.9,276,818.6,441
2025-06-21 15:00+00:00,25.3,12.3,278,780.2,442
2025-06-21 16:00+00:00,25.1,11.2,270,715.6,443
2025-06-21 17:00+00:00,24.5,9.0,269,609.2,444
2025-06-21 18:00+00:00,22.6,6.8,268,445.7,446
2025-06-21 19:00+00:00,20.5,6.1,284,174.6,448
2025-06-21 20:00+00:00,19.4,4.2,263,0.0,450
2025-06-21 21:00+00:00,18.0,6.9,247,0.0,451
2025-06-21 22:00+00:00,18.2,8.0,260,0.0,452
2025-06-21 23:00+00:00,18.0,9.0,268,0.0,453
2025-06-22 00:00+00:00,17.9,10.3,281,0.0,454
2025-06-22 01:00+00:00,14.8,6.8,305,0.0,456
2025-06-22 02:00+00:00,13.9,6.4,302,0.0,456
2025-06-22 03:00+00:00,13.6,5.4,290,16.6,455
2025-06-22 04:00+00:00,15.1,5.2,272,227.2,452
2025-06-22 05:00+00:00,17.0,5.7,252,437.2,450
2025-06-22 06:00+00:00,19.5,5.0,268,587.7,447
2025-06-22 07:00+00:00,21.8,5.2,284,691.2,444
2025-06-22 08:00+00:00,23.5,5.6,285,709.5,442
2025-06-22 09:00+00:00,25.0,7.4,274,792.9,442
2025-06-22 10:00+00:00,26.3,8.3,275,817.8,442
2025-06-22 11:00+00:00,27.5,7.8,277,824.7,443
2025-06-22 12:00+00:00,28.4,7.2,270,837.3,443
2025-06-22 13:00+00:00,29.1,5.3,325,780.8,444
2025-06-22 14:00+00:00,29.3,2.6,326,704.9,444
2025-06-22 15:00+00:00,29.4,1.5,210,722.3,445
2025-06-22 16:00+00:00,29.2,2.9,223,697.6,446
2025-06-22 17:00+00:00,29.5,3.9,196,579.1,446
2025-06-22 18:00+00:00,26.8,5.9,153,353.3,445
2025-06-22 19:00+00:00,25.1,7.9,123,43.6,443
2025-06-22 20:00+00:00,24.1,11.9,124,0.0,442
2025-06-22 21:00+00:00,23.2,13.0,135,0.0,441
2025-06-22 22:00+00:00,22.2,11.6,143,0.0,441
2025-06-22 23:00+00:00,21.2,9.6,140,0.0,441
2025-06-23 00:00+00:00,20.6,10.6,141,0.0,440
2025-06-23 01:00+00:00,18.6,12.7,136,0.0,440
2025-06-23 02:00+00:00,18.2,11.6,147,0.0,439
2025-06-23 03:00+00:00,18.1,12.8,154,0.0,437
2025-06-23 04:00+00:00,18.6,12.8,164,23.6,435
2025-06-23 05:00+00:00,19.9,11.2,182,50.9,435
2025-06-23 06:00+00:00,20.9,10.1,181,42.4,438
2025-06-23 07:00+00:00,23.6,7.0,274,427.4,443
2025-06-23 08:00+00:00,24.7,8.4,230,246.7,447
2025-06-23 09:00+00:00,26.5,14.1,248,644.3,448
2025-06-23 10:00+00:00,27.2,17.0,263,802.5,447
2025-06-23 11:00+00:00,27.8,17.8,262,699.5,446
2025-06-23 12:00+00:00,27.9,20.2,258,624.8,445
2025-06-23 13:00+00:00,27.0,20.8,249,434.0,445
2025-06-23 14:00+00:00,27.2,21.1,253,337.7,444
2025-06-23 15:00+00:00,25.5,12.8,253,0.0,444
2025-06-23 16:00+00:00,24.9,20.1,242,0.0,443
2025-06-23 17:00+00:00,25.1,21.4,249,69.3,443
2025-06-23 18:00+00:00,18.6,21.6,289,113.2,442
2025-06-23 19:00+00:00,18.5,18.1,283,0.0,442
2025-06-23 20:00+00:00,17.9,18.7,282,0.0,441
2025-06-23 21:00+00:00,16.9,19.3,286,0.0,441
2025-06-23 22:00+00:00,16.0,17.7,279,0.0,440
2025-06-23 23:00+00:00,15.4,17.3,274,0.0,440
2025-06-24 00:00+00:00,14.9,18.2,272,0.0,440
2025-06-24 01:00+00:00,14.1,17.3,266,0.0,441
2025-06-24 02:00+00:00,14.1,17.1,262,0.0,441
2025-06-24 03:00+00:00,13.6,15.4,249,16.8,441
2025-06-24 04:00+00:00,13.7,15.4,244,228.5,441
2025-06-24 05:00+00:00,14.8,15.3,242,314.1,441
2025-06-24 06:00+00:00,16.0,20.4,254,614.8,441
2025-06-24 07:00+00:00,17.2,22.1,256,707.7,440
2025-06-24 08:00+00:00,18.6,26.0,266,781.5,440
2025-06-24 09:00+00:00,18.7,25.4,267,281.2,440
2025-06-24 10:00+00:00,19.9,28.0,265,406.2,440
2025-06-24 11:00+00:00,20.2,26.6,264,107.0,440
2025-06-24 12:00+00:00,21.0,25.0,264,153.6,440
2025-06-24 13:00+00:00,20.1,24.5,266,47.3,440
2025-06-24 14:00+00:00,20.6,28.1,267,408.3,440
2025-06-24 15:00+00:00,19.4,25.9,261,63.6,440
2025-06-24 16:00+00:00,18.8,18.8,275,21.3,441
2025-06-24 17:00+00:00,19.0,16.4,270,282.4,441
2025-06-24 18:00+00:00,18.4,15.9,279,65.3,441
2025-06-24 19:00+00:00,17.4,10.9,264,43.5,441
2025-06-24 20:00+00:00,16.6,8.8,226,0.0,441
2025-06-24 21:00+00:00,16.5,9.2,215,0.0,441
2025-06-24 22:00+00:00,16.9,10.7,215,0.0,442
2025-06-24 23:00+00:00,17.6,13.5,221,0.0,443
2025-06-25 00:00+00:00,17.9,15.9,232,0.0,444
2025-06-25 01:00+00:00,17.5,17.6,248,0.0,446
2025-06-25 02:00+00:00,17.6,19.5,259,0.0,447
2025-06-25 03:00+00:00,17.0,18.9,255,0.0,447
2025-06-25 04:00+00:00,17.5,18.4,256,142.3,446
2025-06-25 05:00+00:00,18.2,18.4,258,23.6,445
2025-06-25 06:00+00:00,19.5,22.2,259,245.5,445
2025-06-25 07:00+00:00,19.4,22.5,260,48.2,445
2025-06-25 08:00+00:00,18.9,19.1,256,16.6,445
2025-06-25 09:00+00:00,19.1,18.0,242,6.5,445
2025-06-25 10:00+00:00,18.9,16.9,242,18.0,444
2025-06-25 11:00+00:00,19.5,19.5,261,23.0,443
2025-06-25 12:00+00:00,22.6,20.0,263,504.9,442
2025-06-25 13:00+00:00,23.9,31.0,281,699.4,440
2025-06-25 14:00+00:00,21.1,18.0,277,168.1,439
2025-06-25 15:00+00:00,23.1,26.1,291,577.3,437
2025-06-25 16:00+00:00,22.5,23.7,299,563.0,435
2025-06-25 17:00+00:00,21.5,18.6,315,418.1,434
2025-06-25 18:00+00:00,20.5,13.2,314,330.4,435
2025-06-25 19:00+00:00,19.3,9.9,318,147.8,437
2025-06-25 20:00+00:00,17.5,6.7,336,0.0,440
2025-06-25 21:00+00:00,16.5,6.8,12,0.0,443
2025-06-25 22:00+00:00,15.1,5.3,18,0.0,446
2025-06-25 23:00+00:00,14.6,3.3,6,0.0,449
2025-06-26 00:00+00:00,14.3,1.3,286,0.0,453
2025-06-26 01:00+00:00,12.7,2.2,246,0.0,456
2025-06-26 02:00+00:00,12.1,3.6,252,0.0,457
2025-06-26 03:00+00:00,12.0,2.8,281,0.0,452
2025-06-26 04:00+00:00,13.5,2.9,263,238.1,445
2025-06-26 05:00+00:00,15.8,0.7,104,482.5,439
2025-06-26 06:00+00:00,17.6,2.9,133,627.6,437
2025-06-26 07:00+00:00,19.0,4.9,176,724.8,437
2025-06-26 08:00+00:00,20.4,4.3,185,778.7,437
2025-06-26 09:00+00:00,21.8,4.5,203,817.4,437
2025-06-26 10:00+00:00,23.0,4.8,207,823.0,438
2025-06-26 11:00+00:00,24.3,5.0,201,848.7,438
2025-06-26 12:00+00:00,25.4,4.7,184,786.9,438
2025-06-26 13:00+00:00,26.5,5.4,230,664.4,439
2025-06-26 14:00+00:00,27.1,2.0,153,673.8,439
2025-06-26 15:00+00:00,27.2,3.6,174,642.3,439
2025-06-26 16:00+00:00,27.3,7.0,168,557.1,438
2025-06-26 17:00+00:00,27.1,9.5,155,457.9,438
2025-06-26 18:00+00:00,25.8,9.3,148,0.0,439
2025-06-26 19:00+00:00,24.5,11.7,201,34.8,439
2025-06-26 20:00+00:00,21.1,15.6,195,0.0,441
2025-06-26 21:00+00:00,20.5,11.2,190,0.0,444
2025-06-26 22:00+00:00,20.5,14.4,229,0.0,447
2025-06-26 23:00+00:00,20.2,16.8,261,0.0,449
2025-06-27 00:00+00:00,19.7,18.6,267,0.0,448
2025-06-27 01:00+00:00,18.4,20.9,267,0.0,446
2025-06-27 02:00+00:00,18.0,20.0,274,0.0,444
2025-06-27 03:00+00:00,17.6,17.5,269,0.0,443
2025-06-27 04:00+00:00,18.0,16.8,261,127.5,443
2025-06-27 05:00+00:00,18.8,20.3,271,321.7,443
2025-06-27 06:00+00:00,20.0,21.8,281,437.9,442
2025-06-27 07:00+00:00,21.0,20.5,285,498.9,442
2025-06-27 08:00+00:00,21.6,20.0,285,433.7,441
2025-06-27 09:00+00:00,22.8,19.6,280,489.0,441
2025-06-27 10:00+00:00,23.0,21.8,281,237.7,440
2025-06-27 11:00+00:00,23.0,23.3,279,367.5,440
2025-06-27 12:00+00:00,22.6,22.9,283,115.6,439
2025-06-27 13:00+00:00,21.2,23.6,292,19.4,439
2025-06-27 14:00+00:00,19.7,25.4,298,24.0,438
2025-06-27 15:00+00:00,17.4,19.3,303,0.0,437
2025-06-27 16:00+00:00,18.7,19.6,299,584.1,435
2025-06-27 17:00+00:00,18.8,19.6,297,497.8,434
2025-06-27 18:00+00:00,18.4,16.2,302,300.0,434
2025-06-27 19:00+00:00,17.6,14.7,295,113.0,435
2025-06-27 20:00+00:00,17.6,14.7,288,0.0,435
2025-06-27 21:00+00:00,16.6,13.6,285,0.0,435
2025-06-27 22:00+00:00,16.1,13.5,284,0.0,434
2025-06-27 23:00+00:00,15.7,13.7,287,0.0,434
2025-06-28 00:00+00:00,15.2,13.3,286,0.0,435
2025-06-28 01:00+00:00,14.4,13.0,284,0.0,436
2025-06-28 02:00+00:00,13.8,10.8,275,0.0,437
2025-06-28 03:00+00:00,13.9,10.6,269,0.0,437
2025-06-28 04:00+00:00,14.4,11.9,269,208.1,437
2025-06-28 05:00+00:00,15.5,10.5,262,450.8,437
2025-06-28 06:00+00:00,17.0,12.1,267,575.4,436
2025-06-28 07:00+00:00,18.6,13.9,271,660.2,435
2025-06-28 08:00+00:00,20.0,18.7,278,535.6,434
2025-06-28 09:00+00:00,21.1,18.6,280,213.9,435
2025-06-28 10:00+00:00,21.9,18.9,286,123.7,436
2025-06-28 11:00+00:00,23.5,19.7,283,245.5,437
2025-06-28 12:00+00:00,24.2,21.4,287,205.8,438
2025-06-28 13:00+00:00,24.0,20.4,292,126.1,439
2025-06-28 14:00+00:00,24.3,19.7,291,261.6,439
2025-06-28 15:00+00:00,23.9,18.4,297,155.2,439
2025-06-28 16:00+00:00,24.5,14.9,293,228.3,438
2025-06-28 17:00+00:00,24.1,6.3,275,61.2,438
2025-06-28 18:00+00:00,23.5,5.2,284,139.2,439
2025-06-28 19:00+00:00,21.4,6.2,262,156.6,440
2025-06-28 20:00+00:00,20.8,7.2,251,0.0,441
2025-06-28 21:00+00:00,21.0,10.4,260,0.0,441
2025-06-28 22:00+00:00,20.7,12.0,294,0.0,440
2025-06-28 23:00+00:00,20.6,11.1,300,0.0,440
2025-06-29 00:00+00:00,20.2,11.9,299,0.0,440
2025-06-29 01:00+00:00,20.2,13.1,293,0.0,439
2025-06-29 02:00+00:00,19.6,12.2,292,0.0,439
2025-06-29 03:00+00:00,19.0,11.8,289,0.0,439
2025-06-29 04:00+00:00,19.5,13.3,286,185.0,439
2025-06-29 05:00+00:00,20.5,13.5,286,412.9,439
2025-06-29 06:00+00:00,21.5,19.8,293,554.3,439
2025-06-29 07:00+00:00,22.6,20.2,298,568.1,438
2025-06-29 08:00+00:00,23.6,21.0,299,545.5,438
2025-06-29 09:00+00:00,24.5,20.9,292,495.3,438
2025-06-29 10:00+00:00,25.6,21.6,285,515.8,439
2025-06-29 11:00+00:00,23.2,21.3,302,95.7,439
2025-06-29 12:00+00:00,25.9,21.1,296,478.9,439
2025-06-29 13:00+00:00,25.8,25.6,294,451.3,439
2025-06-29 14:00+00:00,25.8,23.7,297,421.8,438
2025-06-29 15:00+00:00,25.2,23.6,300,538.6,437
2025-06-29 16:00+00:00,25.0,20.7,300,522.4,435
2025-06-29 17:00+00:00,24.4,19.0,307,519.4,434
2025-06-29 18:00+00:00,23.4,16.4,316,335.3,435
2025-06-29 19:00+00:00,21.5,16.4,325,87.1,436
2025-06-29 20:00+00:00,19.9,15.1,325,0.0,438
2025-06-29 21:00+00:00,18.5,15.7,323,0.0,439
2025-06-29 22:00+00:00,17.3,15.3,320,0.0,440
2025-06-29 23:00+00:00,16.3,13.7,308,0.0,441
2025-06-30 00:00+00:00,15.4,13.3,305,0.0,441
2025-06-30 01:00+00:00,13.9,13.0,304,0.0,441
2025-06-30 02:00+00:00,13.4,12.2,304,0.0,441
2025-06-30 03:00+00:00,12.9,11.3,299,0.0,440
2025-06-30 04:00+00:00,13.4,11.8,291,218.2,439
2025-06-30 05:00+00:00,14.5,13.1,286,475.4,438
2025-06-30 06:00+00:00,15.8,16.4,305,627.1,437
2025-06-30 07:00+00:00,17.0,15.0,299,676.0,437
2025-06-30 08:00+00:00,18.3,15.9,299,716.2,437
2025-06-30 09:00+00:00,19.6,17.2,305,647.1,437
2025-06-30 10:00+00:00,20.8,17.3,312,614.9,437
2025-06-30 11:00+00:00,21.2,15.9,313,573.6,437
2025-06-30 12:00+00:00,22.2,15.7,323,728.0,437
2025-06-30 13:00+00:00,22.5,15.3,326,571.7,438
2025-06-30 14:00+00:00,22.4,15.0,336,745.1,438
2025-06-30 15:00+00:00,22.1,14.2,342,737.5,437
2025-06-30 16:00+00:00,21.6,13.1,345,640.7,436
2025-06-30 17:00+00:00,21.0,11.6,347,589.1,436
2025-06-30 18:00+00:00,20.1,9.0,348,453.5,438
2025-06-30 19:00+00:00,18.2,6.6,344,183.2,440
2025-06-30 20:00+00:00,16.8,6.1,355,0.0,442
2025-06-30 21:00+00:00,15.4,5.2,16,0.0,442
2025-06-30 22:00+00:00,14.8,4.0,30,0.0,440
2025-06-30 23:00+00:00,14.0,4.4,38,0.0,440
2025-07-01 00:00+00:00,13.4,4.2,43,0.0,442
2025-07-01 01:00+00:00,11.5,3.8,49,0.0,444
2025-07-01 02:00+00:00,11.1,3.5,78,0.0,445
2025-07-01 03:00+00:00,10.9,3.6,81,0.0,443
2025-07-01 04:00+00:00,12.7,5.9,113,235.7,440
2025-07-01 05:00+00:00,14.9,5.9,149,486.1,438
2025-07-01 06:00+00:00,17.1,6.5,178,636.7,437
2025-07-01 07:00+00:00,19.2,6.6,197,730.0,438
2025-07-01 08:00+00:00,21.0,7.4,209,788.8,438
2025-07-01 09:00+00:00,22.4,6.9,217,825.7,438
2025-07-01 10:00+00:00,23.5,6.1,220,847.9,438
2025-07-01 11:00+00:00,24.5,5.3,225,858.2,438
2025-07-01 12:00+00:00,25.3,4.7,238,857.0,438
2025-07-01 13:00+00:00,26.2,3.6,270,845.2,438
2025-07-01 14:00+00:00,26.6,3.5,279,821.6,439
2025-07-01 15:00+00:00,26.8,3.4,295,781.3,440
2025-07-01 16:00+00:00,26.5,3.7,325,718.6,441
2025-07-01 17:00+00:00,26.0,2.5,339,619.0,442
2025-07-01 18:00+00:00,24.6,2.7,352,467.5,445
2025-07-01 19:00+00:00,22.4,3.5,21,192.3,448
2025-07-01 20:00+00:00,21.2,4.9,66,0.0,450
2025-07-01 21:00+00:00,19.9,5.8,116,0.0,449
2025-07-01 22:00+00:00,19.2,5.6,158,0.0,447
2025-07-01 23:00+00:00,19.0,5.0,178,0.0,445
2025-07-02 00:00+00:00,18.1,4.7,173,0.0,442
2025-07-02 01:00+00:00,15.4,6.0,164,0.0,439
2025-07-02 02:00+00:00,14.9,6.5,157,0.0,437
2025-07-02 03:00+00:00,14.6,6.2,163,0.0,436
2025-07-02 04:00+00:00,16.3,5.2,166,237.0,435
2025-07-02 05:00+00:00,18.5,6.0,155,493.0,435
2025-07-02 06:00+00:00,21.1,5.0,159,641.5,436
2025-07-02 07:00+00:00,23.8,6.8,168,735.5,437
2025-07-02 08:00+00:00,25.8,8.5,174,796.2,438
2025-07-02 09:00+00:00,27.4,8.7,172,834.6,439
2025-07-02 10:00+00:00,28.6,7.6,166,858.4,441
2025-07-02 11:00+00:00,29.7,7.3,160,869.3,442
2025-07-02 12:00+00:00,30.5,7.8,157,869.2,443
2025-07-02 13:00+00:00,31.7,9.5,153,856.6,443
2025-07-02 14:00+00:00,32.0,9.6,152,834.1,443
2025-07-02 15:00+00:00,32.0,9.4,150,794.2,444
2025-07-02 16:00+00:00,31.5,8.6,154,730.8,444
2025-07-02 17:00+00:00,30.6,7.7,156,633.1,445
2025-07-02 18:00+00:00,28.6,6.2,147,477.3,446
2025-07-02 19:00+00:00,26.9,7.6,146,201.6,447
2025-07-02 20:00+00:00,25.6,7.6,152,0.0,447
2025-07-02 21:00+00:00,25.1,9.5,148,0.0,446
2025-07-02 22:00+00:00,23.6,8.9,144,0.0,445
2025-07-02 23:00+00:00,22.8,10.2,141,0.0,444
2025-07-03 00:00+00:00,22.5,11.5,146,0.0,445
2025-07-03 01:00+00:00,20.4,10.4,165,0.0,446
2025-07-03 02:00+00:00,19.7,10.6,171,0.0,446
2025-07-03 03:00+00:00,19.5,10.3,179,0.0,444
2025-07-03 04:00+00:00,20.2,10.4,179,238.5,442
2025-07-03 05:00+00:00,22.0,10.9,171,483.7,441
2025-07-03 06:00+00:00,24.0,11.1,233,605.3,443
2025-07-03 07:00+00:00,25.7,9.6,218,363.9,445
2025-07-03 08:00+00:00,27.9,15.3,273,697.0,447
2025-07-03 09:00+00:00,27.2,20.2,324,788.2,447
2025-07-03 10:00+00:00,27.2,18.1,312,634.8,445
2025-07-03 11:00+00:00,28.3,18.7,304,674.5,444
2025-07-03 12:00+00:00,28.0,21.2,305,648.3,443
2025-07-03 13:00+00:00,23.5,19.7,303,19.5,443
2025-07-03 14:00+00:00,22.5,20.4,305,12.0,442
2025-07-03 15:00+00:00,22.5,17.8,306,40.4,441
2025-07-03 16:00+00:00,22.0,13.4,305,0.0,441
2025-07-03 17:00+00:00,22.1,13.6,313,0.0,440
2025-07-03 18:00+00:00,21.6,13.8,313,193.2,440
2025-07-03 19:00+00:00,20.4,11.6,327,158.2,440
2025-07-03 20:00+00:00,18.9,10.0,332,0.0,440
2025-07-03 21:00+00:00,17.8,10.8,345,0.0,440
2025-07-03 22:00+00:00,16.5,6.4,352,0.0,440
2025-07-03 23:00+00:00,15.6,7.4,356,0.0,441
2025-07-04 00:00+00:00,14.8,5.9,348,0.0,443
2025-07-04 01:00+00:00,12.4,5.0,330,0.0,445
2025-07-04 02:00+00:00,12.1,5.5,337,0.0,446
2025-07-04 03:00+00:00,11.6,4.9,327,0.0,446
2025-07-04 04:00+00:00,12.9,5.8,304,215.1,444
2025-07-04 05:00+00:00,14.5,4.8,292,470.2,443
2025-07-04 06:00+00:00,16.2,5.2,301,620.4,442
2025-07-04 07:00+00:00,17.8,5.8,300,720.2,440
2025-07-04 08:00+00:00,19.2,10.9,292,780.7,439
2025-07-04 09:00+00:00,20.0,13.9,297,527.5,438
2025-07-04 10:00+00:00,20.2,14.0,296,248.9,438
2025-07-04 11:00+00:00,20.5,15.6,296,145.9,438
2025-07-04 12:00+00:00,20.5,16.5,299,112.6,438
2025-07-04 13:00+00:00,21.8,14.8,304,585.3,438
2025-07-04 14:00+00:00,21.8,14.0,299,453.8,438
2025-07-04 15:00+00:00,21.8,15.0,297,409.4,438
2025-07-04 16:00+00:00,21.2,14.0,306,174.8,438
2025-07-04 17:00+00:00,21.0,11.7,306,372.5,439
2025-07-04 18:00+00:00,20.0,9.6,327,251.2,443
2025-07-04 19:00+00:00,18.0,4.1,358,141.1,449
2025-07-04 20:00+00:00,17.3,1.9,22,0.0,453
2025-07-04 21:00+00:00,17.0,0.4,117,0.0,454
2025-07-04 22:00+00:00,16.2,1.2,141,0.0,454
2025-07-04 23:00+00:00,15.1,5.1,172,0.0,453
2025-07-05 00:00+00:00,14.7,5.9,169,0.0,450
2025-07-05 01:00+00:00,12.4,6.5,166,0.0,445
2025-07-05 02:00+00:00,12.2,7.0,159,0.0,441
2025-07-05 03:00+00:00,12.3,7.6,162,0.0,439
2025-07-05 04:00+00:00,13.6,10.1,170,208.2,438
2025-07-05 05:00+00:00,15.5,9.4,176,473.3,437
2025-07-05 06:00+00:00,17.8,8.4,171,628.0,437
2025-07-05 07:00+00:00,20.4,9.4,177,725.9,438
2025-07-05 08:00+00:00,22.4,12.0,189,734.8,438
2025-07-05 09:00+00:00,23.9,13.2,197,786.5,438
2025-07-05 10:00+00:00,24.7,14.2,207,691.9,438
2025-07-05 11:00+00:00,25.5,15.2,210,736.0,438
2025-07-05 12:00+00:00,26.3,15.2,207,830.6,438
2025-07-05 13:00+00:00,27.1,15.1,207,678.3,438
2025-07-05 14:00+00:00,27.6,15.9,219,472.9,439
2025-07-05 15:00+00:00,27.5,10.3,209,70.1,440
2025-07-05 16:00+00:00,27.5,11.0,245,37.0,442
2025-07-05 17:00+00:00,27.0,7.5,230,77.9,443
2025-07-05 18:00+00:00,25.5,4.5,247,92.9,443
2025-07-05 19:00+00:00,24.4,8.1,317,53.1,443
2025-07-05 20:00+00:00,22.2,9.2,1,0.0,443
2025-07-05 21:00+00:00,19.7,4.8,323,0.0,445
2025-07-05 22:00+00:00,19.1,6.2,308,0.0,447
2025-07-05 23:00+00:00,18.9,4.2,340,0.0,451
2025-07-06 00:00+00:00,18.0,1.0,31,0.0,458
2025-07-06 01:00+00:00,16.4,0.3,315,0.0,466
2025-07-06 02:00+00:00,16.0,1.1,171,0.0,470
2025-07-06 03:00+00:00,16.1,3.1,180,0.0,465
2025-07-06 04:00+00:00,17.4,4.5,214,0.0,456
2025-07-06 05:00+00:00,18.9,6.4,241,4.2,449
2025-07-06 06:00+00:00,21.2,4.9,278,145.3,445
2025-07-06 07:00+00:00,23.6,5.2,258,695.5,443
2025-07-06 08:00+00:00,25.2,6.4,259,777.6,442
2025-07-06 09:00+00:00,26.4,6.7,243,718.7,441
2025-07-06 10:00+00:00,27.4,8.0,218,657.6,440
2025-07-06 11:00+00:00,28.3,10.1,213,777.4,440
2025-07-06 12:00+00:00,28.8,11.5,224,704.6,440
2025-07-06 13:00+00:00,28.9,12.9,221,827.6,441
2025-07-06 14:00+00:00,29.2,10.6,203,730.8,442
2025-07-06 15:00+00:00,30.0,11.1,194,514.8,443
2025-07-06 16:00+00:00,29.3,8.2,199,247.4,443
2025-07-06 17:00+00:00,28.8,4.1,209,142.7,444
2025-07-06 18:00+00:00,27.5,4.6,201,75.5,445
2025-07-06 19:00+00:00,25.5,4.2,282,26.7,447
2025-07-06 20:00+00:00,24.9,12.5,325,0.0,449
2025-07-06 21:00+00:00,23.2,8.9,324,0.0,451
2025-07-06 22:00+00:00,22.6,8.9,332,0.0,453
2025-07-06 23:00+00:00,21.7,6.3,353,0.0,454
2025-07-07 00:00+00:00,20.6,3.3,41,0.0,452
2025-07-07 01:00+00:00,21.0,8.6,180,0.0,448
2025-07-07 02:00+00:00,20.1,5.2,209,0.0,445
2025-07-07 03:00+00:00,19.4,5.1,188,0.0,444
2025-07-07 04:00+00:00,19.2,10.1,160,16.9,444
2025-07-07 05:00+00:00,19.4,8.9,189,12.6,444
2025-07-07 06:00+00:00,20.7,12.3,224,91.2,444
2025-07-07 07:00+00:00,21.0,14.1,264,53.4,444
2025-07-07 08:00+00:00,21.0,13.7,271,116.8,444
2025-07-07 09:00+00:00,22.3,13.1,255,333.4,443
2025-07-07 10:00+00:00,24.0,14.2,235,394.1,443
2025-07-07 11:00+00:00,23.8,17.8,236,103.4,442
2025-07-07 12:00+00:00,23.0,17.3,235,87.3,442
2025-07-07 13:00+00:00,21.7,12.9,245,68.3,441
2025-07-07 14:00+00:00,22.0,12.0,237,83.2,441
2025-07-07 15:00+00:00,21.8,11.4,232,68.7,441
2025-07-07 16:00+00:00,22.0,9.4,228,52.7,441
2025-07-07 17:00+00:00,21.9,8.7,230,32.4,441
2025-07-07 18:00+00:00,21.5,7.0,244,31.2,442
2025-07-07 19:00+00:00,19.9,7.7,242,98.4,444
2025-07-07 20:00+00:00,18.4,6.7,224,0.0,446
2025-07-07 21:00+00:00,17.1,7.4,212,0.0,447
2025-07-07 22:00+00:00,16.5,6.4,218,0.0,448
2025-07-07 23:00+00:00,15.5,4.2,230,0.0,448
2025-07-08 00:00+00:00,15.2,4.6,244,0.0,448
2025-07-08 01:00+00:00,15.2,6.1,238,0.0,447
2025-07-08 02:00+00:00,15.1,9.1,245,0.0,446
2025-07-08 03:00+00:00,14.9,8.6,292,0.0,444
2025-07-08 04:00+00:00,15.1,6.4,299,68.1,441
2025-07-08 05:00+00:00,16.0,7.7,282,135.8,439
2025-07-08 06:00+00:00,17.2,8.7,265,109.9,438
2025-07-08 07:00+00:00,18.4,10.1,271,87.9,437
2025-07-08 08:00+00:00,18.4,9.8,277,4.6,436
2025-07-08 09:00+00:00,19.0,10.2,284,34.6,434
2025-07-08 10:00+00:00,19.4,8.1,294,44.9,433
2025-07-08 11:00+00:00,18.0,11.4,266,9.3,431
2025-07-08 12:00+00:00,17.0,11.8,295,1.2,430
2025-07-08 13:00+00:00,16.0,14.2,300,0.0,429
2025-07-08 14:00+00:00,16.2,15.5,308,0.0,429
2025-07-08 15:00+00:00,17.0,13.1,312,9.4,428
2025-07-08 16:00+00:00,16.2,13.7,327,0.0,428
2025-07-08 17:00+00:00,16.0,11.1,329,0.0,428
2025-07-08 18:00+00:00,15.6,12.2,331,0.0,429
2025-07-08 19:00+00:00,15.3,11.4,339,0.0,430
2025-07-08 20:00+00:00,15.1,12.5,342,0.0,431
2025-07-08 21:00+00:00,15.0,12.4,339,0.0,432
2025-07-08 22:00+00:00,14.9,11.7,340,0.0,433
2025-07-08 23:00+00:00,14.8,11.5,331,0.0,434
2025-07-09 00:00+00:00,14.6,10.3,325,0.0,435
2025-07-09 01:00+00:00,13.6,7.5,320,0.0,437
2025-07-09 02:00+00:00,13.8,9.2,320,0.0,438
2025-07-09 03:00+00:00,13.9,9.3,313,0.0,440
2025-07-09 04:00+00:00,14.1,9.3,313,0.0,441
2025-07-09 05:00+00:00,14.6,7.9,303,68.5,441
2025-07-09 06:00+00:00,15.9,10.8,303,368.1,439
2025-07-09 07:00+00:00,17.5,11.4,309,581.0,435
2025-07-09 08:00+00:00,18.8,12.1,313,631.5,432
2025-07-09 09:00+00:00,19.9,12.2,311,466.5,431
2025-07-09 10:00+00:00,20.9,12.0,317,453.6,430
2025-07-09 11:00+00:00,21.9,12.3,316,517.0,429
2025-07-09 12:00+00:00,21.8,14.0,318,364.0,428
2025-07-09 13:00+00:00,21.4,12.4,330,354.6,427
2025-07-09 14:00+00:00,21.4,15.0,320,244.9,427
2025-07-09 15:00+00:00,21.1,15.5,320,203.7,427
2025-07-09 16:00+00:00,20.3,15.9,326,156.7,427
2025-07-09 17:00+00:00,20.0,14.7,327,168.3,427
2025-07-09 18:00+00:00,19.2,11.0,322,99.3,427
2025-07-09 19:00+00:00,18.2,11.5,320,18.1,428
2025-07-09 20:00+00:00,17.2,11.6,318,0.0,428
2025-07-09 21:00+00:00,16.4,13.4,320,0.0,428
2025-07-09 22:00+00:00,15.4,14.8,331,0.0,428
2025-07-09 23:00+00:00,14.6,13.0,336,0.0,429
2025-07-10 00:00+00:00,13.6,12.0,330,0.0,431
2025-07-10 01:00+00:00,13.4,10.4,330,0.0,433
2025-07-10 02:00+00:00,13.0,12.6,336,0.0,434
2025-07-10 03:00+00:00,12.6,11.7,328,0.0,434
2025-07-10 04:00+00:00,13.0,11.6,316,69.3,433
2025-07-10 05:00+00:00,13.9,10.4,302,69.0,432
2025-07-10 06:00+00:00,15.8,12.7,309,272.2,429
2025-07-10 07:00+00:00,18.0,12.7,313,575.2,426
2025-07-10 08:00+00:00,19.5,18.7,335,733.6,424
2025-07-10 09:00+00:00,20.4,19.3,333,487.4,424
2025-07-10 10:00+00:00,21.5,21.1,338,495.7,426
2025-07-10 11:00+00:00,22.3,23.2,340,580.7,427
2025-07-10 12:00+00:00,23.2,22.3,347,606.2,427
2025-07-10 13:00+00:00,23.0,20.6,9,535.1,426
2025-07-10 14:00+00:00,23.0,20.7,359,458.2,425
2025-07-10 15:00+00:00,22.1,20.0,353,301.3,425
2025-07-10 16:00+00:00,22.0,17.5,355,498.7,425
2025-07-10 17:00+00:00,21.1,14.1,4,395.1,425
2025-07-10 18:00+00:00,20.1,11.1,344,209.0,425
2025-07-10 19:00+00:00,18.5,11.0,332,27.3,425
2025-07-10 20:00+00:00,17.5,12.3,328,0.0,425
2025-07-10 21:00+00:00,16.4,13.2,325,0.0,425
2025-07-10 22:00+00:00,15.4,12.2,315,0.0,426
2025-07-10 23:00+00:00,14.4,11.7,299,0.0,427
2025-07-11 00:00+00:00,13.9,13.6,296,0.0,428
2025-07-11 01:00+00:00,13.4,14.5,291,0.0,430
2025-07-11 02:00+00:00,13.4,15.1,298,0.0,431
2025-07-11 03:00+00:00,13.6,15.0,307,0.0,432
2025-07-11 04:00+00:00,14.1,14.6,304,87.4,432
2025-07-11 05:00+00:00,15.1,10.8,300,148.0,432
2025-07-11 06:00+00:00,15.9,11.7,290,53.1,431
2025-07-11 07:00+00:00,16.3,15.0,286,19.3,429
2025-07-11 08:00+00:00,16.9,15.0,284,20.2,428
2025-07-11 09:00+00:00,18.1,16.5,290,68.2,428
2025-07-11 10:00+00:00,18.4,15.1,282,26.8,429
2025-07-11 11:00+00:00,14.4,15.3,288,19.9,430
2025-07-11 12:00+00:00,16.1,18.8,264,38.6,430
2025-07-11 13:00+00:00,14.9,21.9,294,8.6,430
2025-07-11 14:00+00:00,14.7,20.2,293,0.0,429
2025-07-11 15:00+00:00,14.8,17.6,283,3.1,428
2025-07-11 16:00+00:00,14.4,16.0,282,0.0,427
2025-07-11 17:00+00:00,14.2,16.0,279,0.0,426
2025-07-11 18:00+00:00,14.2,15.8,269,0.0,426
2025-07-11 19:00+00:00,13.9,16.3,265,0.0,427
2025-07-11 20:00+00:00,13.9,16.4,266,0.0,428
2025-07-11 21:00+00:00,14.0,16.2,269,0.0,428
2025-07-11 22:00+00:00,14.0,15.8,268,0.0,427
2025-07-11 23:00+00:00,14.0,14.8,264,0.0,427
2025-07-12 00:00+00:00,14.0,13.5,266,0.0,428
2025-07-12 01:00+00:00,14.0,11.8,262,0.0,428
2025-07-12 02:00+00:00,14.2,10.8,260,0.0,429
2025-07-12 03:00+00:00,14.4,9.4,263,0.0,429
2025-07-12 04:00+00:00,14.6,9.7,269,0.0,429
2025-07-12 05:00+00:00,14.9,9.6,274,4.4,428
2025-07-12 06:00+00:00,15.4,10.0,291,0.0,427
2025-07-12 07:00+00:00,16.2,8.6,278,29.1,425
2025-07-12 08:00+00:00,17.5,8.1,269,208.5,424
2025-07-12 09:00+00:00,16.8,11.9,255,17.4,424
2025-07-12 10:00+00:00,17.0,12.3,239,125.9,425
2025-07-12 11:00+00:00,17.1,13.2,230,5.8,425
2025-07-12 12:00+00:00,18.2,14.4,216,124.2,425
2025-07-12 13:00+00:00,17.8,15.3,200,34.4,424
2025-07-12 14:00+00:00,17.9,14.6,204,48.7,423
2025-07-12 15:00+00:00,18.0,13.5,196,48.8,422
2025-07-12 16:00+00:00,18.5,12.3,188,242.7,421
2025-07-12 17:00+00:00,17.6,12.5,184,170.2,421
2025-07-12 18:00+00:00,17.0,10.5,173,13.8,421
2025-07-12 19:00+00:00,16.5,10.7,164,0.0,421
2025-07-12 20:00+00:00,16.2,12.1,160,0.0,422
2025-07-12 21:00+00:00,15.9,11.4,159,0.0,423
2025-07-12 22:00+00:00,15.6,10.1,153,0.0,424
2025-07-12 23:00+00:00,15.4,8.9,140,0.0,426
2025-07-13 00:00+00:00,15.4,9.5,143,0.0,428
2025-07-13 01:00+00:00,15.6,11.0,154,0.0,431
2025-07-13 02:00+00:00,15.1,10.7,149,0.0,432
2025-07-13 03:00+00:00,15.1,10.5,143,0.0,430
2025-07-13 04:00+00:00,15.1,11.2,142,124.7,427
2025-07-13 05:00+00:00,16.2,11.2,139,364.0,425
2025-07-13 06:00+00:00,17.5,12.7,148,461.9,425
2025-07-13 07:00+00:00,18.8,12.8,154,453.1,426
2025-07-13 08:00+00:00,19.8,12.1,162,234.0,427
2025-07-13 09:00+00:00,21.0,12.1,163,381.6,427
2025-07-13 10:00+00:00,21.5,11.7,153,181.2,427
2025-07-13 11:00+00:00,22.3,11.9,153,260.0,427
2025-07-13 12:00+00:00,23.3,12.8,151,599.4,427
2025-07-13 13:00+00:00,22.8,12.8,165,515.2,427
2025-07-13 14:00+00:00,22.7,12.1,176,613.4,427
2025-07-13 15:00+00:00,22.5,11.1,171,356.8,426
2025-07-13 16:00+00:00,22.5,10.9,172,621.4,425
2025-07-13 17:00+00:00,21.5,9.5,201,488.0,426
2025-07-13 18:00+00:00,20.5,7.3,190,190.4,431
2025-07-13 19:00+00:00,18.9,9.7,181,83.9,438
2025-07-13 20:00+00:00,17.4,7.0,168,0.0,441
2025-07-13 21:00+00:00,16.6,4.8,160,0.0,438
2025-07-13 22:00+00:00,15.9,5.2,160,0.0,431
2025-07-13 23:00+00:00,15.8,6.1,146,0.0,426
2025-07-14 00:00+00:00,15.6,6.5,172,0.0,425
2025-07-14 01:00+00:00,15.4,11.0,155,0.0,426
2025-07-14 02:00+00:00,15.3,10.7,189,0.0,426
2025-07-14 03:00+00:00,15.2,8.5,198,0.0,424
2025-07-14 04:00+00:00,15.6,10.0,213,144.1,421
2025-07-14 05:00+00:00,16.8,9.4,216,394.7,420
2025-07-14 06:00+00:00,18.2,7.5,215,559.1,421
2025-07-14 07:00+00:00,20.4,7.5,222,650.1,423
2025-07-14 08:00+00:00,22.3,9.5,241,735.3,424
2025-07-14 09:00+00:00,23.0,10.3,245,705.6,425
2025-07-14 10:00+00:00,23.9,10.2,249,678.3,425
2025-07-14 11:00+00:00,24.5,9.7,252,719.2,425
2025-07-14 12:00+00:00,25.2,9.8,252,763.7,425
2025-07-14 13:00+00:00,25.5,11.9,274,601.1,424
2025-07-14 14:00+00:00,25.9,10.8,274,695.9,424
2025-07-14 15:00+00:00,25.6,10.9,278,643.9,424
2025-07-14 16:00+00:00,25.0,10.8,275,601.4,423
2025-07-14 17:00+00:00,24.0,6.7,254,332.4,424
2025-07-14 18:00+00:00,22.8,4.5,220,257.6,426
2025-07-14 19:00+00:00,20.8,6.1,238,112.8,430
2025-07-14 20:00+00:00,19.6,6.0,273,0.0,432
2025-07-14 21:00+00:00,18.8,6.4,295,0.0,432
2025-07-14 22:00+00:00,17.7,5.5,287,0.0,430
2025-07-14 23:00+00:00,17.0,5.6,266,0.0,429
2025-07-15 00:00+00:00,17.1,6.3,265,0.0,429
2025-07-15 01:00+00:00,16.4,5.2,272,0.0,430
2025-07-15 02:00+00:00,16.4,6.8,259,0.0,430
2025-07-15 03:00+00:00,16.5,5.6,268,0.0,430
2025-07-15 04:00+00:00,17.1,5.7,257,136.5,430
2025-07-15 05:00+00:00,18.7,6.3,257,417.1,430
2025-07-15 06:00+00:00,20.5,5.9,270,586.9,428
2025-07-15 07:00+00:00,22.2,7.3,287,642.9,426
2025-07-15 08:00+00:00,23.5,11.0,280,723.3,424
2025-07-15 09:00+00:00,24.1,14.2,273,580.4,424
2025-07-15 10:00+00:00,24.9,15.2,275,577.6,425
2025-07-15 11:00+00:00,25.4,15.9,275,627.6,425
2025-07-15 12:00+00:00,22.1,15.2,251,136.5,425
2025-07-15 13:00+00:00,24.1,12.6,272,608.3,424
2025-07-15 14:00+00:00,24.8,13.0,267,462.1,424
2025-07-15 15:00+00:00,22.0,11.5,299,115.8,424
2025-07-15 16:00+00:00,20.0,17.6,284,149.3,425
2025-07-15 17:00+00:00,18.6,12.0,283,0.0,425
2025-07-15 18:00+00:00,18.3,12.9,283,14.2,425
2025-07-15 19:00+00:00,17.8,13.8,286,0.0,425
2025-07-15 20:00+00:00,17.5,17.1,295,0.0,426
2025-07-15 21:00+00:00,17.1,16.5,297,0.0,428
2025-07-15 22:00+00:00,16.6,15.2,293,0.0,430
2025-07-15 23:00+00:00,16.2,14.5,292,0.0,432
2025-07-16 00:00+00:00,15.8,13.9,289,0.0,434
2025-07-16 01:00+00:00,14.7,14.1,274,0.0,436
2025-07-16 02:00+00:00,14.2,14.5,276,0.0,437
2025-07-16 03:00+00:00,13.9,12.3,282,0.0,437
2025-07-16 04:00+00:00,14.2,12.7,286,138.1,436
2025-07-16 05:00+00:00,15.1,12.1,280,279.7,435
2025-07-16 06:00+00:00,16.2,15.3,288,407.4,435
2025-07-16 07:00+00:00,17.6,14.0,283,622.0,435
2025-07-16 08:00+00:00,19.2,14.7,282,753.8,435
2025-07-16 09:00+00:00,20.4,16.1,280,749.6,435
2025-07-16 10:00+00:00,21.4,16.7,277,785.7,435
2025-07-16 11:00+00:00,22.1,16.3,278,854.8,435
2025-07-16 12:00+00:00,23.0,17.6,278,841.7,435
2025-07-16 13:00+00:00,22.1,18.1,276,179.2,434
2025-07-16 14:00+00:00,22.4,16.4,269,399.0,434
2025-07-16 15:00+00:00,22.0,14.7,281,459.4,434
2025-07-16 16:00+00:00,21.5,12.5,291,353.6,434
2025-07-16 17:00+00:00,21.0,9.4,301,349.7,434
2025-07-16 18:00+00:00,19.8,6.4,317,281.5,434
2025-07-16 19:00+00:00,18.0,5.6,315,86.2,435
2025-07-16 20:00+00:00,16.6,5.2,311,0.0,435
2025-07-16 21:00+00:00,15.9,5.2,301,0.0,434
2025-07-16 22:00+00:00,15.2,5.1,288,0.0,433
2025-07-16 23:00+00:00,14.8,4.9,272,0.0,433
2025-07-17 00:00+00:00,14.4,5.4,266,0.0,434
2025-07-17 01:00+00:00,14.4,5.8,272,0.0,436
2025-07-17 02:00+00:00,14.6,5.6,277,0.0,438
2025-07-17 03:00+00:00,14.2,4.7,270,0.0,440
2025-07-17 04:00+00:00,14.6,8.5,257,0.0,441
2025-07-17 05:00+00:00,14.9,7.6,265,0.0,442
2025-07-17 06:00+00:00,15.1,8.3,254,5.5,442
2025-07-17 07:00+00:00,15.4,8.9,241,0.0,441
2025-07-17 08:00+00:00,15.5,10.0,234,0.0,440
2025-07-17 09:00+00:00,15.2,13.7,245,0.0,438
2025-07-17 10:00+00:00,15.8,12.5,255,1.2,436
2025-07-17 11:00+00:00,17.9,15.3,261,200.5,434
2025-07-17 12:00+00:00,17.8,8.8,253,53.1,431
2025-07-17 13:00+00:00,20.2,13.0,280,172.1,428
2025-07-17 14:00+00:00,18.6,14.2,278,6.8,426
2025-07-17 15:00+00:00,18.2,17.1,269,116.4,425
2025-07-17 16:00+00:00,17.8,11.9,272,98.2,425
2025-07-17 17:00+00:00,17.5,10.0,256,39.4,426
2025-07-17 18:00+00:00,17.4,9.1,249,33.7,427
2025-07-17 19:00+00:00,15.6,4.6,211,96.8,429
2025-07-17 20:00+00:00,15.4,6.7,196,0.0,430
2025-07-17 21:00+00:00,14.8,5.8,202,0.0,431
2025-07-17 22:00+00:00,13.9,4.5,203,0.0,433
2025-07-17 23:00+00:00,13.4,3.8,188,0.0,434
2025-07-18 00:00+00:00,13.1,2.2,171,0.0,436
2025-07-18 01:00+00:00,14.9,3.0,166,0.0,437
2025-07-18 02:00+00:00,14.6,2.8,153,0.0,438
2025-07-18 03:00+00:00,14.6,2.3,151,0.0,437
2025-07-18 04:00+00:00,14.9,3.5,171,28.3,434
2025-07-18 05:00+00:00,15.8,3.5,129,32.9,432
2025-07-18 06:00+00:00,17.2,3.7,125,218.8,431
2025-07-18 07:00+00:00,18.4,4.1,151,260.1,430
2025-07-18 08:00+00:00,19.7,3.3,186,356.4,429
2025-07-18 09:00+00:00,20.5,2.3,198,325.0,429
2025-07-18 10:00+00:00,21.6,1.5,225,306.7,430
2025-07-18 11:00+00:00,22.2,1.6,297,289.6,431
2025-07-18 12:00+00:00,22.9,3.4,328,255.6,431
2025-07-18 13:00+00:00,21.4,5.2,2,177.4,430
2025-07-18 14:00+00:00,22.1,4.3,28,399.4,430
2025-07-18 15:00+00:00,22.4,3.1,24,391.6,430
2025-07-18 16:00+00:00,22.5,2.8,18,307.9,431
2025-07-18 17:00+00:00,22.1,3.0,346,96.2,432
2025-07-18 18:00+00:00,21.4,2.3,328,77.9,434
2025-07-18 19:00+00:00,20.0,2.3,328,48.9,436
2025-07-18 20:00+00:00,18.5,1.4,293,0.0,439
2025-07-18 21:00+00:00,17.5,3.0,287,0.0,444
2025-07-18 22:00+00:00,16.8,6.2,282,0.0,449
2025-07-18 23:00+00:00,16.3,6.6,287,0.0,451
2025-07-19 00:00+00:00,15.9,7.0,302,0.0,446
2025-07-19 01:00+00:00,15.6,7.4,302,0.0,438
2025-07-19 02:00+00:00,15.1,7.4,319,0.0,431
2025-07-19 03:00+00:00,14.9,7.2,307,0.0,428
2025-07-19 04:00+00:00,15.6,8.5,299,114.6,427
2025-07-19 05:00+00:00,16.9,7.1,294,61.8,426
2025-07-19 06:00+00:00,19.0,8.3,312,504.8,423
2025-07-19 07:00+00:00,20.6,9.7,320,480.6,420
2025-07-19 08:00+00:00,22.1,12.1,319,616.5,418
2025-07-19 09:00+00:00,23.5,14.7,333,725.3,417
2025-07-19 10:00+00:00,24.3,13.3,341,583.8,416
2025-07-19 11:00+00:00,24.4,15.0,347,560.2,416
2025-07-19 12:00+00:00,23.1,11.8,13,413.8,417
2025-07-19 13:00+00:00,25.5,9.0,354,655.3,418
2025-07-19 14:00+00:00,25.5,8.5,2,623.8,419
2025-07-19 15:00+00:00,25.0,11.3,20,644.4,418
2025-07-19 16:00+00:00,24.2,12.5,30,367.7,417
2025-07-19 17:00+00:00,22.5,10.4,10,347.2,416
2025-07-19 18:00+00:00,21.5,6.8,3,236.5,417
2025-07-19 19:00+00:00,19.8,6.4,342,99.0,419
2025-07-19 20:00+00:00,18.8,7.6,1,0.0,420
2025-07-19 21:00+00:00,18.0,5.4,346,0.0,421
2025-07-19 22:00+00:00,17.8,5.7,311,0.0,421
2025-07-19 23:00+00:00,17.5,6.3,309,0.0,422
2025-07-20 00:00+00:00,17.5,6.9,317,0.0,423
2025-07-20 01:00+00:00,16.9,5.1,342,0.0,425
2025-07-20 02:00+00:00,16.6,5.7,349,0.0,425
2025-07-20 03:00+00:00,16.2,5.4,360,0.0,424
2025-07-20 04:00+00:00,16.7,5.6,354,125.8,422
2025-07-20 05:00+00:00,18.2,5.5,11,389.9,420
2025-07-20 06:00+00:00,20.0,2.9,338,539.2,419
2025-07-20 07:00+00:00,22.0,5.3,12,669.2,418
2025-07-20 08:00+00:00,23.8,6.9,30,728.6,418
2025-07-20 09:00+00:00,25.3,6.6,41,757.3,418
2025-07-20 10:00+00:00,26.3,4.5,40,777.6,417
2025-07-20 11:00+00:00,26.9,4.1,23,664.6,417
2025-07-20 12:00+00:00,27.5,4.4,19,741.3,417
2025-07-20 13:00+00:00,28.7,6.1,32,785.0,417
2025-07-20 14:00+00:00,28.8,7.1,36,743.6,417
2025-07-20 15:00+00:00,28.6,7.9,43,730.0,417
2025-07-20 16:00+00:00,28.0,7.8,46,655.3,418
2025-07-20 17:00+00:00,27.2,7.5,40,538.4,419
2025-07-20 18:00+00:00,25.8,7.0,50,368.9,421
2025-07-20 19:00+00:00,23.5,7.1,60,90.2,425
2025-07-20 20:00+00:00,22.0,5.7,72,0.0,426
2025-07-20 21:00+00:00,21.7,11.4,74,0.0,424
2025-07-20 22:00+00:00,20.9,12.1,91,0.0,421
2025-07-20 23:00+00:00,20.0,10.6,92,0.0,419
2025-07-21 00:00+00:00,19.1,9.0,96,0.0,419
2025-07-21 01:00+00:00,18.5,8.0,96,0.0,419
2025-07-21 02:00+00:00,17.9,8.8,99,0.0,419
2025-07-21 03:00+00:00,17.4,8.0,98,0.0,419
2025-07-21 04:00+00:00,18.0,8.5,96,39.2,418
2025-07-21 05:00+00:00,19.5,6.1,95,200.0,418
2025-07-21 06:00+00:00,22.0,5.6,97,520.5,417
2025-07-21 07:00+00:00,24.8,7.5,101,682.4,417
2025-07-21 08:00+00:00,27.0,7.1,105,740.8,417
2025-07-21 09:00+00:00,28.5,7.0,100,607.3,418
2025-07-21 10:00+00:00,29.2,8.5,85,606.4,420
2025-07-21 11:00+00:00,30.1,9.2,90,720.8,422
2025-07-21 12:00+00:00,31.1,9.4,97,708.3,423
2025-07-21 13:00+00:00,31.5,12.4,99,510.8,424
2025-07-21 14:00+00:00,31.6,14.2,102,723.4,425
2025-07-21 15:00+00:00,31.1,13.1,103,524.2,426
2025-07-21 16:00+00:00,31.3,14.4,103,460.5,427
2025-07-21 17:00+00:00,30.6,11.6,106,314.2,428
2025-07-21 18:00+00:00,28.9,8.9,81,65.6,427
2025-07-21 19:00+00:00,27.5,14.9,75,30.5,425
2025-07-21 20:00+00:00,25.4,6.3,160,0.0,425
2025-07-21 21:00+00:00,24.3,4.3,118,0.0,427
2025-07-21 22:00+00:00,23.4,10.6,228,0.0,429
2025-07-21 23:00+00:00,19.8,12.4,262,0.0,432
2025-07-22 00:00+00:00,18.4,18.6,261,0.0,434
2025-07-22 01:00+00:00,16.1,17.0,261,0.0,436
2025-07-22 02:00+00:00,15.8,16.7,253,0.0,438
2025-07-22 03:00+00:00,15.3,19.8,257,0.0,440
2025-07-22 04:00+00:00,15.3,18.9,255,0.0,441
2025-07-22 05:00+00:00,15.9,17.8,250,4.9,441
2025-07-22 06:00+00:00,17.0,20.5,250,85.5,440
2025-07-22 07:00+00:00,19.0,23.5,255,382.3,438
2025-07-22 08:00+00:00,20.8,20.8,261,417.5,436
2025-07-22 09:00+00:00,21.8,19.0,253,486.6,435
2025-07-22 10:00+00:00,22.1,17.6,252,187.2,434
2025-07-22 11:00+00:00,23.2,19.6,245,540.0,433
2025-07-22 12:00+00:00,24.4,20.1,250,744.5,431
2025-07-22 13:00+00:00,23.9,18.3,246,707.3,430
2025-07-22 14:00+00:00,22.1,20.9,242,558.2,429
2025-07-22 15:00+00:00,20.4,12.4,244,140.8,430
2025-07-22 16:00+00:00,22.0,15.6,259,501.5,431
2025-07-22 17:00+00:00,21.3,15.4,254,447.1,432
2025-07-22 18:00+00:00,19.8,12.3,236,148.3,433
2025-07-22 19:00+00:00,18.5,10.6,240,92.7,433
2025-07-22 20:00+00:00,18.0,11.2,237,0.0,434
2025-07-22 21:00+00:00,17.6,12.1,233,0.0,434
2025-07-22 22:00+00:00,17.5,11.5,231,0.0,435
2025-07-22 23:00+00:00,16.6,9.8,216,0.0,435
2025-07-23 00:00+00:00,16.4,11.1,224,0.0,436
2025-07-23 01:00+00:00,15.4,10.9,216,0.0,436
2025-07-23 02:00+00:00,15.4,12.9,223,0.0,436
2025-07-23 03:00+00:00,15.7,13.4,222,0.0,435
2025-07-23 04:00+00:00,15.6,13.4,222,70.6,433
2025-07-23 05:00+00:00,16.5,15.9,223,285.7,432
2025-07-23 06:00+00:00,16.5,13.6,222,34.4,431
2025-07-23 07:00+00:00,17.6,18.7,236,107.7,430
2025-07-23 08:00+00:00,17.8,17.7,239,46.7,429
2025-07-23 09:00+00:00,18.5,17.2,240,11.0,429
2025-07-23 10:00+00:00,21.0,19.1,240,444.2,430
2025-07-23 11:00+00:00,18.4,14.3,242,55.0,430
2025-07-23 12:00+00:00,18.0,14.1,242,26.3,430
2025-07-23 13:00+00:00,19.4,11.9,260,36.4,430
2025-07-23 14:00+00:00,19.9,10.7,235,8.3,430
2025-07-23 15:00+00:00,20.8,11.6,221,39.0,429
2025-07-23 16:00+00:00,20.6,11.7,233,209.8,428
2025-07-23 17:00+00:00,20.1,10.8,201,210.5,427
2025-07-23 18:00+00:00,19.5,10.6,191,129.7,428
2025-07-23 19:00+00:00,18.2,11.9,214,0.0,429
2025-07-23 20:00+00:00,18.2,13.8,206,0.0,430
2025-07-23 21:00+00:00,17.9,17.6,223,0.0,430
2025-07-23 22:00+00:00,18.2,19.6,229,0.0,431
2025-07-23 23:00+00:00,17.8,18.3,242,0.0,431
2025-07-24 00:00+00:00,17.4,16.3,250,0.0,431
2025-07-24 01:00+00:00,17.4,18.2,258,0.0,432
2025-07-24 02:00+00:00,16.8,15.5,258,0.0,432
2025-07-24 03:00+00:00,16.4,15.2,249,0.0,431
2025-07-24 04:00+00:00,17.0,15.2,266,20.5,431
2025-07-24 05:00+00:00,17.3,14.7,276,101.7,430
2025-07-24 06:00+00:00,18.3,16.8,279,321.1,430
2025-07-24 07:00+00:00,19.6,16.3,277,361.6,430
2025-07-24 08:00+00:00,20.5,16.9,277,186.0,430
2025-07-24 09:00+00:00,21.6,15.7,283,338.8,430
2025-07-24 10:00+00:00,22.6,13.8,281,355.0,431
2025-07-24 11:00+00:00,23.1,13.7,283,238.3,431
2025-07-24 12:00+00:00,24.5,13.6,281,417.1,430
2025-07-24 13:00+00:00,22.9,13.4,288,133.3,429
2025-07-24 14:00+00:00,23.7,13.6,288,485.0,428
2025-07-24 15:00+00:00,23.5,11.6,289,262.4,428
2025-07-24 16:00+00:00,23.4,9.7,295,266.6,428
2025-07-24 17:00+00:00,23.0,6.7,279,88.4,428
2025-07-24 18:00+00:00,21.9,5.6,264,52.6,428
2025-07-24 19:00+00:00,19.8,6.7,254,21.2,429
2025-07-24 20:00+00:00,19.2,6.8,258,0.0,429
2025-07-24 21:00+00:00,18.5,6.3,272,0.0,429
2025-07-24 22:00+00:00,18.2,5.8,300,0.0,429
2025-07-24 23:00+00:00,17.0,5.0,322,0.0,430
2025-07-25 00:00+00:00,16.4,3.8,311,0.0,432
2025-07-25 01:00+00:00,16.4,4.4,258,0.0,434
2025-07-25 02:00+00:00,16.2,4.2,260,0.0,436
2025-07-25 03:00+00:00,16.2,5.9,235,0.0,436
2025-07-25 04:00+00:00,16.7,6.8,235,72.7,435
2025-07-25 05:00+00:00,17.9,5.9,235,335.4,434
2025-07-25 06:00+00:00,19.8,5.2,248,498.5,431
2025-07-25 07:00+00:00,21.4,7.6,256,585.2,428
2025-07-25 08:00+00:00,22.3,8.3,250,642.9,426
2025-07-25 09:00+00:00,22.4,8.8,242,338.4,426
2025-07-25 10:00+00:00,22.3,10.2,240,143.4,427
2025-07-25 11:00+00:00,22.2,11.8,251,82.8,427
2025-07-25 12:00+00:00,23.5,9.7,273,382.1,426
2025-07-25 13:00+00:00,24.6,6.3,268,577.6,425
2025-07-25 14:00+00:00,24.8,7.2,251,578.4,424
2025-07-25 15:00+00:00,24.4,10.8,255,531.7,424
2025-07-25 16:00+00:00,23.4,10.5,275,484.0,424
2025-07-25 17:00+00:00,23.1,8.2,280,389.0,426
2025-07-25 18:00+00:00,22.0,7.0,271,293.9,430
2025-07-25 19:00+00:00,20.5,6.3,267,64.6,435
2025-07-25 20:00+00:00,19.5,5.9,258,0.0,439
2025-07-25 21:00+00:00,18.6,5.2,264,0.0,440
2025-07-25 22:00+00:00,18.1,5.4,264,0.0,439
2025-07-25 23:00+00:00,17.6,5.0,270,0.0,438
2025-07-26 00:00+00:00,17.4,6.0,263,0.0,435
2025-07-26 01:00+00:00,17.4,7.9,281,0.0,432
2025-07-26 02:00+00:00,17.0,8.1,305,0.0,429
2025-07-26 03:00+00:00,16.6,6.2,300,0.0,428
2025-07-26 04:00+00:00,16.9,6.7,301,73.9,428
2025-07-26 05:00+00:00,17.8,8.9,308,104.8,427
2025-07-26 06:00+00:00,18.6,6.0,295,67.6,425
2025-07-26 07:00+00:00,19.8,6.8,299,132.1,423
2025-07-26 08:00+00:00,21.4,6.8,310,299.9,421
2025-07-26 09:00+00:00,22.4,6.9,307,203.1,421
2025-07-26 10:00+00:00,23.1,8.1,307,150.1,422
2025-07-26 11:00+00:00,24.3,8.5,308,740.1,423
2025-07-26 12:00+00:00,24.9,7.3,298,605.9,423
2025-07-26 13:00+00:00,24.4,8.3,309,116.3,424
2025-07-26 14:00+00:00,24.9,9.2,312,457.2,424
2025-07-26 15:00+00:00,24.3,11.2,316,510.8,424
2025-07-26 16:00+00:00,24.0,11.7,322,526.3,423
2025-07-26 17:00+00:00,23.1,11.6,328,272.5,423
2025-07-26 18:00+00:00,22.1,9.4,340,255.2,423
2025-07-26 19:00+00:00,20.0,4.9,327,65.7,422
2025-07-26 20:00+00:00,19.8,8.1,328,0.0,422
2025-07-26 21:00+00:00,18.9,9.4,329,0.0,423
2025-07-26 22:00+00:00,18.1,9.3,341,0.0,424
2025-07-26 23:00+00:00,17.6,8.2,352,0.0,425
2025-07-27 00:00+00:00,17.6,8.0,6,0.0,427
2025-07-27 01:00+00:00,17.2,8.3,20,0.0,430
2025-07-27 02:00+00:00,16.6,8.0,16,0.0,432
2025-07-27 03:00+00:00,16.3,8.5,27,0.0,432
2025-07-27 04:00+00:00,16.6,9.6,23,64.4,432
2025-07-27 05:00+00:00,18.0,10.5,24,196.9,431
2025-07-27 06:00+00:00,19.2,9.5,15,284.4,430
2025-07-27 07:00+00:00,19.5,10.2,13,31.1,430
2025-07-27 08:00+00:00,20.0,10.0,14,6.5,429
2025-07-27 09:00+00:00,20.8,9.4,5,39.1,429
2025-07-27 10:00+00:00,22.6,10.1,354,275.7,428
2025-07-27 11:00+00:00,23.3,9.1,338,283.5,428
2025-07-27 12:00+00:00,23.8,9.3,333,207.7,428
2025-07-27 13:00+00:00,23.3,8.8,4,117.9,428
2025-07-27 14:00+00:00,23.2,9.4,360,56.1,428
2025-07-27 15:00+00:00,22.9,10.6,350,18.1,427
2025-07-27 16:00+00:00,23.0,10.0,7,29.4,426
2025-07-27 17:00+00:00,22.6,7.6,3,51.3,426
2025-07-27 18:00+00:00,21.9,7.0,342,5.5,428
2025-07-27 19:00+00:00,20.5,9.0,330,0.0,430
2025-07-27 20:00+00:00,20.0,9.3,324,0.0,432
2025-07-27 21:00+00:00,19.4,11.9,325,0.0,432
2025-07-27 22:00+00:00,19.0,11.5,346,0.0,430
2025-07-27 23:00+00:00,18.5,11.3,343,0.0,429
2025-07-28 00:00+00:00,18.0,10.7,348,0.0,428
2025-07-28 01:00+00:00,17.9,10.4,1,0.0,427
2025-07-28 02:00+00:00,17.5,10.5,355,0.0,427
2025-07-28 03:00+00:00,17.0,12.6,336,0.0,428
2025-07-28 04:00+00:00,16.8,13.4,334,0.0,430
2025-07-28 05:00+00:00,16.9,15.0,342,0.0,431
2025-07-28 06:00+00:00,17.0,15.5,340,0.0,431
2025-07-28 07:00+00:00,17.3,15.9,328,10.4,429
2025-07-28 08:00+00:00,17.4,18.3,328,1.6,428
2025-07-28 09:00+00:00,17.3,16.2,325,1.4,426
2025-07-28 10:00+00:00,17.8,18.6,326,2.5,424
2025-07-28 11:00+00:00,17.9,19.6,328,2.4,422
2025-07-28 12:00+00:00,17.9,19.5,326,2.4,422
2025-07-28 13:00+00:00,18.4,22.9,321,8.9,422
2025-07-28 14:00+00:00,17.9,22.4,322,0.0,423
2025-07-28 15:00+00:00,17.5,20.5,319,0.0,424
2025-07-28 16:00+00:00,18.0,20.5,316,0.0,424
2025-07-28 17:00+00:00,18.1,19.6,316,6.1,425
2025-07-28 18:00+00:00,18.1,18.9,309,0.0,426
2025-07-28 19:00+00:00,17.9,17.7,307,0.0,427
2025-07-28 20:00+00:00,17.5,18.0,298,0.0,427
2025-07-28 21:00+00:00,17.0,19.1,290,0.0,427
2025-07-28 22:00+00:00,16.6,19.4,292,0.0,426
2025-07-28 23:00+00:00,16.5,19.3,290,0.0,426
2025-07-29 00:00+00:00,16.1,19.2,289,0.0,426
2025-07-29 01:00+00:00,15.9,18.5,291,0.0,427
2025-07-29 02:00+00:00,15.6,18.1,287,0.0,428
2025-07-29 03:00+00:00,15.3,18.4,284,0.0,429
2025-07-29 04:00+00:00,15.2,18.6,284,33.3,429
2025-07-29 05:00+00:00,15.9,17.3,286,286.0,429
2025-07-29 06:00+00:00,16.8,18.8,285,563.5,428
2025-07-29 07:00+00:00,18.0,21.0,295,688.1,427
2025-07-29 08:00+00:00,19.2,19.8,293,732.4,426
2025-07-29 09:00+00:00,20.5,22.0,298,653.2,426
2025-07-29 10:00+00:00,20.5,20.1,290,287.4,426
2025-07-29 11:00+00:00,20.8,18.5,294,185.6,426
2025-07-29 12:00+00:00,21.4,16.7,290,388.6,427
2025-07-29 13:00+00:00,21.9,17.4,286,671.1,427
2025-07-29 14:00+00:00,22.2,16.5,284,734.5,428
2025-07-29 15:00+00:00,22.2,14.7,282,672.1,428
2025-07-29 16:00+00:00,21.6,14.2,283,425.1,429
2025-07-29 17:00+00:00,21.0,12.1,276,473.8,429
2025-07-29 18:00+00:00,19.4,13.0,274,286.4,429
2025-07-29 19:00+00:00,17.8,11.0,275,57.9,428
2025-07-29 20:00+00:00,16.4,7.5,262,0.0,428
2025-07-29 21:00+00:00,15.8,7.6,271,0.0,429
2025-07-29 22:00+00:00,15.1,7.9,273,0.0,429
2025-07-29 23:00+00:00,14.1,6.7,268,0.0,431
2025-07-30 00:00+00:00,13.6,6.7,262,0.0,434
2025-07-30 01:00+00:00,12.6,7.2,266,0.0,437
2025-07-30 02:00+00:00,12.0,6.3,263,0.0,439
2025-07-30 03:00+00:00,11.4,5.5,251,0.0,440
2025-07-30 04:00+00:00,12.0,6.4,245,67.8,439
2025-07-30 05:00+00:00,13.6,5.8,236,375.0,438
2025-07-30 06:00+00:00,15.4,6.1,247,556.3,436
2025-07-30 07:00+00:00,17.1,7.1,249,675.2,432
2025-07-30 08:00+00:00,18.9,8.8,251,747.1,430
2025-07-30 09:00+00:00,20.1,10.6,255,754.1,429
2025-07-30 10:00+00:00,20.8,11.7,256,727.2,430
2025-07-30 11:00+00:00,21.1,12.0,254,613.1,430
2025-07-30 12:00+00:00,21.9,12.0,262,649.1,430
2025-07-30 13:00+00:00,22.1,12.9,255,610.5,430
2025-07-30 14:00+00:00,22.1,12.7,259,721.6,430
2025-07-30 15:00+00:00,21.9,11.6,262,683.6,431
2025-07-30 16:00+00:00,21.5,10.3,270,534.8,431
2025-07-30 17:00+00:00,21.0,7.9,274,500.3,433
2025-07-30 18:00+00:00,19.4,3.1,260,338.9,436
2025-07-30 19:00+00:00,17.5,3.5,255,59.1,440
2025-07-30 20:00+00:00,16.4,4.7,277,0.0,442
2025-07-30 21:00+00:00,15.8,3.9,286,0.0,441
2025-07-30 22:00+00:00,15.1,1.8,246,0.0,438
2025-07-30 23:00+00:00,14.1,2.8,195,0.0,436
2025-07-31 00:00+00:00,13.8,2.8,225,0.0,436
2025-07-31 01:00+00:00,12.8,5.6,213,0.0,437
2025-07-31 02:00+00:00,12.9,5.9,220,0.0,438
2025-07-31 03:00+00:00,12.4,6.0,217,0.0,439
2025-07-31 04:00+00:00,13.1,8.4,230,57.6,440
2025-07-31 05:00+00:00,14.4,8.0,243,370.4,440
2025-07-31 06:00+00:00,16.4,6.0,254,521.5,438
2025-07-31 07:00+00:00,18.4,5.2,245,577.4,435
2025-07-31 08:00+00:00,19.8,8.9,246,555.7,432
2025-07-31 09:00+00:00,20.4,11.2,240,466.8,431
2025-07-31 10:00+00:00,21.4,11.8,234,595.1,431
2025-07-31 11:00+00:00,22.5,14.3,224,778.5,431
2025-07-31 12:00+00:00,22.3,16.2,217,583.9,431
2025-07-31 13:00+00:00,18.9,15.9,266,602.2,431
2025-07-31 14:00+00:00,19.9,9.7,245,394.2,431
2025-07-31 15:00+00:00,21.1,10.5,248,678.5,432
2025-07-31 16:00+00:00,17.2,15.2,264,105.5,433
2025-07-31 17:00+00:00,16.0,7.5,233,94.2,434
2025-07-31 18:00+00:00,15.5,6.4,202,0.0,436
2025-07-31 19:00+00:00,14.2,5.4,201,36.2,437
2025-07-31 20:00+00:00,14.4,7.6,207,0.0,438
2025-07-31 21:00+00:00,14.1,7.1,210,0.0,437
2025-07-31 22:00+00:00,14.1,8.8,203,0.0,435
2025-07-31 23:00+00:00,13.9,8.5,208,0.0,434
2025-08-01 00:00+00:00,13.9,8.8,215,0.0,434
2025-08-01 01:00+00:00,13.6,8.4,211,0.0,435
2025-08-01 02:00+00:00,13.4,8.6,217,0.0,435
2025-08-01 03:00+00:00,13.2,8.4,214,0.0,435
2025-08-01 04:00+00:00,13.2,8.1,209,47.0,434
2025-08-01 05:00+00:00,14.4,8.3,193,203.2,433
2025-08-01 06:00+00:00,15.7,8.6,202,266.3,432
2025-08-01 07:00+00:00,17.0,10.9,230,371.6,432
2025-08-01 08:00+00:00,18.2,10.3,226,274.1,431
2025-08-01 09:00+00:00,18.0,9.9,215,9.9,431
2025-08-01 10:00+00:00,19.0,12.8,218,52.6,430
2025-08-01 11:00+00:00,20.4,12.7,224,116.3,430
2025-08-01 12:00+00:00,20.8,11.7,223,31.9,430
2025-08-01 13:00+00:00,20.5,11.7,223,314.4,430
2025-08-01 14:00+00:00,20.6,11.5,228,220.0,430
2025-08-01 15:00+00:00,18.8,11.6,216,170.5,430
2025-08-01 16:00+00:00,19.5,8.5,205,281.9,430
2025-08-01 17:00+00:00,19.0,8.6,211,152.4,430
2025-08-01 18:00+00:00,18.4,5.5,216,207.4,431
2025-08-01 19:00+00:00,15.9,12.8,228,37.1,433
2025-08-01 20:00+00:00,15.6,5.9,225,0.0,435
2025-08-01 21:00+00:00,14.8,5.2,211,0.0,437
2025-08-01 22:00+00:00,14.8,6.0,226,0.0,439
2025-08-01 23:00+00:00,14.1,5.5,221,0.0,440
2025-08-02 00:00+00:00,13.6,5.5,207,0.0,440
2025-08-02 01:00+00:00,13.5,5.9,203,0.0,440
2025-08-02 02:00+00:00,13.4,6.0,201,0.0,440
2025-08-02 03:00+00:00,13.4,7.2,207,0.0,440
2025-08-02 04:00+00:00,13.4,7.2,198,47.9,440
2025-08-02 05:00+00:00,14.5,8.1,183,290.1,439
2025-08-02 06:00+00:00,16.0,7.8,199,509.7,437
2025-08-02 07:00+00:00,17.8,8.1,215,651.1,435
2025-08-02 08:00+00:00,19.6,8.7,220,735.4,433
2025-08-02 09:00+00:00,21.0,10.1,226,776.7,432
2025-08-02 10:00+00:00,22.1,12.2,224,767.7,431
2025-08-02 11:00+00:00,22.3,13.0,227,465.3,430
2025-08-02 12:00+00:00,22.6,12.6,229,343.0,430
2025-08-02 13:00+00:00,23.0,12.5,230,760.2,430
2025-08-02 14:00+00:00,23.2,11.1,238,704.5,430
2025-08-02 15:00+00:00,23.1,9.3,233,682.1,431
2025-08-02 16:00+00:00,22.8,7.3,237,517.6,432
2025-08-02 17:00+00:00,22.1,4.8,248,321.0,435
2025-08-02 18:00+00:00,20.8,1.5,240,162.3,442
2025-08-02 19:00+00:00,19.6,0.5,315,38.0,450
2025-08-02 20:00+00:00,18.7,0.4,90,0.0,457
2025-08-02 21:00+00:00,17.6,0.6,56,0.0,461
2025-08-02 22:00+00:00,16.7,1.5,69,0.0,464
2025-08-02 23:00+00:00,16.1,3.5,51,0.0,463
2025-08-03 00:00+00:00,15.4,4.5,47,0.0,455
2025-08-03 01:00+00:00,16.0,7.4,116,0.0,444
2025-08-03 02:00+00:00,15.2,5.6,130,0.0,436
2025-08-03 03:00+00:00,15.2,1.8,336,0.0,435
2025-08-03 04:00+00:00,15.1,8.4,337,0.0,437
2025-08-03 05:00+00:00,15.2,9.0,327,0.0,439
2025-08-03 06:00+00:00,15.3,9.4,329,0.0,439
2025-08-03 07:00+00:00,15.6,9.7,310,2.2,438
2025-08-03 08:00+00:00,15.6,11.5,304,0.0,437
2025-08-03 09:00+00:00,15.8,11.4,301,0.0,437
2025-08-03 10:00+00:00,16.3,10.5,294,2.6,437
2025-08-03 11:00+00:00,16.9,10.2,298,0.0,436
2025-08-03 12:00+00:00,17.2,10.9,282,0.0,433
2025-08-03 13:00+00:00,18.5,13.6,281,135.0,428
2025-08-03 14:00+00:00,18.5,14.2,278,49.0,425
2025-08-03 15:00+00:00,19.0,11.6,282,122.8,424
2025-08-03 16:00+00:00,19.0,9.6,276,127.6,425
2025-08-03 17:00+00:00,18.8,8.3,269,393.0,426
2025-08-03 18:00+00:00,17.6,5.6,228,255.8,427
2025-08-03 19:00+00:00,16.6,8.6,234,25.9,429
2025-08-03 20:00+00:00,16.4,10.2,249,0.0,431
2025-08-03 21:00+00:00,15.5,9.0,257,0.0,432
2025-08-03 22:00+00:00,14.8,8.3,256,0.0,432
2025-08-03 23:00+00:00,14.2,8.5,252,0.0,433
2025-08-04 00:00+00:00,13.9,8.9,256,0.0,434
2025-08-04 01:00+00:00,13.2,9.9,251,0.0,435
2025-08-04 02:00+00:00,12.8,8.2,234,0.0,435
2025-08-04 03:00+00:00,12.8,8.8,224,0.0,434
2025-08-04 04:00+00:00,13.7,9.3,212,12.5,433
2025-08-04 05:00+00:00,14.4,8.1,193,24.7,432
2025-08-04 06:00+00:00,15.1,9.3,196,0.0,431
2025-08-04 07:00+00:00,15.6,10.7,200,10.9,430
2025-08-04 08:00+00:00,15.8,10.5,200,3.4,429
2025-08-04 09:00+00:00,16.3,14.9,225,20.1,428
2025-08-04 10:00+00:00,16.0,14.1,217,2.6,427
2025-08-04 11:00+00:00,19.0,15.2,226,616.6,426
2025-08-04 12:00+00:00,19.9,16.5,224,596.5,425
2025-08-04 13:00+00:00,18.2,14.1,223,71.6,424
2025-08-04 14:00+00:00,18.1,12.8,212,1.4,424
2025-08-04 15:00+00:00,18.5,14.4,218,32.6,424
2025-08-04 16:00+00:00,19.5,11.7,207,308.2,424
2025-08-04 17:00+00:00,19.5,8.6,188,259.7,425
2025-08-04 18:00+00:00,18.3,8.0,186,321.4,426
2025-08-04 19:00+00:00,17.0,8.3,186,26.6,428
2025-08-04 20:00+00:00,16.4,8.4,199,0.0,430
2025-08-04 21:00+00:00,15.9,8.1,204,0.0,432
2025-08-04 22:00+00:00,15.4,8.3,204,0.0,433
2025-08-04 23:00+00:00,15.3,9.3,204,0.0,434
2025-08-05 00:00+00:00,15.4,11.3,197,0.0,433
2025-08-05 01:00+00:00,15.0,13.8,193,0.0,431
2025-08-05 02:00+00:00,14.9,14.0,203,0.0,429
2025-08-05 03:00+00:00,15.4,14.5,199,0.0,428
2025-08-05 04:00+00:00,15.2,12.5,195,0.0,428
2025-08-05 05:00+00:00,16.0,12.0,192,264.7,428
2025-08-05 06:00+00:00,17.5,13.2,184,338.4,427
2025-08-05 07:00+00:00,18.9,14.2,198,166.5,426
2025-08-05 08:00+00:00,19.6,13.3,196,8.5,425
2025-08-05 09:00+00:00,19.8,13.8,202,1.4,423
2025-08-05 10:00+00:00,21.2,15.8,204,111.9,422
2025-08-05 11:00+00:00,20.9,14.3,211,14.9,422
2025-08-05 12:00+00:00,21.1,15.2,235,36.0,425
2025-08-05 13:00+00:00,18.6,9.8,235,0.0,430
2025-08-05 14:00+00:00,17.9,13.9,289,0.0,433
2025-08-05 15:00+00:00,17.1,13.3,295,0.0,434
2025-08-05 16:00+00:00,16.5,9.9,302,0.0,433
2025-08-05 17:00+00:00,16.0,10.6,274,0.0,433
2025-08-05 18:00+00:00,15.4,11.2,267,0.0,433
2025-08-05 19:00+00:00,14.4,10.8,273,0.0,433
2025-08-05 20:00+00:00,13.8,11.0,271,0.0,433
2025-08-05 21:00+00:00,13.6,10.3,263,0.0,432
2025-08-05 22:00+00:00,13.5,10.5,253,0.0,430
2025-08-05 23:00+00:00,13.4,11.5,253,0.0,429
2025-08-06 00:00+00:00,13.4,11.9,260,0.0,429
2025-08-06 01:00+00:00,13.1,11.8,257,0.0,430
2025-08-06 02:00+00:00,12.9,14.0,263,0.0,431
2025-08-06 03:00+00:00,12.2,13.7,269,0.0,431
2025-08-06 04:00+00:00,11.7,13.0,268,39.3,431
2025-08-06 05:00+00:00,12.4,14.5,262,348.0,430
2025-08-06 06:00+00:00,13.7,13.2,256,547.3,429
2025-08-06 07:00+00:00,15.0,15.2,259,670.7,429
2025-08-06 08:00+00:00,16.4,17.3,268,742.9,428
2025-08-06 09:00+00:00,17.4,18.4,273,693.5,427
2025-08-06 10:00+00:00,18.4,18.6,274,718.4,427
2025-08-06 11:00+00:00,19.1,17.5,274,711.7,426
2025-08-06 12:00+00:00,19.8,17.4,275,742.8,425
2025-08-06 13:00+00:00,19.8,17.9,275,686.5,425
2025-08-06 14:00+00:00,19.7,18.7,286,525.8,424
2025-08-06 15:00+00:00,19.0,17.8,281,508.5,424
2025-08-06 16:00+00:00,18.9,14.8,271,536.2,423
2025-08-06 17:00+00:00,18.1,10.1,266,462.0,424
2025-08-06 18:00+00:00,16.5,7.2,267,308.1,426
2025-08-06 19:00+00:00,14.8,6.6,257,28.2,429
2025-08-06 20:00+00:00,14.2,6.9,247,0.0,431
2025-08-06 21:00+00:00,13.2,5.7,233,0.0,432
2025-08-06 22:00+00:00,12.8,6.4,216,0.0,433
2025-08-06 23:00+00:00,12.8,7.0,215,0.0,433
2025-08-07 00:00+00:00,12.5,6.9,210,0.0,433
2025-08-07 01:00+00:00,11.9,7.3,208,0.0,432
2025-08-07 02:00+00:00,11.6,7.4,206,0.0,432
2025-08-07 03:00+00:00,10.9,6.4,209,0.0,432
2025-08-07 04:00+00:00,11.4,6.6,202,26.8,432
2025-08-07 05:00+00:00,12.8,8.1,193,283.5,431
2025-08-07 06:00+00:00,14.2,6.0,189,135.0,429
2025-08-07 07:00+00:00,15.7,5.4,182,66.6,426
2025-08-07 08:00+00:00,17.9,5.4,182,225.4,424
2025-08-07 09:00+00:00,20.0,7.6,198,386.7,423
2025-08-07 10:00+00:00,21.4,11.2,208,740.8,424
2025-08-07 11:00+00:00,22.1,11.0,208,701.8,424
2025-08-07 12:00+00:00,22.6,10.7,207,674.2,424
2025-08-07 13:00+00:00,22.9,10.1,220,458.7,424
2025-08-07 14:00+00:00,22.6,11.3,223,243.6,424
2025-08-07 15:00+00:00,22.5,8.4,199,157.1,424
2025-08-07 16:00+00:00,21.5,7.3,160,93.2,425
2025-08-07 17:00+00:00,20.9,5.1,157,481.9,425
2025-08-07 18:00+00:00,18.8,5.1,148,305.5,425
2025-08-07 19:00+00:00,17.1,7.2,152,0.0,426
2025-08-07 20:00+00:00,17.4,8.2,161,0.0,427
2025-08-07 21:00+00:00,16.5,7.3,150,0.0,429
2025-08-07 22:00+00:00,16.0,7.5,138,0.0,430
2025-08-07 23:00+00:00,16.0,9.1,146,0.0,432
2025-08-08 00:00+00:00,15.7,8.9,156,0.0,433
2025-08-08 01:00+00:00,14.9,7.8,158,0.0,434
2025-08-08 02:00+00:00,14.9,7.7,159,0.0,434
2025-08-08 03:00+00:00,15.3,9.5,179,0.0,432
2025-08-08 04:00+00:00,15.2,10.2,166,0.0,430
2025-08-08 05:00+00:00,15.8,10.7,192,148.6,428
2025-08-08 06:00+00:00,17.3,9.0,182,249.8,427
2025-08-08 07:00+00:00,18.5,9.3,209,284.1,427
2025-08-08 08:00+00:00,19.6,8.6,221,238.7,427
2025-08-08 09:00+00:00,21.1,7.9,243,200.0,426
2025-08-08 10:00+00:00,22.8,8.5,252,229.0,424
2025-08-08 11:00+00:00,24.2,9.8,256,428.6,423
2025-08-08 12:00+00:00,24.8,10.4,268,238.6,423
2025-08-08 13:00+00:00,25.2,11.9,285,246.2,424
2025-08-08 14:00+00:00,25.2,12.3,301,289.1,425
2025-08-08 15:00+00:00,24.6,11.1,310,195.0,425
2025-08-08 16:00+00:00,23.8,7.5,318,121.5,426
2025-08-08 17:00+00:00,22.5,5.5,311,55.5,429
2025-08-08 18:00+00:00,20.9,5.1,302,28.2,438
2025-08-08 19:00+00:00,19.9,2.7,278,0.0,451
2025-08-08 20:00+00:00,19.5,0.8,207,0.0,459
2025-08-08 21:00+00:00,18.5,1.9,163,0.0,460
2025-08-08 22:00+00:00,17.2,5.8,158,0.0,458
2025-08-08 23:00+00:00,16.4,6.9,175,0.0,455
2025-08-09 00:00+00:00,16.0,6.5,174,0.0,453
2025-08-09 01:00+00:00,14.6,6.5,185,0.0,451
2025-08-09 02:00+00:00,13.9,5.4,180,0.0,449
2025-08-09 03:00+00:00,13.4,3.8,191,0.0,449
2025-08-09 04:00+00:00,13.5,2.1,165,28.2,450
2025-08-09 05:00+00:00,15.1,4.3,152,314.3,450
2025-08-09 06:00+00:00,17.1,2.2,175,525.4,447
2025-08-09 07:00+00:00,19.2,2.2,194,662.5,443
2025-08-09 08:00+00:00,21.4,2.9,210,758.1,439
2025-08-09 09:00+00:00,23.2,3.7,223,808.0,436
2025-08-09 10:00+00:00,24.7,4.7,238,837.7,434
2025-08-09 11:00+00:00,25.7,5.8,250,851.7,433
2025-08-09 12:00+00:00,26.2,5.8,250,849.6,432
2025-08-09 13:00+00:00,26.6,5.8,250,622.1,432
2025-08-09 14:00+00:00,26.4,6.4,254,358.7,433
2025-08-09 15:00+00:00,26.4,6.4,243,613.6,435
2025-08-09 16:00+00:00,26.0,3.9,208,631.3,438
2025-08-09 17:00+00:00,25.0,4.0,120,481.7,440
2025-08-09 18:00+00:00,22.3,6.1,113,293.0,440
2025-08-09 19:00+00:00,21.1,7.3,126,15.5,439
2025-08-09 20:00+00:00,20.2,7.0,136,0.0,438
2025-08-09 21:00+00:00,20.1,8.0,144,0.0,439
2025-08-09 22:00+00:00,20.2,9.3,152,0.0,440
2025-08-09 23:00+00:00,20.0,9.1,158,0.0,440
2025-08-10 00:00+00:00,19.5,10.0,167,0.0,438
2025-08-10 01:00+00:00,18.8,9.2,169,0.0,436
2025-08-10 02:00+00:00,17.8,8.6,206,0.0,435
2025-08-10 03:00+00:00,18.0,11.3,248,0.0,437
2025-08-10 04:00+00:00,18.7,12.4,280,0.0,439
2025-08-10 05:00+00:00,19.4,15.0,296,311.1,440
2025-08-10 06:00+00:00,20.4,14.0,296,545.1,437
2025-08-10 07:00+00:00,21.5,15.8,305,671.8,432
2025-08-10 08:00+00:00,22.6,16.7,304,706.3,428
2025-08-10 09:00+00:00,23.0,19.6,296,676.1,427
2025-08-10 10:00+00:00,23.5,20.4,297,745.5,427
2025-08-10 11:00+00:00,23.4,19.8,298,817.1,427
2025-08-10 12:00+00:00,23.4,20.3,301,806.1,427
2025-08-10 13:00+00:00,23.5,20.9,308,761.0,426
2025-08-10 14:00+00:00,23.3,21.1,314,753.9,426
2025-08-10 15:00+00:00,22.8,19.5,313,637.2,426
2025-08-10 16:00+00:00,22.2,18.6,317,534.4,426
2025-08-10 17:00+00:00,21.3,15.1,325,360.4,427
2025-08-10 18:00+00:00,19.9,11.7,328,225.0,429
2025-08-10 19:00+00:00,18.4,8.8,327,16.1,432
2025-08-10 20:00+00:00,17.1,8.5,343,0.0,434
2025-08-10 21:00+00:00,15.9,6.3,345,0.0,435
2025-08-10 22:00+00:00,14.9,5.2,326,0.0,436
2025-08-10 23:00+00:00,14.2,5.5,306,0.0,437
2025-08-11 00:00+00:00,13.9,5.9,297,0.0,438
2025-08-11 01:00+00:00,11.9,6.2,296,0.0,439
2025-08-11 02:00+00:00,11.4,5.8,300,0.0,440
2025-08-11 03:00+00:00,11.1,4.8,297,0.0,440
2025-08-11 04:00+00:00,11.1,4.6,301,14.9,440
2025-08-11 05:00+00:00,13.2,5.5,297,335.9,438
2025-08-11 06:00+00:00,15.4,3.1,283,555.1,435
2025-08-11 07:00+00:00,17.7,4.2,282,681.4,430
2025-08-11 08:00+00:00,19.2,6.0,277,759.4,427
2025-08-11 09:00+00:00,20.3,7.4,270,788.6,426
2025-08-11 10:00+00:00,21.2,8.9,277,771.1,427
2025-08-11 11:00+00:00,21.8,8.9,284,498.2,427
2025-08-11 12:00+00:00,22.6,7.6,277,811.9,427
2025-08-11 13:00+00:00,23.2,6.7,268,839.5,427
2025-08-11 14:00+00:00,23.5,7.4,274,775.9,427
2025-08-11 15:00+00:00,23.5,7.2,274,759.8,427
2025-08-11 16:00+00:00,23.2,6.3,267,676.2,428
2025-08-11 17:00+00:00,22.2,3.4,252,529.1,430
2025-08-11 18:00+00:00,20.5,3.6,264,272.8,434
2025-08-11 19:00+00:00,18.3,5.9,317,16.7,439
2025-08-11 20:00+00:00,17.2,6.1,360,0.0,445
2025-08-11 21:00+00:00,16.6,3.0,52,0.0,452
2025-08-11 22:00+00:00,15.8,2.3,129,0.0,459
2025-08-11 23:00+00:00,15.2,3.6,147,0.0,464
2025-08-12 00:00+00:00,15.1,2.9,120,0.0,464
2025-08-12 01:00+00:00,13.3,4.3,147,0.0,462
2025-08-12 02:00+00:00,12.9,6.0,171,0.0,459
2025-08-12 03:00+00:00,12.8,5.0,182,0.0,455
2025-08-12 04:00+00:00,12.7,5.2,184,15.3,449
2025-08-12 05:00+00:00,14.7,5.8,175,304.7,444
2025-08-12 06:00+00:00,16.9,2.6,164,540.8,438
2025-08-12 07:00+00:00,19.5,1.5,173,672.8,432
2025-08-12 08:00+00:00,22.0,2.6,196,749.5,428
2025-08-12 09:00+00:00,23.7,4.2,216,749.2,426
2025-08-12 10:00+00:00,24.6,3.9,217,813.1,427
2025-08-12 11:00+00:00,25.4,4.1,225,836.3,427
2025-08-12 12:00+00:00,26.0,3.2,232,835.7,427
2025-08-12 13:00+00:00,26.7,2.7,212,820.5,427
2025-08-12 14:00+00:00,26.9,2.5,210,792.2,428
2025-08-12 15:00+00:00,26.9,1.8,246,725.4,430
2025-08-12 16:00+00:00,26.5,1.8,186,654.2,432
2025-08-12 17:00+00:00,26.0,2.3,157,515.4,434
2025-08-12 18:00+00:00,23.2,1.3,90,277.3,436
2025-08-12 19:00+00:00,21.1,4.1,113,0.0,438
2025-08-12 20:00+00:00,20.0,6.1,124,0.0,439
2025-08-12 21:00+00:00,19.1,6.9,123,0.0,439
2025-08-12 22:00+00:00,19.0,8.2,104,0.0,439
2025-08-12 23:00+00:00,18.5,9.5,117,0.0,438
2025-08-13 00:00+00:00,18.1,10.4,124,0.0,437
2025-08-13 01:00+00:00,17.0,10.4,122,0.0,436
2025-08-13 02:00+00:00,16.6,10.2,118,0.0,435
2025-08-13 03:00+00:00,16.2,10.5,125,0.0,435
2025-08-13 04:00+00:00,16.0,10.3,130,15.8,436
2025-08-13 05:00+00:00,17.0,10.4,127,301.3,436
2025-08-13 06:00+00:00,19.0,8.4,115,526.3,434
2025-08-13 07:00+00:00,21.3,8.3,114,666.3,432
2025-08-13 08:00+00:00,23.9,9.3,118,743.0,430
2025-08-13 09:00+00:00,26.0,10.3,121,754.1,430
2025-08-13 10:00+00:00,27.5,11.4,123,825.9,431
2025-08-13 11:00+00:00,28.5,10.5,121,841.0,431
2025-08-13 12:00+00:00,29.2,10.4,113,839.2,431
2025-08-13 13:00+00:00,29.5,9.9,105,347.9,430
2025-08-13 14:00+00:00,30.1,9.3,106,628.5,430
2025-08-13 15:00+00:00,30.0,9.2,96,672.4,431
2025-08-13 16:00+00:00,29.4,10.9,84,607.9,433
2025-08-13 17:00+00:00,27.8,9.8,82,306.8,434
2025-08-13 18:00+00:00,25.9,10.6,69,137.2,435
2025-08-13 19:00+00:00,24.1,13.2,70,0.0,436
2025-08-13 20:00+00:00,23.5,13.2,95,0.0,436
2025-08-13 21:00+00:00,22.5,11.4,87,0.0,436
2025-08-13 22:00+00:00,21.9,11.4,93,0.0,436
2025-08-13 23:00+00:00,21.2,10.6,89,0.0,436
2025-08-14 00:00+00:00,20.6,10.6,87,0.0,437
2025-08-14 01:00+00:00,19.4,10.6,81,0.0,438
2025-08-14 02:00+00:00,18.6,10.1,80,0.0,439
2025-08-14 03:00+00:00,17.9,9.4,77,0.0,439
2025-08-14 04:00+00:00,17.4,10.5,73,16.3,439
2025-08-14 05:00+00:00,18.3,10.2,82,305.2,439
2025-08-14 06:00+00:00,20.1,6.5,84,540.1,438
2025-08-14 07:00+00:00,22.5,6.9,83,671.6,436
2025-08-14 08:00+00:00,25.1,7.6,89,750.9,435
2025-08-14 09:00+00:00,27.6,7.9,101,798.2,433
2025-08-14 10:00+00:00,29.6,10.3,119,825.4,432
2025-08-14 11:00+00:00,30.6,11.7,128,836.7,431
2025-08-14 12:00+00:00,31.2,10.0,129,837.7,431
2025-08-14 13:00+00:00,31.8,9.7,117,820.1,432
2025-08-14 14:00+00:00,31.7,10.4,111,789.0,433
2025-08-14 15:00+00:00,31.4,11.3,107,737.7,434
2025-08-14 16:00+00:00,30.7,9.4,107,655.4,435
2025-08-14 17:00+00:00,29.2,7.1,106,517.5,436
2025-08-14 18:00+00:00,27.0,7.9,91,255.9,436
2025-08-14 19:00+00:00,26.1,12.4,87,0.0,435
2025-08-14 20:00+00:00,25.0,11.4,93,0.0,434
2025-08-14 21:00+00:00,24.0,10.3,94,0.0,434
2025-08-14 22:00+00:00,23.1,10.0,99,0.0,434
2025-08-14 23:00+00:00,22.6,10.8,108,0.0,435
2025-08-15 00:00+00:00,22.0,9.9,109,0.0,436
2025-08-15 01:00+00:00,20.6,9.7,114,0.0,436
2025-08-15 02:00+00:00,19.9,8.3,120,0.0,437
2025-08-15 03:00+00:00,19.1,7.7,121,0.0,438
2025-08-15 04:00+00:00,18.8,7.5,120,16.8,438
2025-08-15 05:00+00:00,19.9,9.3,126,294.5,438
2025-08-15 06:00+00:00,21.6,7.8,124,536.1,437
2025-08-15 07:00+00:00,23.8,7.0,125,667.4,436
2025-08-15 08:00+00:00,26.0,6.6,135,744.5,435
2025-08-15 09:00+00:00,28.1,5.9,145,797.6,434
2025-08-15 10:00+00:00,30.0,5.8,150,822.2,434
2025-08-15 11:00+00:00,31.2,7.2,161,831.3,434
2025-08-15 12:00+00:00,32.0,7.6,175,810.4,434
2025-08-15 13:00+00:00,32.8,9.2,181,732.6,433
2025-08-15 14:00+00:00,32.8,8.8,195,638.8,434
2025-08-15 15:00+00:00,32.5,8.9,222,529.3,436
2025-08-15 16:00+00:00,31.8,7.6,232,421.9,438
2025-08-15 17:00+00:00,30.5,3.6,229,503.4,441
2025-08-15 18:00+00:00,29.7,0.5,90,205.3,444
2025-08-15 19:00+00:00,28.5,1.7,148,0.0,448
2025-08-15 20:00+00:00,26.1,5.4,296,0.0,450
2025-08-15 21:00+00:00,25.9,12.3,331,0.0,450
2025-08-15 22:00+00:00,24.2,15.2,347,0.0,448
2025-08-15 23:00+00:00,22.7,14.1,345,0.0,446
2025-08-16 00:00+00:00,21.6,13.4,340,0.0,444
2025-08-16 01:00+00:00,20.1,11.9,338,0.0,442
2025-08-16 02:00+00:00,19.4,10.0,327,0.0,441
2025-08-16 03:00+00:00,18.9,9.9,312,0.0,441
2025-08-16 04:00+00:00,18.2,9.9,305,0.0,440
2025-08-16 05:00+00:00,18.8,9.9,305,276.1,440
2025-08-16 06:00+00:00,20.0,11.9,304,513.7,438
2025-08-16 07:00+00:00,21.3,11.2,298,622.9,436
2025-08-16 08:00+00:00,22.6,12.4,300,696.5,435
2025-08-16 09:00+00:00,24.0,13.0,307,697.0,435
2025-08-16 10:00+00:00,25.4,13.5,307,755.1,436
2025-08-16 11:00+00:00,26.2,14.3,301,776.6,436
2025-08-16 12:00+00:00,26.6,15.7,300,799.8,435
2025-08-16 13:00+00:00,25.4,17.7,294,541.2,434
2025-08-16 14:00+00:00,25.3,17.8,293,525.6,433
2025-08-16 15:00+00:00,24.9,18.6,302,644.9,432
2025-08-16 16:00+00:00,24.2,16.3,298,602.5,431
2025-08-16 17:00+00:00,23.5,14.0,317,433.7,430
2025-08-16 18:00+00:00,21.8,15.2,336,96.5,430
2025-08-16 19:00+00:00,20.3,13.9,335,0.0,430
2025-08-16 20:00+00:00,18.8,13.6,336,0.0,431
2025-08-16 21:00+00:00,17.5,9.7,331,0.0,432
2025-08-16 22:00+00:00,16.2,7.5,310,0.0,433
2025-08-16 23:00+00:00,15.8,8.3,303,0.0,434
2025-08-17 00:00+00:00,15.3,8.6,306,0.0,435
2025-08-17 01:00+00:00,13.5,7.8,302,0.0,436
2025-08-17 02:00+00:00,13.3,8.8,293,0.0,436
2025-08-17 03:00+00:00,13.0,9.1,284,0.0,436
2025-08-17 04:00+00:00,12.8,9.6,290,0.0,435
2025-08-17 05:00+00:00,13.8,9.0,286,272.4,434
2025-08-17 06:00+00:00,15.2,9.6,291,539.2,432
2025-08-17 07:00+00:00,17.1,10.2,288,688.0,430
2025-08-17 08:00+00:00,18.7,13.1,300,553.3,429
2025-08-17 09:00+00:00,20.4,15.2,310,813.1,428
2025-08-17 10:00+00:00,21.6,15.1,315,775.0,428
2025-08-17 11:00+00:00,22.9,15.3,316,717.7,428
2025-08-17 12:00+00:00,23.0,15.1,319,434.4,428
2025-08-17 13:00+00:00,22.8,13.3,320,301.0,428
2025-08-17 14:00+00:00,22.6,12.9,323,85.3,428
2025-08-17 15:00+00:00,22.6,13.7,327,187.3,428
2025-08-17 16:00+00:00,22.5,12.5,324,150.5,429
2025-08-17 17:00+00:00,22.0,8.7,312,144.6,429
2025-08-17 18:00+00:00,20.0,7.9,347,155.9,430
2025-08-17 19:00+00:00,18.8,13.0,5,0.0,430
2025-08-17 20:00+00:00,17.4,10.8,359,0.0,431
2025-08-17 21:00+00:00,16.1,9.0,359,0.0,431
2025-08-17 22:00+00:00,15.0,8.3,6,0.0,431
2025-08-17 23:00+00:00,14.0,7.3,16,0.0,431
2025-08-18 00:00+00:00,12.6,4.9,4,0.0,433
2025-08-18 01:00+00:00,11.4,5.2,6,0.0,435
2025-08-18 02:00+00:00,10.9,4.6,351,0.0,436
2025-08-18 03:00+00:00,10.8,4.7,344,0.0,436
2025-08-18 04:00+00:00,10.9,5.5,341,0.0,435
2025-08-18 05:00+00:00,12.2,7.0,339,214.9,434
2025-08-18 06:00+00:00,14.1,6.8,357,422.2,432
2025-08-18 07:00+00:00,16.1,7.5,10,553.6,430
2025-08-18 08:00+00:00,18.1,10.5,33,683.1,428
2025-08-18 09:00+00:00,18.5,9.3,25,127.0,428
2025-08-18 10:00+00:00,19.0,8.3,16,64.5,428
2025-08-18 11:00+00:00,19.5,8.8,17,65.3,428
2025-08-18 12:00+00:00,20.4,9.6,20,61.6,428
2025-08-18 13:00+00:00,21.0,9.3,25,111.1,427
2025-08-18 14:00+00:00,21.3,9.7,18,282.5,427
2025-08-18 15:00+00:00,21.0,8.5,13,119.0,427
2025-08-18 16:00+00:00,20.9,7.6,18,312.0,428
2025-08-18 17:00+00:00,20.3,3.4,32,225.4,431
2025-08-18 18:00+00:00,18.6,0.7,166,167.4,436
2025-08-18 19:00+00:00,17.5,2.4,189,0.0,443
2025-08-18 20:00+00:00,17.0,2.9,187,0.0,449
2025-08-18 21:00+00:00,16.6,3.5,192,0.0,454
2025-08-18 22:00+00:00,16.2,4.8,202,0.0,459
2025-08-18 23:00+00:00,15.6,5.7,224,0.0,462
2025-08-19 00:00+00:00,14.8,5.9,239,0.0,462
2025-08-19 01:00+00:00,13.1,3.2,236,0.0,459
2025-08-19 02:00+00:00,12.8,3.2,218,0.0,456
2025-08-19 03:00+00:00,12.1,5.6,207,0.0,453
2025-08-19 04:00+00:00,12.0,5.5,212,0.0,448
2025-08-19 05:00+00:00,13.9,6.6,229,233.6,444
2025-08-19 06:00+00:00,16.4,4.6,234,489.4,439
2025-08-19 07:00+00:00,19.0,4.6,261,597.4,433
2025-08-19 08:00+00:00,20.8,6.0,273,654.3,429
2025-08-19 09:00+00:00,22.0,6.8,270,715.5,428
2025-08-19 10:00+00:00,22.8,6.4,260,542.2,429
2025-08-19 11:00+00:00,23.1,6.1,256,343.8,430
2025-08-19 12:00+00:00,24.0,5.4,256,453.1,430
2025-08-19 13:00+00:00,24.5,8.2,230,471.8,430
2025-08-19 14:00+00:00,24.7,7.3,237,487.0,430
2025-08-19 15:00+00:00,25.0,3.8,287,527.6,432
2025-08-19 16:00+00:00,24.9,2.3,247,528.9,435
2025-08-19 17:00+00:00,23.5,3.1,183,439.1,437
2025-08-19 18:00+00:00,21.4,5.0,154,196.7,436
2025-08-19 19:00+00:00,19.8,6.6,193,0.0,435
2025-08-19 20:00+00:00,20.0,10.7,193,0.0,434
2025-08-19 21:00+00:00,19.1,11.4,185,0.0,435
2025-08-19 22:00+00:00,18.2,10.8,195,0.0,437
2025-08-19 23:00+00:00,17.6,9.8,208,0.0,439
2025-08-20 00:00+00:00,16.8,8.8,213,0.0,439
2025-08-20 01:00+00:00,15.2,9.2,215,0.0,439
2025-08-20 02:00+00:00,14.9,8.6,213,0.0,439
2025-08-20 03:00+00:00,13.5,5.2,270,0.0,440
2025-08-20 04:00+00:00,13.1,5.0,240,0.0,442
2025-08-20 05:00+00:00,14.7,5.6,287,134.3,442
2025-08-20 06:00+00:00,16.6,4.2,313,352.9,440
2025-08-20 07:00+00:00,18.5,7.1,344,595.3,437
2025-08-20 08:00+00:00,20.4,7.5,352,547.2,435
2025-08-20 09:00+00:00,22.0,7.7,342,731.7,433
2025-08-20 10:00+00:00,23.1,8.3,330,726.5,432
2025-08-20 11:00+00:00,24.0,11.7,322,795.1,431
2025-08-20 12:00+00:00,24.4,11.5,331,628.8,430
2025-08-20 13:00+00:00,24.5,12.0,347,745.4,430
2025-08-20 14:00+00:00,23.7,15.9,357,661.1,430
2025-08-20 15:00+00:00,22.1,15.9,14,457.2,429
2025-08-20 16:00+00:00,21.6,14.0,29,496.5,429
2025-08-20 17:00+00:00,20.9,11.5,39,405.8,428
2025-08-20 18:00+00:00,19.5,9.0,46,174.9,428
2025-08-20 19:00+00:00,18.0,8.0,52,0.0,427
2025-08-20 20:00+00:00,17.0,12.7,67,0.0,427
2025-08-20 21:00+00:00,15.7,12.8,74,0.0,427
2025-08-20 22:00+00:00,14.6,10.7,76,0.0,427
2025-08-20 23:00+00:00,13.6,8.7,77,0.0,427
2025-08-21 00:00+00:00,12.9,7.8,77,0.0,427
2025-08-21 01:00+00:00,11.4,8.8,81,0.0,428
2025-08-21 02:00+00:00,10.9,8.0,81,0.0,428
2025-08-21 03:00+00:00,10.2,6.9,85,0.0,428
2025-08-21 04:00+00:00,9.8,6.5,93,0.0,428
2025-08-21 05:00+00:00,10.9,8.1,87,256.7,428
2025-08-21 06:00+00:00,12.7,6.7,90,543.1,428
2025-08-21 07:00+00:00,15.0,6.9,96,692.5,428
2025-08-21 08:00+00:00,17.1,7.0,103,778.7,428
2025-08-21 09:00+00:00,18.8,6.2,112,832.2,428
2025-08-21 10:00+00:00,20.0,4.6,108,861.1,429
2025-08-21 11:00+00:00,21.0,3.3,68,874.5,429
2025-08-21 12:00+00:00,21.6,2.2,48,876.9,429
2025-08-21 13:00+00:00,22.2,4.2,295,848.5,429
2025-08-21 14:00+00:00,22.4,6.5,300,761.3,429
2025-08-21 15:00+00:00,22.1,6.3,288,661.0,430
2025-08-21 16:00+00:00,21.8,3.2,270,529.2,432
2025-08-21 17:00+00:00,21.4,0.9,90,454.2,433
2025-08-21 18:00+00:00,18.2,5.7,58,178.9,433
2025-08-21 19:00+00:00,18.1,10.7,82,0.0,432
2025-08-21 20:00+00:00,16.9,8.0,115,0.0,432
2025-08-21 21:00+00:00,15.5,5.5,139,0.0,434
2025-08-21 22:00+00:00,15.6,0.6,342,0.0,437
2025-08-21 23:00+00:00,15.9,9.4,337,0.0,439
2025-08-22 00:00+00:00,15.4,12.3,349,0.0,438
2025-08-22 01:00+00:00,14.4,8.5,342,0.0,436
2025-08-22 02:00+00:00,13.6,8.2,327,0.0,434
2025-08-22 03:00+00:00,12.4,11.7,313,0.0,434
2025-08-22 04:00+00:00,11.4,10.4,306,0.0,435
2025-08-22 05:00+00:00,12.1,9.7,297,236.3,435
2025-08-22 06:00+00:00,13.8,10.1,290,519.4,433
2025-08-22 07:00+00:00,15.6,11.9,292,663.8,430
2025-08-22 08:00+00:00,17.1,14.9,295,746.3,428
2025-08-22 09:00+00:00,18.4,17.2,294,780.5,427
2025-08-22 10:00+00:00,19.5,19.7,297,775.9,427
2025-08-22 11:00+00:00,19.8,21.1,293,624.5,427
2025-08-22 12:00+00:00,19.2,21.5,292,152.5,427
2025-08-22 13:00+00:00,19.5,22.6,292,349.4,427
2025-08-22 14:00+00:00,19.5,20.5,290,287.1,427
2025-08-22 15:00+00:00,19.5,20.6,293,367.8,427
2025-08-22 16:00+00:00,18.7,20.9,301,61.4,427
2025-08-22 17:00+00:00,17.1,19.0,303,187.7,428
2025-08-22 18:00+00:00,16.5,15.3,297,91.6,429
2025-08-22 19:00+00:00,15.2,11.6,277,0.0,430
2025-08-22 20:00+00:00,14.6,10.4,269,0.0,431
2025-08-22 21:00+00:00,14.1,10.8,259,0.0,431
2025-08-22 22:00+00:00,13.9,12.4,256,0.0,431
2025-08-22 23:00+00:00,13.6,12.7,257,0.0,431
2025-08-23 00:00+00:00,13.2,12.8,259,0.0,432
2025-08-23 01:00+00:00,12.7,13.5,262,0.0,433
2025-08-23 02:00+00:00,12.4,14.1,264,0.0,433
2025-08-23 03:00+00:00,12.0,13.4,265,0.0,433
2025-08-23 04:00+00:00,11.5,13.9,266,0.0,432
2025-08-23 05:00+00:00,11.9,14.3,265,198.7,431
2025-08-23 06:00+00:00,13.0,16.1,266,450.4,430
2025-08-23 07:00+00:00,14.1,19.4,276,467.7,429
2025-08-23 08:00+00:00,15.3,19.9,274,647.4,428
2025-08-23 09:00+00:00,16.2,21.3,275,681.2,428
2025-08-23 10:00+00:00,15.9,20.0,269,432.2,428
2025-08-23 11:00+00:00,17.0,22.2,266,246.3,428
2025-08-23 12:00+00:00,17.4,22.4,276,609.3,428
2025-08-23 13:00+00:00,15.6,19.1,282,565.9,427
2025-08-23 14:00+00:00,15.5,20.6,288,303.7,427
2025-08-23 15:00+00:00,15.7,21.5,301,537.1,427
2025-08-23 16:00+00:00,13.9,20.1,316,248.8,426
2025-08-23 17:00+00:00,13.4,16.6,319,256.3,426
2025-08-23 18:00+00:00,12.2,16.8,318,37.6,426
2025-08-23 19:00+00:00,11.2,14.5,306,0.0,427
2025-08-23 20:00+00:00,10.4,13.2,300,0.0,427
2025-08-23 21:00+00:00,10.2,13.3,297,0.0,427
2025-08-23 22:00+00:00,9.8,12.0,291,0.0,428
2025-08-23 23:00+00:00,9.7,11.5,281,0.0,428
2025-08-24 00:00+00:00,9.6,12.5,281,0.0,428
2025-08-24 01:00+00:00,8.7,13.7,283,0.0,429
2025-08-24 02:00+00:00,8.5,13.7,280,0.0,429
2025-08-24 03:00+00:00,8.4,13.7,280,0.0,430
2025-08-24 04:00+00:00,8.4,13.3,280,0.0,430
2025-08-24 05:00+00:00,9.3,13.8,281,202.0,430
2025-08-24 06:00+00:00,11.0,12.5,274,486.4,429
2025-08-24 07:00+00:00,13.1,12.4,272,676.4,427
2025-08-24 08:00+00:00,15.2,14.2,272,760.6,426
2025-08-24 09:00+00:00,16.9,16.1,274,814.9,425
2025-08-24 10:00+00:00,18.0,20.0,284,833.7,424
2025-08-24 11:00+00:00,18.5,20.1,282,643.2,424
2025-08-24 12:00+00:00,19.2,21.0,280,664.0,424
2025-08-24 13:00+00:00,19.1,21.5,284,637.0,425
2025-08-24 14:00+00:00,19.1,20.9,280,631.6,425
2025-08-24 15:00+00:00,18.7,20.1,280,462.6,425
2025-08-24 16:00+00:00,18.0,17.6,283,257.7,425
2025-08-24 17:00+00:00,17.2,13.3,286,215.8,425
2025-08-24 18:00+00:00,15.3,9.4,288,125.3,425
2025-08-24 19:00+00:00,14.2,9.8,264,0.0,426
2025-08-24 20:00+00:00,13.8,11.8,258,0.0,427
2025-08-24 21:00+00:00,13.6,13.4,264,0.0,428
2025-08-24 22:00+00:00,13.0,12.3,264,0.0,429
2025-08-24 23:00+00:00,12.6,12.8,265,0.0,430
2025-08-25 00:00+00:00,12.2,12.8,260,0.0,430
2025-08-25 01:00+00:00,12.2,14.4,261,0.0,430
2025-08-25 02:00+00:00,11.9,14.0,258,0.0,430
2025-08-25 03:00+00:00,11.6,13.9,266,0.0,430
2025-08-25 04:00+00:00,11.1,13.5,268,0.0,430
2025-08-25 05:00+00:00,11.6,14.8,267,154.1,429
2025-08-25 06:00+00:00,12.6,13.9,267,322.6,428
2025-08-25 07:00+00:00,14.0,16.2,272,489.7,426
2025-08-25 08:00+00:00,15.5,18.5,278,687.3,425
2025-08-25 09:00+00:00,16.7,21.3,284,690.8,424
2025-08-25 10:00+00:00,16.7,20.9,281,233.4,424
2025-08-25 11:00+00:00,17.2,20.6,280,377.4,424
2025-08-25 12:00+00:00,17.6,21.2,279,214.9,424
2025-08-25 13:00+00:00,17.3,22.6,274,306.8,424
2025-08-25 14:00+00:00,17.5,20.9,283,439.6,424
2025-08-25 15:00+00:00,17.1,19.3,291,406.8,424
2025-08-25 16:00+00:00,16.6,18.4,293,353.2,425
2025-08-25 17:00+00:00,15.9,12.2,295,274.3,426
2025-08-25 18:00+00:00,14.6,9.6,287,99.0,427
2025-08-25 19:00+00:00,13.3,7.3,277,0.0,428
2025-08-25 20:00+00:00,12.4,6.3,268,0.0,429
2025-08-25 21:00+00:00,11.8,6.4,252,0.0,430
2025-08-25 22:00+00:00,11.8,6.9,253,0.0,432
2025-08-25 23:00+00:00,11.2,7.1,255,0.0,433
2025-08-26 00:00+00:00,10.8,6.8,248,0.0,434
2025-08-26 01:00+00:00,9.8,7.3,240,0.0,434
2025-08-26 02:00+00:00,9.6,7.4,248,0.0,435
2025-08-26 03:00+00:00,8.9,6.0,254,0.0,438
2025-08-26 04:00+00:00,9.6,6.5,256,0.0,441
2025-08-26 05:00+00:00,10.8,8.7,257,104.5,442
2025-08-26 06:00+00:00,12.6,7.5,240,106.5,440
2025-08-26 07:00+00:00,14.1,7.9,243,130.1,437
2025-08-26 08:00+00:00,15.9,7.8,244,305.5,434
2025-08-26 09:00+00:00,17.9,8.3,250,621.3,432
2025-08-26 10:00+00:00,19.5,14.1,266,628.2,429
2025-08-26 11:00+00:00,20.2,13.1,271,482.9,428
2025-08-26 12:00+00:00,20.8,12.2,278,404.9,427
2025-08-26 13:00+00:00,21.3,9.4,281,603.0,428
2025-08-26 14:00+00:00,22.0,10.2,288,449.6,428
2025-08-26 15:00+00:00,21.4,12.6,301,193.2,428
2025-08-26 16:00+00:00,20.2,13.4,309,276.6,428
2025-08-26 17:00+00:00,18.5,8.9,308,454.7,430
2025-08-26 18:00+00:00,15.7,6.4,299,122.1,434
2025-08-26 19:00+00:00,14.9,6.4,317,0.0,439
2025-08-26 20:00+00:00,14.1,5.9,342,0.0,443
2025-08-26 21:00+00:00,13.9,3.8,5,0.0,444
2025-08-26 22:00+00:00,13.2,1.9,56,0.0,443
2025-08-26 23:00+00:00,12.1,5.0,75,0.0,442
2025-08-27 00:00+00:00,12.4,5.8,95,0.0,440
2025-08-27 01:00+00:00,10.9,6.2,107,0.0,438
2025-08-27 02:00+00:00,10.9,5.8,116,0.0,437
2025-08-27 03:00+00:00,10.8,5.9,128,0.0,438
2025-08-27 04:00+00:00,11.8,6.0,143,0.0,439
2025-08-27 05:00+00:00,12.2,4.7,137,0.0,439
2025-08-27 06:00+00:00,14.4,6.8,130,476.6,436
2025-08-27 07:00+00:00,17.2,5.4,140,657.3,433
2025-08-27 08:00+00:00,19.8,5.9,140,746.1,430
2025-08-27 09:00+00:00,21.4,8.2,140,802.4,430
2025-08-27 10:00+00:00,22.5,8.6,141,830.3,430
2025-08-27 11:00+00:00,23.4,8.0,144,816.6,431
2025-08-27 12:00+00:00,24.1,7.6,144,818.7,431
2025-08-27 13:00+00:00,25.5,8.9,153,760.9,431
2025-08-27 14:00+00:00,26.0,8.5,156,708.1,432
2025-08-27 15:00+00:00,25.9,9.2,159,641.2,434
2025-08-27 16:00+00:00,25.5,6.9,152,590.3,437
2025-08-27 17:00+00:00,23.2,5.2,119,381.1,439
2025-08-27 18:00+00:00,22.0,10.3,113,62.9,438
2025-08-27 19:00+00:00,21.1,10.5,131,0.0,437
2025-08-27 20:00+00:00,19.8,8.6,144,0.0,435
2025-08-27 21:00+00:00,19.0,8.8,161,0.0,434
2025-08-27 22:00+00:00,18.7,9.8,152,0.0,434
2025-08-27 23:00+00:00,18.1,8.5,155,0.0,434
2025-08-28 00:00+00:00,17.9,9.3,152,0.0,436
2025-08-28 01:00+00:00,17.1,9.6,164,0.0,438
2025-08-28 02:00+00:00,17.1,8.6,221,0.0,440
2025-08-28 03:00+00:00,15.9,4.5,124,0.0,441
2025-08-28 04:00+00:00,16.1,9.6,131,0.0,441
2025-08-28 05:00+00:00,16.7,10.8,137,45.1,441
2025-08-28 06:00+00:00,18.4,10.6,137,365.9,439
2025-08-28 07:00+00:00,20.6,8.5,145,587.0,436
2025-08-28 08:00+00:00,23.0,10.8,154,685.0,434
2025-08-28 09:00+00:00,25.8,10.6,157,755.6,433
2025-08-28 10:00+00:00,27.2,9.9,151,308.3,432
2025-08-28 11:00+00:00,29.2,12.0,150,594.2,432
2025-08-28 12:00+00:00,30.4,15.0,156,679.7,432
2025-08-28 13:00+00:00,31.5,17.7,165,800.0,432
2025-08-28 14:00+00:00,31.3,19.3,176,697.1,433
2025-08-28 15:00+00:00,30.6,18.1,170,475.7,434
2025-08-28 16:00+00:00,28.0,12.2,156,317.2,436
2025-08-28 17:00+00:00,27.4,9.4,144,172.6,437
2025-08-28 18:00+00:00,27.4,13.5,161,0.0,438
2025-08-28 19:00+00:00,26.8,13.6,172,0.0,439
2025-08-28 20:00+00:00,25.2,12.8,228,0.0,440
2025-08-28 21:00+00:00,21.8,15.1,278,0.0,442
2025-08-28 22:00+00:00,20.7,9.2,270,0.0,443
2025-08-28 23:00+00:00,20.1,7.6,275,0.0,445
2025-08-29 00:00+00:00,19.7,7.9,273,0.0,447
2025-08-29 01:00+00:00,19.0,6.7,264,0.0,449
2025-08-29 02:00+00:00,18.8,5.7,242,0.0,450
2025-08-29 03:00+00:00,18.4,6.8,209,0.0,450
2025-08-29 04:00+00:00,18.5,4.6,193,0.0,449
2025-08-29 05:00+00:00,18.8,7.0,222,0.0,448
2025-08-29 06:00+00:00,19.5,5.1,231,121.2,446
2025-08-29 07:00+00:00,20.9,3.5,195,279.1,445
2025-08-29 08:00+00:00,21.9,2.1,211,292.7,443
2025-08-29 09:00+00:00,21.1,4.5,124,128.9,442
2025-08-29 10:00+00:00,19.9,5.9,117,4.4,441
2025-08-29 11:00+00:00,20.5,2.4,99,12.5,440
2025-08-29 12:00+00:00,20.9,2.2,355,19.5,439
2025-08-29 13:00+00:00,19.0,11.1,321,1.5,439
2025-08-29 14:00+00:00,20.8,13.0,305,286.2,440
2025-08-29 15:00+00:00,21.8,11.2,272,606.8,442
2025-08-29 16:00+00:00,21.9,10.3,259,419.9,446
2025-08-29 17:00+00:00,21.0,5.8,261,269.4,451
2025-08-29 18:00+00:00,18.9,3.9,236,44.5,460
2025-08-29 19:00+00:00,18.6,3.2,199,0.0,470
2025-08-29 20:00+00:00,18.3,1.0,158,0.0,476
2025-08-29 21:00+00:00,17.4,1.7,108,0.0,474
2025-08-29 22:00+00:00,16.6,3.5,99,0.0,467
2025-08-29 23:00+00:00,17.0,5.5,117,0.0,460
2025-08-30 00:00+00:00,16.9,3.4,65,0.0,455
2025-08-30 01:00+00:00,17.3,6.1,92,0.0,450
2025-08-30 02:00+00:00,16.9,8.4,109,0.0,447
2025-08-30 03:00+00:00,16.8,7.7,118,0.0,447
2025-08-30 04:00+00:00,16.8,8.1,119,0.0,450
2025-08-30 05:00+00:00,16.9,2.2,90,0.0,451
2025-08-30 06:00+00:00,16.9,3.4,354,0.0,449
2025-08-30 07:00+00:00,17.6,5.4,323,19.0,447
2025-08-30 08:00+00:00,17.7,6.0,303,8.0,444
2025-08-30 09:00+00:00,17.4,9.4,308,1.6,441
2025-08-30 10:00+00:00,19.2,10.0,309,125.9,439
2025-08-30 11:00+00:00,20.6,8.9,318,289.5,437
2025-08-30 12:00+00:00,22.0,6.9,309,644.7,435
2025-08-30 13:00+00:00,22.3,7.5,327,601.7,435
2025-08-30 14:00+00:00,22.6,5.5,311,611.5,436
2025-08-30 15:00+00:00,22.2,4.3,275,290.8,441
2025-08-30 16:00+00:00,22.1,5.2,276,351.6,448
2025-08-30 17:00+00:00,20.9,6.2,291,100.0,455
2025-08-30 18:00+00:00,19.1,4.9,287,0.0,461
2025-08-30 19:00+00:00,18.4,6.4,306,0.0,467
2025-08-30 20:00+00:00,17.1,4.3,312,0.0,469
2025-08-30 21:00+00:00,17.0,6.3,297,0.0,464
2025-08-30 22:00+00:00,16.5,6.4,306,0.0,455
2025-08-30 23:00+00:00,15.9,4.5,313,0.0,448
2025-08-31 00:00+00:00,15.6,4.3,312,0.0,445
2025-08-31 01:00+00:00,15.6,5.0,316,0.0,444
2025-08-31 02:00+00:00,15.1,5.2,326,0.0,444
2025-08-31 03:00+00:00,14.5,4.9,324,0.0,447
2025-08-31 04:00+00:00,13.9,5.0,311,0.0,452
2025-08-31 05:00+00:00,14.8,4.4,305,133.7,453
2025-08-31 06:00+00:00,16.5,4.0,302,446.9,448
2025-08-31 07:00+00:00,18.6,4.1,308,619.7,440
2025-08-31 08:00+00:00,20.4,5.5,314,715.2,434
2025-08-31 09:00+00:00,21.9,5.5,319,773.7,431
2025-08-31 10:00+00:00,22.9,6.1,317,789.7,431
2025-08-31 11:00+00:00,23.5,5.5,319,758.8,430
2025-08-31 12:00+00:00,24.0,5.0,319,764.4,429
2025-08-31 13:00+00:00,24.5,4.8,323,740.1,428
2025-08-31 14:00+00:00,24.4,6.2,316,644.3,429
2025-08-31 15:00+00:00,24.2,6.7,308,680.5,431
2025-08-31 16:00+00:00,23.5,4.8,304,571.4,435
2025-08-31 17:00+00:00,21.6,3.7,331,372.9,438
2025-08-31 18:00+00:00,19.1,5.3,52,47.6,440
2025-08-31 19:00+00:00,18.2,6.5,88,0.0,441
2025-08-31 20:00+00:00,17.4,6.1,92,0.0,442
2025-08-31 21:00+00:00,16.9,6.3,93,0.0,441
2025-08-31 22:00+00:00,16.3,6.2,100,0.0,440
2025-08-31 23:00+00:00,16.0,6.5,103,0.0,439
2025-09-01 00:00+00:00,15.9,6.6,99,0.0,439
2025-09-01 01:00+00:00,15.4,6.8,90,0.0,438
2025-09-01 02:00+00:00,15.1,7.8,86,0.0,438
2025-09-01 03:00+00:00,14.9,8.1,87,0.0,438
2025-09-01 04:00+00:00,14.8,8.5,94,0.0,437
2025-09-01 05:00+00:00,15.4,9.3,98,126.6,436
2025-09-01 06:00+00:00,17.1,8.5,102,436.5,434
2025-09-01 07:00+00:00,19.0,9.2,107,590.5,432
2025-09-01 08:00+00:00,20.9,11.9,104,698.6,431
2025-09-01 09:00+00:00,22.2,12.9,105,768.9,430
2025-09-01 10:00+00:00,23.2,11.6,111,804.9,430
2025-09-01 11:00+00:00,24.0,10.7,117,821.2,430
2025-09-01 12:00+00:00,24.5,11.5,119,823.3,430
2025-09-01 13:00+00:00,24.9,12.5,126,775.9,430
2025-09-01 14:00+00:00,25.0,10.7,131,533.5,431
2025-09-01 15:00+00:00,24.3,8.4,109,76.0,433
2025-09-01 16:00+00:00,24.2,7.7,106,503.5,435
2025-09-01 17:00+00:00,22.5,7.1,109,332.2,437
2025-09-01 18:00+00:00,20.9,8.1,107,37.0,438
2025-09-01 19:00+00:00,20.6,11.2,108,0.0,438
2025-09-01 20:00+00:00,19.9,12.0,106,0.0,438
2025-09-01 21:00+00:00,19.1,12.6,104,0.0,437
2025-09-01 22:00+00:00,18.6,12.9,102,0.0,436
2025-09-01 23:00+00:00,18.1,11.2,106,0.0,436
2025-09-02 00:00+00:00,17.7,9.4,108,0.0,437
2025-09-02 01:00+00:00,17.2,9.4,113,0.0,440
2025-09-02 02:00+00:00,16.9,8.7,117,0.0,442
2025-09-02 03:00+00:00,16.4,5.4,110,0.0,444
2025-09-02 04:00+00:00,15.6,4.7,130,0.0,446
2025-09-02 05:00+00:00,17.1,7.6,142,39.8,446
2025-09-02 06:00+00:00,18.1,3.9,127,101.6,443
2025-09-02 07:00+00:00,19.5,6.0,131,420.5,439
2025-09-02 08:00+00:00,21.1,6.6,151,567.6,435
2025-09-02 09:00+00:00,22.5,7.5,165,514.4,433
2025-09-02 10:00+00:00,24.1,6.1,175,622.0,431
2025-09-02 11:00+00:00,24.8,9.2,200,593.8,430
2025-09-02 12:00+00:00,24.8,11.7,203,587.2,430
2025-09-02 13:00+00:00,23.0,15.5,261,625.6,432
2025-09-02 14:00+00:00,22.4,13.5,279,126.2,433
2025-09-02 15:00+00:00,21.1,13.7,281,4.4,434
2025-09-02 16:00+00:00,20.2,10.7,278,15.8,434
2025-09-02 17:00+00:00,19.6,9.9,280,184.2,434
2025-09-02 18:00+00:00,18.5,9.7,274,0.0,434
2025-09-02 19:00+00:00,17.5,8.8,270,0.0,434
2025-09-02 20:00+00:00,16.8,9.7,272,0.0,434
2025-09-02 21:00+00:00,16.4,9.5,272,0.0,436
2025-09-02 22:00+00:00,16.0,9.1,279,0.0,438
2025-09-02 23:00+00:00,15.7,7.1,277,0.0,441
2025-09-03 00:00+00:00,15.1,3.9,257,0.0,444
2025-09-03 01:00+00:00,13.6,2.6,214,0.0,447
2025-09-03 02:00+00:00,13.2,4.0,183,0.0,449
2025-09-03 03:00+00:00,13.8,5.4,180,0.0,448
2025-09-03 04:00+00:00,13.9,7.6,180,0.0,445
2025-09-03 05:00+00:00,14.1,10.7,187,0.0,442
2025-09-03 06:00+00:00,14.9,11.2,202,79.0,440
2025-09-03 07:00+00:00,16.9,7.6,211,277.8,439
2025-09-03 08:00+00:00,18.8,6.5,199,568.1,437
2025-09-03 09:00+00:00,20.7,7.6,211,769.3,435
2025-09-03 10:00+00:00,22.1,8.2,218,803.1,432
2025-09-03 11:00+00:00,23.0,8.5,222,821.4,430
2025-09-03 12:00+00:00,23.6,8.0,211,821.2,429
2025-09-03 13:00+00:00,23.6,9.2,206,759.7,430
2025-09-03 14:00+00:00,23.8,10.8,206,704.1,430
2025-09-03 15:00+00:00,23.5,10.7,205,598.0,431
2025-09-03 16:00+00:00,23.0,6.3,198,560.1,432
2025-09-03 17:00+00:00,20.9,4.9,156,356.4,433
2025-09-03 18:00+00:00,19.5,7.3,144,26.5,434
2025-09-03 19:00+00:00,19.1,8.8,154,0.0,436
2025-09-03 20:00+00:00,18.4,9.1,159,0.0,437
2025-09-03 21:00+00:00,17.5,8.7,158,0.0,437
2025-09-03 22:00+00:00,17.0,8.9,151,0.0,437
2025-09-03 23:00+00:00,16.9,10.6,150,0.0,437
2025-09-04 00:00+00:00,16.4,10.3,155,0.0,437
2025-09-04 01:00+00:00,15.3,9.7,155,0.0,437
2025-09-04 02:00+00:00,15.1,10.2,157,0.0,438
2025-09-04 03:00+00:00,14.9,9.8,160,0.0,440
2025-09-04 04:00+00:00,14.6,9.8,157,0.0,442
2025-09-04 05:00+00:00,15.1,10.0,160,103.6,443
2025-09-04 06:00+00:00,16.8,8.8,157,438.3,441
2025-09-04 07:00+00:00,18.8,8.5,162,608.0,437
2025-09-04 08:00+00:00,21.0,7.9,167,707.8,434
2025-09-04 09:00+00:00,23.0,8.1,174,761.1,431
2025-09-04 10:00+00:00,24.8,8.8,181,790.1,429
2025-09-04 11:00+00:00,26.0,9.6,189,802.3,427
2025-09-04 12:00+00:00,26.6,9.6,193,792.0,426
2025-09-04 13:00+00:00,27.4,9.4,203,779.4,426
2025-09-04 14:00+00:00,27.3,7.8,209,746.3,427
2025-09-04 15:00+00:00,27.0,6.0,209,684.0,430
2025-09-04 16:00+00:00,26.2,2.7,180,570.4,435
2025-09-04 17:00+00:00,23.8,4.7,137,369.8,438
2025-09-04 18:00+00:00,21.5,6.6,139,13.8,439
2025-09-04 19:00+00:00,21.0,5.0,134,0.0,439
2025-09-04 20:00+00:00,19.6,5.2,110,0.0,439
2025-09-04 21:00+00:00,18.9,6.7,106,0.0,439
2025-09-04 22:00+00:00,18.8,9.0,110,0.0,439
2025-09-04 23:00+00:00,18.6,10.4,116,0.0,439
2025-09-05 00:00+00:00,18.2,10.7,117,0.0,439
2025-09-05 01:00+00:00,17.4,10.5,115,0.0,440
2025-09-05 02:00+00:00,17.0,10.2,120,0.0,441
2025-09-05 03:00+00:00,16.6,10.2,118,0.0,443
2025-09-05 04:00+00:00,16.2,10.3,125,0.0,444
2025-09-05 05:00+00:00,16.5,10.5,128,84.7,445
2025-09-05 06:00+00:00,18.0,10.3,128,442.4,444
2025-09-05 07:00+00:00,19.9,9.7,164,510.7,441
2025-09-05 08:00+00:00,21.9,9.6,166,707.6,439
2025-09-05 09:00+00:00,24.0,8.1,193,742.6,439
2025-09-05 10:00+00:00,24.3,12.0,233,795.3,439
2025-09-05 11:00+00:00,24.9,10.3,254,798.8,438
2025-09-05 12:00+00:00,25.4,11.0,270,745.0,435
2025-09-05 13:00+00:00,24.6,17.7,275,708.8,432
2025-09-05 14:00+00:00,23.7,19.3,284,506.4,430
2025-09-05 15:00+00:00,22.8,17.3,284,476.1,431
2025-09-05 16:00+00:00,22.0,13.7,291,340.7,432
2025-09-05 17:00+00:00,21.0,9.8,296,242.3,434
2025-09-05 18:00+00:00,19.8,9.9,291,14.4,434
2025-09-05 19:00+00:00,18.9,12.1,293,0.0,435
2025-09-05 20:00+00:00,18.6,11.9,290,0.0,435
2025-09-05 21:00+00:00,18.0,13.2,300,0.0,436
2025-09-05 22:00+00:00,17.3,12.5,310,0.0,438
2025-09-05 23:00+00:00,17.0,11.6,313,0.0,439
2025-09-06 00:00+00:00,16.6,10.7,325,0.0,439
2025-09-06 01:00+00:00,16.5,10.1,314,0.0,439
2025-09-06 02:00+00:00,15.9,11.2,312,0.0,439
2025-09-06 03:00+00:00,15.4,11.7,317,0.0,440
2025-09-06 04:00+00:00,15.4,10.2,307,0.0,441
2025-09-06 05:00+00:00,15.3,11.7,319,0.0,442
2025-09-06 06:00+00:00,15.4,11.1,312,0.0,441
2025-09-06 07:00+00:00,15.4,11.4,319,0.0,440
2025-09-06 08:00+00:00,15.4,11.8,314,0.0,438
2025-09-06 09:00+00:00,15.6,12.1,319,0.0,436
2025-09-06 10:00+00:00,16.0,12.8,322,1.5,433
2025-09-06 11:00+00:00,16.5,10.1,310,7.3,431
2025-09-06 12:00+00:00,15.9,11.2,310,0.0,429
2025-09-06 13:00+00:00,16.1,8.5,302,0.0,428
2025-09-06 14:00+00:00,15.1,10.4,300,12.7,428
2025-09-06 15:00+00:00,14.9,12.0,310,0.0,428
2025-09-06 16:00+00:00,15.3,10.4,312,54.5,429
2025-09-06 17:00+00:00,14.8,8.9,313,261.0,431
2025-09-06 18:00+00:00,13.9,7.8,326,15.0,434
2025-09-06 19:00+00:00,13.6,6.9,319,0.0,438
2025-09-06 20:00+00:00,13.1,5.4,323,0.0,441
2025-09-06 21:00+00:00,12.4,5.2,319,0.0,442
2025-09-06 22:00+00:00,12.1,4.5,326,0.0,443
2025-09-06 23:00+00:00,11.9,4.4,305,0.0,444
2025-09-07 00:00+00:00,12.1,4.8,292,0.0,446
2025-09-07 01:00+00:00,12.1,3.6,319,0.0,448
2025-09-07 02:00+00:00,12.3,5.9,305,0.0,449
2025-09-07 03:00+00:00,12.2,4.8,331,0.0,450
2025-09-07 04:00+00:00,12.4,3.9,317,0.0,451
2025-09-07 05:00+00:00,12.7,6.1,310,0.0,449
2025-09-07 06:00+00:00,13.4,6.2,322,37.6,443
2025-09-07 07:00+00:00,14.4,5.5,333,86.2,436
2025-09-07 08:00+00:00,16.3,5.4,334,257.8,430
2025-09-07 09:00+00:00,17.8,4.1,322,533.0,428
2025-09-07 10:00+00:00,19.1,3.6,340,735.2,429
2025-09-07 11:00+00:00,19.7,2.4,324,616.3,429
2025-09-07 12:00+00:00,20.5,1.4,320,695.0,428
2025-09-07 13:00+00:00,20.6,1.2,117,664.7,428
2025-09-07 14:00+00:00,20.8,2.4,153,567.9,429
2025-09-07 15:00+00:00,20.5,3.8,172,376.4,434
2025-09-07 16:00+00:00,19.8,2.7,148,139.0,440
2025-09-07 17:00+00:00,18.5,1.1,180,182.3,444
2025-09-07 18:00+00:00,16.8,0.5,45,15.8,444
2025-09-07 19:00+00:00,14.9,4.2,65,0.0,441
2025-09-07 20:00+00:00,14.2,5.0,88,0.0,440
2025-09-07 21:00+00:00,13.6,4.6,101,0.0,442
2025-09-07 22:00+00:00,13.6,4.7,113,0.0,445
2025-09-07 23:00+00:00,12.9,4.4,102,0.0,447
2025-09-08 00:00+00:00,12.6,4.7,94,0.0,446
2025-09-08 01:00+00:00,14.6,6.0,83,0.0,444
2025-09-08 02:00+00:00,14.4,6.0,81,0.0,442
2025-09-08 03:00+00:00,14.0,6.5,85,0.0,440
2025-09-08 04:00+00:00,13.7,5.5,79,0.0,437
2025-09-08 05:00+00:00,13.4,7.1,54,68.1,435
2025-09-08 06:00+00:00,14.7,9.4,67,390.5,433
2025-09-08 07:00+00:00,16.3,6.3,53,466.6,431
2025-09-08 08:00+00:00,18.5,6.3,39,481.6,430
2025-09-08 09:00+00:00,19.6,9.3,46,348.1,430
2025-09-08 10:00+00:00,21.0,11.1,54,592.8,430
2025-09-08 11:00+00:00,21.1,13.2,66,293.4,431
2025-09-08 12:00+00:00,21.0,10.4,73,177.3,431
2025-09-08 13:00+00:00,21.3,10.5,87,120.3,432
2025-09-08 14:00+00:00,21.9,11.0,94,280.3,432
2025-09-08 15:00+00:00,18.8,12.3,119,241.7,433
2025-09-08 16:00+00:00,18.3,6.4,101,14.2,434
2025-09-08 17:00+00:00,17.1,4.6,72,257.8,435
2025-09-08 18:00+00:00,16.1,5.6,90,0.0,437
2025-09-08 19:00+00:00,16.0,5.0,77,0.0,439
2025-09-08 20:00+00:00,15.2,5.0,60,0.0,441
2025-09-08 21:00+00:00,15.2,6.4,47,0.0,441
2025-09-08 22:00+00:00,14.8,6.5,62,0.0,440
2025-09-08 23:00+00:00,14.6,7.2,63,0.0,439
2025-09-09 00:00+00:00,14.2,7.7,59,0.0,438
2025-09-09 01:00+00:00,14.7,9.5,81,0.0,437
2025-09-09 02:00+00:00,14.1,8.2,80,0.0,436
2025-09-09 03:00+00:00,13.6,7.9,69,0.0,436
2025-09-09 04:00+00:00,13.1,8.5,72,0.0,436
2025-09-09 05:00+00:00,13.2,8.5,69,69.8,436
2025-09-09 06:00+00:00,14.7,7.7,51,416.6,435
2025-09-09 07:00+00:00,16.4,8.3,68,606.8,434
2025-09-09 08:00+00:00,18.2,8.2,81,713.9,433
2025-09-09 09:00+00:00,20.1,8.8,81,772.2,432
2025-09-09 10:00+00:00,21.8,9.5,80,809.6,431
2025-09-09 11:00+00:00,23.0,13.0,88,831.3,430
2025-09-09 12:00+00:00,23.3,15.2,95,712.9,429
2025-09-09 13:00+00:00,24.0,14.1,113,551.4,429
2025-09-09 14:00+00:00,24.1,13.9,111,649.0,429
2025-09-09 15:00+00:00,23.4,11.6,103,540.4,430
2025-09-09 16:00+00:00,22.5,11.1,98,474.8,431
2025-09-09 17:00+00:00,20.8,10.1,91,248.9,432
2025-09-09 18:00+00:00,19.5,12.1,91,0.0,432
2025-09-09 19:00+00:00,18.8,12.6,89,0.0,432
2025-09-09 20:00+00:00,18.0,13.9,91,0.0,432
2025-09-09 21:00+00:00,17.6,14.4,100,0.0,433
2025-09-09 22:00+00:00,17.0,13.1,106,0.0,434
2025-09-09 23:00+00:00,16.5,12.9,106,0.0,435
2025-09-10 00:00+00:00,15.9,12.4,106,0.0,436
2025-09-10 01:00+00:00,15.8,12.1,110,0.0,436
2025-09-10 02:00+00:00,15.2,11.3,110,0.0,437
2025-09-10 03:00+00:00,15.2,10.9,117,0.0,438
2025-09-10 04:00+00:00,14.5,10.1,112,0.0,438
2025-09-10 05:00+00:00,14.5,11.0,116,35.8,438
2025-09-10 06:00+00:00,15.6,11.9,113,357.7,437
2025-09-10 07:00+00:00,16.6,12.4,106,315.1,436
2025-09-10 08:00+00:00,18.3,11.9,112,514.7,435
2025-09-10 09:00+00:00,20.0,12.6,115,504.6,434
2025-09-10 10:00+00:00,21.5,12.9,127,763.5,434
2025-09-10 11:00+00:00,22.5,13.2,124,765.6,433
2025-09-10 12:00+00:00,23.2,13.5,134,789.4,433
2025-09-10 13:00+00:00,23.4,14.4,138,432.2,432
2025-09-10 14:00+00:00,23.8,14.8,136,434.1,432
2025-09-10 15:00+00:00,23.5,14.1,134,555.4,432
2025-09-10 16:00+00:00,22.7,10.8,120,363.2,432
2025-09-10 17:00+00:00,21.7,13.6,119,52.4,433
2025-09-10 18:00+00:00,20.9,13.2,110,0.0,434
2025-09-10 19:00+00:00,20.6,15.9,110,0.0,435
2025-09-10 20:00+00:00,20.6,16.0,113,0.0,436
2025-09-10 21:00+00:00,20.1,16.3,117,0.0,436
2025-09-10 22:00+00:00,19.0,17.7,125,0.0,435
2025-09-10 23:00+00:00,17.0,16.1,124,0.0,435
2025-09-11 00:00+00:00,16.6,16.1,120,0.0,435
2025-09-11 01:00+00:00,16.8,12.1,130,0.0,436
2025-09-11 02:00+00:00,16.5,11.4,147,0.0,437
2025-09-11 03:00+00:00,16.5,11.5,157,0.0,438
2025-09-11 04:00+00:00,16.5,9.7,165,0.0,440
2025-09-11 05:00+00:00,16.5,11.9,221,0.0,440
2025-09-11 06:00+00:00,16.1,19.2,258,5.9,439
2025-09-11 07:00+00:00,16.4,22.5,268,3.1,436
2025-09-11 08:00+00:00,18.0,20.9,272,433.4,434
2025-09-11 09:00+00:00,19.5,19.4,263,720.0,433
2025-09-11 10:00+00:00,20.2,16.0,256,659.7,432
2025-09-11 11:00+00:00,21.0,13.9,243,807.3,431
2025-09-11 12:00+00:00,21.6,14.3,233,833.7,430
2025-09-11 13:00+00:00,21.8,14.9,239,628.6,429
2025-09-11 14:00+00:00,21.6,13.4,226,262.5,429
2025-09-11 15:00+00:00,21.5,12.7,218,583.3,430
2025-09-11 16:00+00:00,20.6,8.5,182,462.5,432
2025-09-11 17:00+00:00,19.0,8.1,159,230.0,434
2025-09-11 18:00+00:00,18.2,10.0,159,0.0,435
2025-09-11 19:00+00:00,17.7,10.3,173,0.0,435
2025-09-11 20:00+00:00,17.7,12.1,195,0.0,435
2025-09-11 21:00+00:00,17.0,11.1,207,0.0,436
2025-09-11 22:00+00:00,17.0,13.3,220,0.0,437
2025-09-11 23:00+00:00,16.4,12.4,230,0.0,438
2025-09-12 00:00+00:00,15.6,11.4,237,0.0,440
2025-09-12 01:00+00:00,14.2,9.6,237,0.0,442
2025-09-12 02:00+00:00,13.4,7.1,227,0.0,443
2025-09-12 03:00+00:00,12.8,7.1,207,0.0,443
2025-09-12 04:00+00:00,12.6,8.4,199,0.0,442
2025-09-12 05:00+00:00,12.8,9.1,198,50.3,441
2025-09-12 06:00+00:00,14.1,9.0,192,418.8,438
2025-09-12 07:00+00:00,15.8,8.5,193,612.4,435
2025-09-12 08:00+00:00,17.5,9.6,188,719.0,432
2025-09-12 09:00+00:00,19.0,11.6,199,780.0,430
2025-09-12 10:00+00:00,20.0,14.8,213,808.5,428
2025-09-12 11:00+00:00,20.7,14.1,214,714.7,427
2025-09-12 12:00+00:00,21.5,13.6,217,688.3,427
2025-09-12 13:00+00:00,21.0,18.8,220,639.3,427
2025-09-12 14:00+00:00,19.5,12.7,240,317.7,428
2025-09-12 15:00+00:00,19.0,12.1,233,92.8,430
2025-09-12 16:00+00:00,17.8,10.6,220,38.8,432
2025-09-12 17:00+00:00,16.5,8.1,217,196.4,434
2025-09-12 18:00+00:00,15.1,6.9,208,0.0,436
2025-09-12 19:00+00:00,14.8,7.6,205,0.0,437
2025-09-12 20:00+00:00,14.4,7.5,207,0.0,439
2025-09-12 21:00+00:00,13.7,7.1,207,0.0,442
2025-09-12 22:00+00:00,13.3,6.9,213,0.0,447
2025-09-12 23:00+00:00,12.9,6.7,207,0.0,449
2025-09-13 00:00+00:00,12.4,6.0,190,0.0,449
2025-09-13 01:00+00:00,10.9,5.8,180,0.0,447
2025-09-13 02:00+00:00,10.9,6.0,175,0.0,445
2025-09-13 03:00+00:00,10.2,5.3,168,0.0,445
2025-09-13 04:00+00:00,10.3,5.8,166,0.0,445
2025-09-13 05:00+00:00,10.8,6.1,156,38.8,444
2025-09-13 06:00+00:00,12.4,6.9,152,373.9,441
2025-09-13 07:00+00:00,14.4,5.2,164,334.6,436
2025-09-13 08:00+00:00,16.5,5.4,159,437.5,432
2025-09-13 09:00+00:00,18.1,7.0,151,371.4,430
2025-09-13 10:00+00:00,17.9,7.7,149,4.8,429
2025-09-13 11:00+00:00,17.8,10.7,144,4.6,428
2025-09-13 12:00+00:00,17.0,14.7,154,80.5,428
2025-09-13 13:00+00:00,19.4,10.5,151,286.6,428
2025-09-13 14:00+00:00,19.0,9.1,148,166.5,428
2025-09-13 15:00+00:00,19.0,8.8,134,348.9,429
2025-09-13 16:00+00:00,18.3,9.0,137,433.4,430
2025-09-13 17:00+00:00,16.7,7.6,146,217.4,431
2025-09-13 18:00+00:00,15.4,7.0,140,0.0,433
2025-09-13 19:00+00:00,14.8,6.9,147,0.0,434
2025-09-13 20:00+00:00,13.6,5.0,142,0.0,436
2025-09-13 21:00+00:00,13.4,5.4,143,0.0,437
2025-09-13 22:00+00:00,13.2,5.5,144,0.0,438
2025-09-13 23:00+00:00,13.3,6.3,141,0.0,439
2025-09-14 00:00+00:00,12.8,5.1,141,0.0,441
2025-09-14 01:00+00:00,11.6,4.8,149,0.0,443
2025-09-14 02:00+00:00,12.2,5.9,137,0.0,444
2025-09-14 03:00+00:00,12.6,5.6,132,0.0,444
2025-09-14 04:00+00:00,12.9,7.5,130,0.0,442
2025-09-14 05:00+00:00,13.2,7.3,128,0.0,441
2025-09-14 06:00+00:00,13.9,8.2,140,0.0,439
2025-09-14 07:00+00:00,14.4,4.4,150,0.0,438
2025-09-14 08:00+00:00,15.2,4.7,140,0.0,436
2025-09-14 09:00+00:00,16.2,2.7,138,25.7,435
2025-09-14 10:00+00:00,16.4,5.7,242,4.9,433
2025-09-14 11:00+00:00,16.1,5.7,235,0.0,432
2025-09-14 12:00+00:00,17.2,3.6,233,28.1,431
2025-09-14 13:00+00:00,16.4,5.9,243,13.5,430
2025-09-14 14:00+00:00,17.0,6.2,260,140.7,429
2025-09-14 15:00+00:00,16.9,11.3,272,387.9,429
2025-09-14 16:00+00:00,15.1,11.2,286,28.5,430
2025-09-14 17:00+00:00,14.4,9.7,281,82.6,431
2025-09-14 18:00+00:00,14.0,10.1,276,0.0,432
2025-09-14 19:00+00:00,13.2,10.5,273,0.0,432
2025-09-14 20:00+00:00,12.8,10.7,265,0.0,433
2025-09-14 21:00+00:00,12.4,9.2,258,0.0,435
2025-09-14 22:00+00:00,11.9,8.9,251,0.0,437
2025-09-14 23:00+00:00,11.4,8.4,245,0.0,439
2025-09-15 00:00+00:00,10.8,7.4,231,0.0,440
2025-09-15 01:00+00:00,10.4,7.9,223,0.0,440
2025-09-15 02:00+00:00,10.3,9.6,213,0.0,440
2025-09-15 03:00+00:00,10.1,8.9,193,0.0,440
2025-09-15 04:00+00:00,10.4,10.8,185,0.0,439
2025-09-15 05:00+00:00,10.7,12.1,177,0.0,438
2025-09-15 06:00+00:00,11.4,12.8,169,0.0,435
2025-09-15 07:00+00:00,12.6,13.8,154,53.0,432
2025-09-15 08:00+00:00,14.3,13.7,158,46.0,429
2025-09-15 09:00+00:00,15.9,15.3,171,88.9,427
2025-09-15 10:00+00:00,18.0,18.0,182,526.6,425
2025-09-15 11:00+00:00,19.0,17.1,195,501.6,425
2025-09-15 12:00+00:00,19.2,15.5,185,88.2,426
2025-09-15 13:00+00:00,20.6,16.9,182,329.6,428
2025-09-15 14:00+00:00,20.2,16.7,186,178.4,430
2025-09-15 15:00+00:00,20.2,17.8,203,457.1,431
2025-09-15 16:00+00:00,18.5,18.6,220,112.9,431
2025-09-15 17:00+00:00,17.3,12.7,224,59.4,432
2025-09-15 18:00+00:00,16.9,12.4,211,0.0,433
2025-09-15 19:00+00:00,16.4,13.4,204,0.0,435
2025-09-15 20:00+00:00,16.0,11.1,200,0.0,436
2025-09-15 21:00+00:00,15.1,5.6,245,0.0,437
2025-09-15 22:00+00:00,14.5,4.6,281,0.0,438
2025-09-15 23:00+00:00,15.2,10.5,199,0.0,438
2025-09-16 00:00+00:00,14.9,11.4,209,0.0,438
2025-09-16 01:00+00:00,15.2,13.9,219,0.0,437
2025-09-16 02:00+00:00,14.8,15.6,246,0.0,436
2025-09-16 03:00+00:00,13.7,16.1,241,0.0,435
2025-09-16 04:00+00:00,12.9,16.3,238,0.0,435
2025-09-16 05:00+00:00,12.6,15.6,233,28.3,434
2025-09-16 06:00+00:00,13.8,17.9,230,395.1,432
2025-09-16 07:00+00:00,15.4,15.6,221,594.6,431
2025-09-16 08:00+00:00,16.7,21.7,233,709.3,429
2025-09-16 09:00+00:00,17.4,27.6,250,765.8,428
2025-09-16 10:00+00:00,17.8,27.5,254,666.0,427
2025-09-16 11:00+00:00,17.9,28.2,254,460.2,427
2025-09-16 12:00+00:00,17.5,25.1,250,230.3,427
2025-09-16 13:00+00:00,17.1,21.8,242,113.8,427
2025-09-16 14:00+00:00,16.1,19.1,232,332.7,427
2025-09-16 15:00+00:00,16.8,22.5,243,360.4,428
2025-09-16 16:00+00:00,15.9,20.5,247,244.7,429
2025-09-16 17:00+00:00,15.6,18.7,239,26.2,430
2025-09-16 18:00+00:00,15.5,15.6,240,0.0,431
2025-09-16 19:00+00:00,14.5,13.4,235,0.0,431
2025-09-16 20:00+00:00,14.1,15.3,236,0.0,432
2025-09-16 21:00+00:00,13.5,15.8,236,0.0,432
2025-09-16 22:00+00:00,13.1,14.9,238,0.0,433
2025-09-16 23:00+00:00,12.7,15.4,243,0.0,433
2025-09-17 00:00+00:00,12.4,15.8,247,0.0,433
2025-09-17 01:00+00:00,11.8,14.8,247,0.0,432
2025-09-17 02:00+00:00,11.6,14.1,255,0.0,432
2025-09-17 03:00+00:00,11.2,13.5,256,0.0,432
2025-09-17 04:00+00:00,11.2,12.7,254,0.0,432
2025-09-17 05:00+00:00,11.4,14.4,257,0.0,432
2025-09-17 06:00+00:00,12.3,15.6,263,27.2,431
2025-09-17 07:00+00:00,13.1,19.9,275,266.0,429
2025-09-17 08:00+00:00,14.6,19.3,273,561.7,428
2025-09-17 09:00+00:00,15.6,19.6,268,650.1,427
2025-09-17 10:00+00:00,16.5,20.9,266,734.5,427
2025-09-17 11:00+00:00,16.7,22.0,266,539.7,426
2025-09-17 12:00+00:00,17.0,21.8,267,589.4,425
2025-09-17 13:00+00:00,17.1,19.3,274,496.2,425
2025-09-17 14:00+00:00,16.9,22.1,264,618.0,425
2025-09-17 15:00+00:00,15.8,16.6,257,510.2,425
2025-09-17 16:00+00:00,15.3,14.1,257,445.6,426
2025-09-17 17:00+00:00,14.4,12.0,256,179.3,427
2025-09-17 18:00+00:00,13.9,10.7,250,0.0,428
2025-09-17 19:00+00:00,13.2,10.5,250,0.0,430
2025-09-17 20:00+00:00,12.9,12.0,252,0.0,431
2025-09-17 21:00+00:00,12.6,12.5,252,0.0,432
2025-09-17 22:00+00:00,12.1,11.6,252,0.0,432
2025-09-17 23:00+00:00,11.5,11.1,245,0.0,433
2025-09-18 00:00+00:00,11.1,11.5,240,0.0,434
2025-09-18 01:00+00:00,10.4,10.3,227,0.0,435
2025-09-18 02:00+00:00,10.2,10.2,222,0.0,436
2025-09-18 03:00+00:00,10.9,11.0,215,0.0,437
2025-09-18 04:00+00:00,11.1,11.5,210,0.0,437
2025-09-18 05:00+00:00,11.7,11.6,210,0.0,437
2025-09-18 06:00+00:00,12.6,12.0,210,241.6,436
2025-09-18 07:00+00:00,14.1,12.6,211,207.8,434
2025-09-18 08:00+00:00,15.4,14.7,216,325.5,433
2025-09-18 09:00+00:00,17.0,15.6,229,425.9,432
2025-09-18 10:00+00:00,17.6,17.0,233,98.9,432
2025-09-18 11:00+00:00,17.7,19.7,254,44.6,432
2025-09-18 12:00+00:00,17.1,13.0,246,1.6,431
2025-09-18 13:00+00:00,17.0,16.3,242,21.1,430
2025-09-18 14:00+00:00,17.5,16.3,242,22.9,430
2025-09-18 15:00+00:00,17.8,11.4,242,11.0,431
2025-09-18 16:00+00:00,18.0,12.2,237,9.1,433
2025-09-18 17:00+00:00,17.5,13.2,238,9.2,435
2025-09-18 18:00+00:00,17.1,11.7,247,0.0,436
2025-09-18 19:00+00:00,16.8,10.5,243,0.0,437
2025-09-18 20:00+00:00,17.1,11.5,250,0.0,438
2025-09-18 21:00+00:00,17.2,11.8,251,0.0,438
2025-09-18 22:00+00:00,16.1,11.3,256,0.0,439
2025-09-18 23:00+00:00,16.0,11.5,260,0.0,439
2025-09-19 00:00+00:00,16.0,12.8,253,0.0,439
2025-09-19 01:00+00:00,16.5,13.6,259,0.0,440
2025-09-19 02:00+00:00,16.4,13.6,259,0.0,440
2025-09-19 03:00+00:00,16.1,11.9,260,0.0,441
2025-09-19 04:00+00:00,16.0,13.5,257,0.0,442
2025-09-19 05:00+00:00,15.9,12.9,257,15.6,442
2025-09-19 06:00+00:00,16.9,14.3,265,273.4,440
2025-09-19 07:00+00:00,18.5,13.5,271,432.6,437
2025-09-19 08:00+00:00,19.4,17.9,283,139.3,434
2025-09-19 09:00+00:00,20.2,17.3,278,130.5,433
2025-09-19 10:00+00:00,21.0,16.0,272,94.6,432
2025-09-19 11:00+00:00,22.2,16.9,271,462.1,432
2025-09-19 12:00+00:00,22.5,16.2,266,278.8,431
2025-09-19 13:00+00:00,22.4,15.0,264,374.8,431
2025-09-19 14:00+00:00,21.8,13.5,256,191.5,432
2025-09-19 15:00+00:00,21.5,11.4,251,207.7,436
2025-09-19 16:00+00:00,20.6,6.1,242,256.8,442
2025-09-19 17:00+00:00,18.2,4.6,225,133.0,447
2025-09-19 18:00+00:00,17.3,3.9,196,0.0,449
2025-09-19 19:00+00:00,16.4,5.1,190,0.0,451
2025-09-19 20:00+00:00,15.8,6.2,188,0.0,451
2025-09-19 21:00+00:00,15.8,6.5,186,0.0,450
2025-09-19 22:00+00:00,15.6,6.7,175,0.0,449
2025-09-19 23:00+00:00,15.4,7.6,168,0.0,447
2025-09-20 00:00+00:00,15.3,8.7,167,0.0,444
2025-09-20 01:00+00:00,14.6,9.3,164,0.0,441
2025-09-20 02:00+00:00,14.4,10.0,160,0.0,438
2025-09-20 03:00+00:00,14.4,10.9,161,0.0,437
2025-09-20 04:00+00:00,14.3,11.6,161,0.0,437
2025-09-20 05:00+00:00,14.4,11.7,166,16.1,436
2025-09-20 06:00+00:00,15.6,11.6,175,313.4,433
2025-09-20 07:00+00:00,17.5,9.6,174,593.2,430
2025-09-20 08:00+00:00,19.5,9.0,168,714.0,427
2025-09-20 09:00+00:00,21.5,8.1,185,784.2,426
2025-09-20 10:00+00:00,23.0,8.9,198,823.0,426
2025-09-20 11:00+00:00,24.6,10.0,193,836.5,426
2025-09-20 12:00+00:00,25.7,10.8,198,829.0,425
2025-09-20 13:00+00:00,27.1,10.6,190,755.5,424
2025-09-20 14:00+00:00,27.0,7.4,187,507.1,423
2025-09-20 15:00+00:00,26.1,6.9,185,422.6,423
2025-09-20 16:00+00:00,24.3,7.7,177,524.1,423
2025-09-20 17:00+00:00,22.9,10.3,180,146.9,424
2025-09-20 18:00+00:00,22.1,11.0,191,0.0,424
2025-09-20 19:00+00:00,21.2,11.0,198,0.0,425
2025-09-20 20:00+00:00,20.1,10.8,204,0.0,426
2025-09-20 21:00+00:00,19.5,11.1,200,0.0,429
2025-09-20 22:00+00:00,18.9,10.8,195,0.0,433
2025-09-20 23:00+00:00,18.2,10.8,191,0.0,436
2025-09-21 00:00+00:00,18.1,11.8,193,0.0,437
2025-09-21 01:00+00:00,18.1,12.3,198,0.0,437
2025-09-21 02:00+00:00,18.0,11.8,199,0.0,437
2025-09-21 03:00+00:00,17.8,11.3,200,0.0,438
2025-09-21 04:00+00:00,17.4,10.3,195,0.0,439
2025-09-21 05:00+00:00,17.0,10.2,189,16.7,439
2025-09-21 06:00+00:00,18.2,10.4,191,311.2,437
2025-09-21 07:00+00:00,19.7,9.0,177,548.4,434
2025-09-21 08:00+00:00,21.5,8.3,179,668.1,432
2025-09-21 09:00+00:00,23.2,7.7,192,736.8,432
2025-09-21 10:00+00:00,24.4,7.7,191,696.1,432
2025-09-21 11:00+00:00,25.2,8.1,183,690.3,432
2025-09-21 12:00+00:00,26.0,7.9,184,741.9,431
2025-09-21 13:00+00:00,27.6,9.9,185,757.9,429
2025-09-21 14:00+00:00,27.3,11.2,195,722.9,429
2025-09-21 15:00+00:00,26.6,8.8,185,633.5,432
2025-09-21 16:00+00:00,24.9,6.9,186,470.9,436
2025-09-21 17:00+00:00,22.3,6.6,202,121.3,439
2025-09-21 18:00+00:00,21.5,7.1,223,0.0,441
2025-09-21 19:00+00:00,21.1,10.5,295,0.0,443
2025-09-21 20:00+00:00,20.4,15.4,315,0.0,444
2025-09-21 21:00+00:00,19.0,13.9,314,0.0,443
2025-09-21 22:00+00:00,18.2,17.4,319,0.0,441
2025-09-21 23:00+00:00,16.6,15.8,320,0.0,439
2025-09-22 00:00+00:00,16.1,12.8,328,0.0,438
2025-09-22 01:00+00:00,15.9,15.0,326,0.0,437
2025-09-22 02:00+00:00,14.4,11.7,324,0.0,436
2025-09-22 03:00+00:00,13.9,12.4,327,0.0,436
2025-09-22 04:00+00:00,13.6,11.4,329,0.0,435
2025-09-22 05:00+00:00,13.2,11.8,337,0.0,435
2025-09-22 06:00+00:00,13.2,10.4,342,0.0,434
2025-09-22 07:00+00:00,13.4,11.5,337,0.0,434
2025-09-22 08:00+00:00,13.8,11.7,339,0.0,433
2025-09-22 09:00+00:00,14.0,10.9,343,7.9,432
2025-09-22 10:00+00:00,14.1,11.6,342,6.9,432
2025-09-22 11:00+00:00,14.4,11.0,337,18.1,431
2025-09-22 12:00+00:00,15.6,10.8,336,229.5,431
2025-09-22 13:00+00:00,14.4,12.6,340,5.5,431
2025-09-22 14:00+00:00,14.1,12.0,342,2.2,431
2025-09-22 15:00+00:00,13.9,12.5,342,0.0,431
2025-09-22 16:00+00:00,13.8,10.2,342,0.0,431
2025-09-22 17:00+00:00,13.4,7.9,336,0.0,432
2025-09-22 18:00+00:00,13.1,11.3,338,0.0,433
2025-09-22 19:00+00:00,12.4,9.4,336,0.0,434
2025-09-22 20:00+00:00,12.0,9.0,337,0.0,435
2025-09-22 21:00+00:00,11.8,8.6,338,0.0,435
2025-09-22 22:00+00:00,11.6,7.7,327,0.0,435
2025-09-22 23:00+00:00,11.5,8.4,323,0.0,435
2025-09-23 00:00+00:00,11.4,7.5,327,0.0,436
2025-09-23 01:00+00:00,10.8,6.5,316,0.0,436
2025-09-23 02:00+00:00,10.6,7.0,312,0.0,437
2025-09-23 03:00+00:00,10.5,7.3,295,0.0,438
2025-09-23 04:00+00:00,10.2,7.6,298,0.0,439
2025-09-23 05:00+00:00,8.8,7.5,307,0.0,439
2025-09-23 06:00+00:00,9.6,7.8,314,284.4,437
2025-09-23 07:00+00:00,10.7,6.9,323,559.6,434
2025-09-23 08:00+00:00,12.2,5.3,325,693.8,432
2025-09-23 09:00+00:00,13.8,5.6,329,770.9,431
2025-09-23 10:00+00:00,14.9,6.8,320,811.5,430
2025-09-23 11:00+00:00,15.8,7.2,307,755.5,429
2025-09-23 12:00+00:00,15.8,7.8,304,270.5,428
2025-09-23 13:00+00:00,15.9,7.8,312,346.2,428
2025-09-23 14:00+00:00,15.9,8.5,322,336.6,428
2025-09-23 15:00+00:00,15.6,8.8,337,304.3,430
2025-09-23 16:00+00:00,14.4,5.4,356,295.7,433
2025-09-23 17:00+00:00,12.4,6.6,11,86.3,435
2025-09-23 18:00+00:00,11.8,11.1,13,0.0,435
2025-09-23 19:00+00:00,10.7,10.2,21,0.0,434
2025-09-23 20:00+00:00,9.9,9.5,36,0.0,433
2025-09-23 21:00+00:00,9.1,8.6,33,0.0,434
2025-09-23 22:00+00:00,8.6,9.1,34,0.0,435
2025-09-23 23:00+00:00,8.2,9.9,37,0.0,436
2025-09-24 00:00+00:00,7.9,10.0,41,0.0,437
2025-09-24 01:00+00:00,6.8,10.9,44,0.0,437
2025-09-24 02:00+00:00,6.4,11.3,43,0.0,437
2025-09-24 03:00+00:00,6.3,11.9,48,0.0,437
2025-09-24 04:00+00:00,6.2,12.1,50,0.0,437
2025-09-24 05:00+00:00,6.1,12.2,49,0.0,437
2025-09-24 06:00+00:00,7.2,11.8,51,319.7,436
2025-09-24 07:00+00:00,9.1,10.7,50,607.5,434
2025-09-24 08:00+00:00,11.2,12.3,56,740.2,432
2025-09-24 09:00+00:00,12.9,14.7,65,804.6,431
2025-09-24 10:00+00:00,14.1,16.6,69,836.4,430
2025-09-24 11:00+00:00,14.9,18.2,69,854.3,429
2025-09-24 12:00+00:00,15.3,18.7,67,851.6,428
2025-09-24 13:00+00:00,15.2,18.5,63,812.2,428
2025-09-24 14:00+00:00,15.1,18.4,62,774.1,428
2025-09-24 15:00+00:00,14.4,17.2,61,681.2,428
2025-09-24 16:00+00:00,13.2,15.5,58,496.6,429
2025-09-24 17:00+00:00,11.8,14.7,59,100.4,430
2025-09-24 18:00+00:00,10.9,15.5,59,0.0,430
2025-09-24 19:00+00:00,10.4,16.5,58,0.0,431
2025-09-24 20:00+00:00,9.9,15.9,65,0.0,431
2025-09-24 21:00+00:00,9.4,15.1,70,0.0,431
2025-09-24 22:00+00:00,9.1,15.4,69,0.0,431
2025-09-24 23:00+00:00,8.8,15.7,68,0.0,431
2025-09-25 00:00+00:00,8.4,15.6,69,0.0,431
2025-09-25 01:00+00:00,7.5,16.0,73,0.0,432
2025-09-25 02:00+00:00,7.2,15.9,75,0.0,432
2025-09-25 03:00+00:00,7.1,14.9,77,0.0,432
2025-09-25 04:00+00:00,6.8,15.3,73,0.0,431
2025-09-25 05:00+00:00,6.4,15.5,72,0.0,431
2025-09-25 06:00+00:00,7.3,14.9,78,309.9,430
2025-09-25 07:00+00:00,8.8,14.1,74,598.8,430
2025-09-25 08:00+00:00,10.6,15.9,76,733.7,429
2025-09-25 09:00+00:00,12.1,17.4,82,808.5,428
2025-09-25 10:00+00:00,13.2,19.6,87,845.8,428
2025-09-25 11:00+00:00,14.0,20.4,84,856.9,427
2025-09-25 12:00+00:00,14.4,20.3,89,851.1,427
2025-09-25 13:00+00:00,15.0,22.0,85,813.5,427
2025-09-25 14:00+00:00,14.9,21.7,83,727.8,427
2025-09-25 15:00+00:00,14.4,20.6,80,603.5,427
2025-09-25 16:00+00:00,13.3,19.1,76,288.0,428
2025-09-25 17:00+00:00,12.2,18.2,79,46.2,428
2025-09-25 18:00+00:00,11.6,18.9,78,0.0,428
2025-09-25 19:00+00:00,11.3,17.2,85,0.0,429
2025-09-25 20:00+00:00,10.9,17.5,85,0.0,429
2025-09-25 21:00+00:00,10.6,17.1,86,0.0,429
2025-09-25 22:00+00:00,10.2,16.6,86,0.0,430
2025-09-25 23:00+00:00,9.8,16.4,86,0.0,430
2025-09-26 00:00+00:00,9.4,16.6,87,0.0,430
2025-09-26 01:00+00:00,9.1,16.9,90,0.0,431
2025-09-26 02:00+00:00,8.6,16.9,88,0.0,431
2025-09-26 03:00+00:00,8.1,16.9,87,0.0,431
2025-09-26 04:00+00:00,7.7,16.6,85,0.0,431
2025-09-26 05:00+00:00,7.3,16.8,84,0.0,431
2025-09-26 06:00+00:00,7.8,17.5,85,71.0,431
2025-09-26 07:00+00:00,8.9,16.2,80,296.9,430
2025-09-26 08:00+00:00,10.1,17.4,85,362.3,430
2025-09-26 09:00+00:00,11.8,17.9,85,416.5,430
2025-09-26 10:00+00:00,13.2,19.5,86,411.5,429
2025-09-26 11:00+00:00,14.3,20.9,91,332.6,429
2025-09-26 12:00+00:00,15.2,21.4,91,636.8,429
2025-09-26 13:00+00:00,15.8,23.2,88,453.4,429
2025-09-26 14:00+00:00,15.8,22.3,91,622.6,429
2025-09-26 15:00+00:00,15.1,19.9,95,573.9,429
2025-09-26 16:00+00:00,13.9,18.8,95,374.6,430
2025-09-26 17:00+00:00,12.9,18.7,93,36.0,430
2025-09-26 18:00+00:00,12.3,19.1,93,0.0,430
2025-09-26 19:00+00:00,11.8,18.8,94,0.0,430
2025-09-26 20:00+00:00,11.3,18.6,96,0.0,430
2025-09-26 21:00+00:00,10.8,17.7,100,0.0,430
2025-09-26 22:00+00:00,10.2,16.6,102,0.0,430
2025-09-26 23:00+00:00,9.6,15.3,106,0.0,430
2025-09-27 00:00+00:00,9.1,14.1,101,0.0,430
2025-09-27 01:00+00:00,8.4,14.6,95,0.0,431
2025-09-27 02:00+00:00,7.9,14.0,97,0.0,431
2025-09-27 03:00+00:00,7.4,14.2,92,0.0,431
2025-09-27 04:00+00:00,6.9,14.2,91,0.0,432
2025-09-27 05:00+00:00,6.3,14.4,91,0.0,432
2025-09-27 06:00+00:00,7.1,13.0,94,289.2,432
2025-09-27 07:00+00:00,8.4,14.1,93,592.8,431
2025-09-27 08:00+00:00,10.1,14.4,94,733.7,431
2025-09-27 09:00+00:00,11.8,14.2,93,810.6,431
2025-09-27 10:00+00:00,13.4,14.6,91,849.0,430
2025-09-27 11:00+00:00,14.6,14.2,93,860.8,430
2025-09-27 12:00+00:00,15.6,13.9,94,853.9,430
2025-09-27 13:00+00:00,17.2,15.3,91,824.2,430
2025-09-27 14:00+00:00,17.1,14.9,91,692.2,430
2025-09-27 15:00+00:00,16.4,12.4,87,435.8,430
2025-09-27 16:00+00:00,14.9,11.4,78,145.8,430
2025-09-27 17:00+00:00,13.1,12.5,74,24.9,430
2025-09-27 18:00+00:00,12.0,13.7,77,0.0,430
2025-09-27 19:00+00:00,11.1,12.9,81,0.0,431
2025-09-27 20:00+00:00,10.4,11.6,83,0.0,431
2025-09-27 21:00+00:00,9.6,10.5,84,0.0,431
2025-09-27 22:00+00:00,8.9,9.9,81,0.0,432
2025-09-27 23:00+00:00,8.3,8.9,77,0.0,432
2025-09-28 00:00+00:00,7.6,7.9,73,0.0,432
2025-09-28 01:00+00:00,6.3,7.9,69,0.0,432
2025-09-28 02:00+00:00,5.8,8.0,65,0.0,432
2025-09-28 03:00+00:00,5.5,8.6,64,0.0,433
2025-09-28 04:00+00:00,5.2,9.2,64,0.0,434
2025-09-28 05:00+00:00,5.1,8.9,66,0.0,434
2025-09-28 06:00+00:00,6.3,9.7,62,270.1,433
2025-09-28 07:00+00:00,8.4,7.6,63,530.2,431
2025-09-28 08:00+00:00,10.9,7.8,64,630.8,429
2025-09-28 09:00+00:00,13.1,9.6,70,693.4,428
2025-09-28 10:00+00:00,14.6,12.0,83,800.3,427
2025-09-28 11:00+00:00,15.4,11.4,85,827.3,427
2025-09-28 12:00+00:00,16.0,11.7,80,777.4,427
2025-09-28 13:00+00:00,16.5,15.2,80,569.5,428
2025-09-28 14:00+00:00,15.4,15.3,77,149.4,429
2025-09-28 15:00+00:00,14.7,13.3,77,43.1,430
2025-09-28 16:00+00:00,14.1,9.6,73,56.8,432
2025-09-28 17:00+00:00,13.1,6.1,56,0.0,433
2025-09-28 18:00+00:00,10.6,6.6,45,0.0,434
2025-09-28 19:00+00:00,9.9,6.6,41,0.0,435
2025-09-28 20:00+00:00,9.6,7.5,33,0.0,435
2025-09-28 21:00+00:00,10.0,10.7,50,0.0,434
2025-09-28 22:00+00:00,9.2,10.3,57,0.0,432
2025-09-28 23:00+00:00,8.6,9.4,61,0.0,431
2025-09-29 00:00+00:00,8.2,9.3,61,0.0,431
2025-09-29 01:00+00:00,9.2,8.6,64,0.0,432
2025-09-29 02:00+00:00,9.5,9.6,60,0.0,433
2025-09-29 03:00+00:00,9.4,10.2,66,0.0,433
2025-09-29 04:00+00:00,9.0,10.5,71,0.0,434
2025-09-29 05:00+00:00,8.4,10.7,74,0.0,434
2025-09-29 06:00+00:00,8.9,9.6,74,125.2,434
2025-09-29 07:00+00:00,9.8,14.1,83,465.1,433
2025-09-29 08:00+00:00,10.8,13.6,83,468.5,433
2025-09-29 09:00+00:00,11.6,13.7,87,448.9,433
2025-09-29 10:00+00:00,12.4,13.3,92,499.3,433
2025-09-29 11:00+00:00,13.1,12.5,95,621.2,433
2025-09-29 12:00+00:00,13.6,12.8,88,672.4,433
2025-09-29 13:00+00:00,13.6,10.8,75,564.3,432
2025-09-29 14:00+00:00,13.8,12.7,72,671.6,432
2025-09-29 15:00+00:00,13.1,13.8,75,572.8,433
2025-09-29 16:00+00:00,11.8,10.6,75,368.3,436
2025-09-29 17:00+00:00,10.0,8.4,75,40.6,437
2025-09-29 18:00+00:00,9.1,9.5,81,0.0,437
2025-09-29 19:00+00:00,8.4,9.8,84,0.0,436
2025-09-29 20:00+00:00,7.8,10.1,84,0.0,436
2025-09-29 21:00+00:00,7.0,8.7,86,0.0,437
2025-09-29 22:00+00:00,6.1,6.3,83,0.0,437
2025-09-29 23:00+00:00,5.2,5.1,72,0.0,438
2025-09-30 00:00+00:00,4.8,4.9,54,0.0,438
2025-09-30 01:00+00:00,4.6,6.1,62,0.0,438
2025-09-30 02:00+00:00,4.8,7.3,67,0.0,438
2025-09-30 03:00+00:00,4.8,8.2,68,0.0,438
2025-09-30 04:00+00:00,5.1,7.9,66,0.0,439
2025-09-30 05:00+00:00,5.2,7.7,59,0.0,439
2025-09-30 06:00+00:00,6.6,9.3,53,85.1,438
2025-09-30 07:00+00:00,8.1,9.4,61,196.6,436
2025-09-30 08:00+00:00,9.6,12.6,77,592.8,434
2025-09-30 09:00+00:00,10.4,13.5,77,205.5,433
2025-09-30 10:00+00:00,10.9,12.6,79,130.7,433
2025-09-30 11:00+00:00,11.2,12.3,78,74.4,433
2025-09-30 12:00+00:00,11.1,12.3,83,108.7,432
2025-09-30 13:00+00:00,11.3,11.3,80,40.1,432
2025-09-30 14:00+00:00,11.2,9.7,71,39.1,432
2025-09-30 15:00+00:00,11.4,11.2,66,232.0,433
2025-09-30 16:00+00:00,10.8,8.8,59,156.0,435
2025-09-30 17:00+00:00,9.6,7.7,60,14.1,436
2025-09-30 18:00+00:00,9.0,7.9,73,0.0,437
2025-09-30 19:00+00:00,9.2,9.3,81,0.0,437
2025-09-30 20:00+00:00,8.5,8.8,46,0.0,437
2025-09-30 21:00+00:00,8.5,9.7,51,0.0,438
2025-09-30 22:00+00:00,7.6,9.6,50,0.0,438
2025-09-30 23:00+00:00,6.8,8.5,54,0.0,439
2025-10-01 00:00+00:00,6.8,9.6,50,0.0,439
2025-10-01 01:00+00:00,6.4,9.5,57,0.0,440
2025-10-01 02:00+00:00,6.7,9.1,58,0.0,440
2025-10-01 03:00+00:00,7.7,9.9,53,0.0,441
2025-10-01 04:00+00:00,8.0,10.2,56,0.0,442
2025-10-01 05:00+00:00,8.2,10.3,50,0.0,442
2025-10-01 06:00+00:00,8.6,10.6,43,52.1,441
2025-10-01 07:00+00:00,9.2,14.5,49,74.2,439
2025-10-01 08:00+00:00,10.2,16.5,62,108.5,438
2025-10-01 09:00+00:00,10.9,14.5,68,222.9,437
2025-10-01 10:00+00:00,11.9,12.9,78,407.5,436
2025-10-01 11:00+00:00,12.7,11.2,79,422.4,435
2025-10-01 12:00+00:00,12.6,9.0,68,423.0,435
2025-10-01 13:00+00:00,12.6,9.4,55,338.7,435
2025-10-01 14:00+00:00,13.1,8.7,37,364.6,435
2025-10-01 15:00+00:00,11.5,10.6,42,396.4,436
2025-10-01 16:00+00:00,10.6,4.2,7,131.7,438
2025-10-01 17:00+00:00,9.2,6.1,360,14.8,439
2025-10-01 18:00+00:00,8.9,8.8,4,0.0,440
2025-10-01 19:00+00:00,8.2,9.8,13,0.0,441
2025-10-01 20:00+00:00,7.7,9.1,18,0.0,441
2025-10-01 21:00+00:00,7.3,9.3,28,0.0,441
2025-10-01 22:00+00:00,6.8,8.5,32,0.0,440
2025-10-01 23:00+00:00,6.2,7.0,29,0.0,440
2025-10-02 00:00+00:00,5.6,7.3,25,0.0,440
2025-10-02 01:00+00:00,4.6,6.6,16,0.0,440
2025-10-02 02:00+00:00,4.2,7.2,19,0.0,441
2025-10-02 03:00+00:00,3.8,6.7,19,0.0,443
2025-10-02 04:00+00:00,3.3,6.1,14,0.0,444
2025-10-02 05:00+00:00,3.0,5.7,13,0.0,445
2025-10-02 06:00+00:00,4.2,7.7,3,195.0,443
2025-10-02 07:00+00:00,5.7,4.7,358,62.4,441
2025-10-02 08:00+00:00,6.7,3.4,354,59.2,438
2025-10-02 09:00+00:00,8.4,3.9,13,153.2,436
2025-10-02 10:00+00:00,9.6,4.0,355,104.8,435
2025-10-02 11:00+00:00,10.5,4.9,358,92.2,434
2025-10-02 12:00+00:00,12.2,11.2,16,105.5,433
2025-10-02 13:00+00:00,12.1,10.4,9,149.9,432
2025-10-02 14:00+00:00,12.4,9.6,9,498.7,433
2025-10-02 15:00+00:00,11.9,7.7,12,246.1,436
2025-10-02 16:00+00:00,9.8,4.6,342,326.2,439
2025-10-02 17:00+00:00,8.0,6.1,313,15.5,444
2025-10-02 18:00+00:00,7.3,5.6,333,0.0,449
2025-10-02 19:00+00:00,6.3,2.9,22,0.0,456
2025-10-02 20:00+00:00,5.4,1.8,79,0.0,461
2025-10-02 21:00+00:00,4.8,2.7,138,0.0,466
2025-10-02 22:00+00:00,4.3,4.6,144,0.0,471
2025-10-02 23:00+00:00,4.0,5.5,139,0.0,472
2025-10-03 00:00+00:00,3.3,4.5,143,0.0,468
2025-10-03 01:00+00:00,2.2,5.6,140,0.0,461
2025-10-03 02:00+00:00,1.9,4.4,122,0.0,455
2025-10-03 03:00+00:00,1.2,4.7,58,0.0,453
2025-10-03 04:00+00:00,0.8,5.1,98,0.0,452
2025-10-03 05:00+00:00,0.8,4.8,112,0.0,451
2025-10-03 06:00+00:00,2.3,7.7,91,199.2,447
2025-10-03 07:00+00:00,4.6,6.0,93,509.6,443
2025-10-03 08:00+00:00,7.1,5.4,105,640.6,439
2025-10-03 09:00+00:00,9.1,7.0,111,633.0,437
2025-10-03 10:00+00:00,10.3,7.4,116,612.3,435
2025-10-03 11:00+00:00,11.1,6.0,119,794.5,434
2025-10-03 12:00+00:00,11.9,4.5,143,769.0,433
2025-10-03 13:00+00:00,12.2,4.7,137,681.9,434
2025-10-03 14:00+00:00,12.1,6.4,135,583.4,434
2025-10-03 15:00+00:00,11.5,7.2,141,525.8,435
2025-10-03 16:00+00:00,9.0,5.6,135,341.1,437
2025-10-03 17:00+00:00,8.2,8.9,128,16.3,438
2025-10-03 18:00+00:00,6.3,7.5,114,0.0,438
2025-10-03 19:00+00:00,6.1,10.9,119,0.0,437
2025-10-03 20:00+00:00,5.6,11.1,127,0.0,436
2025-10-03 21:00+00:00,5.3,12.3,130,0.0,437
2025-10-03 22:00+00:00,4.8,10.6,140,0.0,438
2025-10-03 23:00+00:00,4.2,9.4,148,0.0,439
2025-10-04 00:00+00:00,3.5,10.7,145,0.0,439
2025-10-04 01:00+00:00,3.1,11.7,143,0.0,438
2025-10-04 02:00+00:00,3.2,12.0,143,0.0,438
2025-10-04 03:00+00:00,2.8,12.2,143,0.0,438
2025-10-04 04:00+00:00,2.7,13.5,143,0.0,438
2025-10-04 05:00+00:00,2.5,14.1,146,0.0,438
2025-10-04 06:00+00:00,3.2,16.4,148,194.3,438
2025-10-04 07:00+00:00,5.2,16.4,142,423.3,438
2025-10-04 08:00+00:00,7.1,19.0,145,429.3,437
2025-10-04 09:00+00:00,8.5,21.7,146,398.5,436
2025-10-04 10:00+00:00,9.9,24.7,151,371.6,435
2025-10-04 11:00+00:00,10.2,23.8,151,38.8,434
2025-10-04 12:00+00:00,9.6,22.0,151,0.0,434
2025-10-04 13:00+00:00,9.6,22.7,154,0.0,434
2025-10-04 14:00+00:00,9.3,23.1,165,0.0,434
2025-10-04 15:00+00:00,9.6,22.3,169,0.0,434
2025-10-04 16:00+00:00,9.8,19.3,175,0.0,433
2025-10-04 17:00+00:00,9.4,17.5,179,0.0,433
2025-10-04 18:00+00:00,8.4,14.8,184,0.0,434
2025-10-04 19:00+00:00,8.6,15.1,195,0.0,435
2025-10-04 20:00+00:00,8.9,14.5,214,0.0,436
2025-10-04 21:00+00:00,9.3,16.1,236,0.0,437
2025-10-04 22:00+00:00,10.1,19.1,251,0.0,438
2025-10-04 23:00+00:00,9.4,19.6,252,0.0,439
2025-10-05 00:00+00:00,9.1,20.5,246,0.0,438
2025-10-05 01:00+00:00,8.6,22.9,241,0.0,437
2025-10-05 02:00+00:00,7.9,18.4,230,0.0,436
2025-10-05 03:00+00:00,7.7,17.9,234,0.0,436
2025-10-05 04:00+00:00,7.5,18.2,237,0.0,436
2025-10-05 05:00+00:00,7.4,16.9,230,0.0,436
2025-10-05 06:00+00:00,8.0,17.6,227,141.9,435
2025-10-05 07:00+00:00,9.8,22.8,249,66.6,435
2025-10-05 08:00+00:00,10.7,16.2,225,23.5,434
2025-10-05 09:00+00:00,12.1,25.7,247,421.3,433
2025-10-05 10:00+00:00,13.1,22.7,248,497.5,433
2025-10-05 11:00+00:00,13.8,22.5,244,552.0,432
2025-10-05 12:00+00:00,13.4,21.7,243,468.7,431
2025-10-05 13:00+00:00,13.6,21.8,244,571.5,431
2025-10-05 14:00+00:00,13.2,19.2,250,322.3,431
2025-10-05 15:00+00:00,12.4,15.1,242,50.5,432
2025-10-05 16:00+00:00,11.6,14.5,236,273.9,433
2025-10-05 17:00+00:00,10.8,14.4,232,0.0,434
2025-10-05 18:00+00:00,9.9,15.7,239,0.0,435
2025-10-05 19:00+00:00,9.6,14.6,231,0.0,436
2025-10-05 20:00+00:00,9.1,15.8,234,0.0,436
2025-10-05 21:00+00:00,9.1,15.5,231,0.0,436
2025-10-05 22:00+00:00,8.9,15.7,229,0.0,435
2025-10-05 23:00+00:00,8.8,17.0,233,0.0,435
2025-10-06 00:00+00:00,10.5,15.8,236,0.0,435
2025-10-06 01:00+00:00,10.1,16.6,236,0.0,436
2025-10-06 02:00+00:00,10.1,16.4,234,0.0,436
2025-10-06 03:00+00:00,9.9,18.4,229,0.0,436
2025-10-06 04:00+00:00,9.9,18.5,234,0.0,437
2025-10-06 05:00+00:00,9.9,20.1,238,0.0,437
2025-10-06 06:00+00:00,9.8,22.2,249,0.0,437
2025-10-06 07:00+00:00,9.9,22.1,243,0.0,436
2025-10-06 08:00+00:00,9.8,23.9,248,0.0,435
2025-10-06 09:00+00:00,10.0,23.5,254,0.0,434
2025-10-06 10:00+00:00,10.6,23.5,259,0.0,433
2025-10-06 11:00+00:00,10.9,24.7,270,3.8,432
2025-10-06 12:00+00:00,11.5,25.3,275,3.9,431
2025-10-06 13:00+00:00,11.9,22.7,277,8.6,431
2025-10-06 14:00+00:00,12.1,21.3,281,32.2,431
2025-10-06 15:00+00:00,12.1,21.5,286,11.9,432
2025-10-06 16:00+00:00,11.8,21.2,286,7.8,433
2025-10-06 17:00+00:00,11.4,21.4,291,0.0,434
2025-10-06 18:00+00:00,11.2,19.9,304,0.0,435
2025-10-06 19:00+00:00,10.8,19.0,305,0.0,435
2025-10-06 20:00+00:00,10.4,18.5,305,0.0,436
2025-10-06 21:00+00:00,10.0,17.7,309,0.0,436
2025-10-06 22:00+00:00,9.6,17.2,310,0.0,436
2025-10-06 23:00+00:00,9.4,15.9,317,0.0,437
2025-10-07 00:00+00:00,9.1,15.1,322,0.0,438
2025-10-07 01:00+00:00,8.8,13.9,323,0.0,440
2025-10-07 02:00+00:00,8.4,13.7,327,0.0,441
2025-10-07 03:00+00:00,8.3,12.6,329,0.0,443
2025-10-07 04:00+00:00,8.1,11.9,328,0.0,445
2025-10-07 05:00+00:00,7.7,10.7,330,0.0,445
2025-10-07 06:00+00:00,9.9,9.0,344,118.8,443
2025-10-07 07:00+00:00,11.0,10.5,348,204.3,439
2025-10-07 08:00+00:00,12.2,11.6,7,336.6,436
2025-10-07 09:00+00:00,13.2,11.7,357,426.8,435
2025-10-07 10:00+00:00,14.2,11.5,2,536.5,434
2025-10-07 11:00+00:00,14.8,10.4,1,529.6,434
2025-10-07 12:00+00:00,15.1,9.9,359,405.1,433
2025-10-07 13:00+00:00,15.2,9.2,348,242.9,432
2025-10-07 14:00+00:00,15.2,7.9,1,158.4,434
2025-10-07 15:00+00:00,14.8,4.8,34,118.3,441
2025-10-07 16:00+00:00,13.1,2.5,69,56.0,451
2025-10-07 17:00+00:00,11.6,4.6,116,0.0,457
2025-10-07 18:00+00:00,10.6,4.7,148,0.0,457
2025-10-07 19:00+00:00,11.1,6.5,150,0.0,455
2025-10-07 20:00+00:00,10.6,6.0,153,0.0,452
2025-10-07 21:00+00:00,9.9,6.2,158,0.0,450
2025-10-07 22:00+00:00,9.4,7.7,162,0.0,448
2025-10-07 23:00+00:00,9.0,7.5,172,0.0,447
2025-10-08 00:00+00:00,8.4,5.6,180,0.0,447
2025-10-08 01:00+00:00,9.2,6.0,170,0.0,447
2025-10-08 02:00+00:00,9.2,6.3,162,0.0,447
2025-10-08 03:00+00:00,9.3,6.9,160,0.0,448
2025-10-08 04:00+00:00,9.3,7.9,163,0.0,449
2025-10-08 05:00+00:00,9.3,9.0,170,0.0,450
2025-10-08 06:00+00:00,9.6,9.4,169,0.0,449
2025-10-08 07:00+00:00,10.2,10.9,171,0.0,448
2025-10-08 08:00+00:00,10.6,10.7,175,0.0,446
2025-10-08 09:00+00:00,10.7,12.7,186,0.0,443
2025-10-08 10:00+00:00,11.1,12.3,186,0.0,440
2025-10-08 11:00+00:00,11.4,13.1,187,0.0,438
2025-10-08 12:00+00:00,11.9,13.4,185,0.0,437
2025-10-08 13:00+00:00,12.0,12.3,191,2.2,438
2025-10-08 14:00+00:00,12.1,10.7,197,2.8,440
2025-10-08 15:00+00:00,12.0,9.9,205,0.0,445
2025-10-08 16:00+00:00,11.9,8.5,215,0.0,450
2025-10-08 17:00+00:00,11.9,6.8,238,0.0,454
2025-10-08 18:00+00:00,12.3,7.1,264,0.0,453
2025-10-08 19:00+00:00,12.6,7.8,293,0.0,449
2025-10-08 20:00+00:00,12.6,8.6,301,0.0,447
2025-10-08 21:00+00:00,12.1,8.5,305,0.0,447
2025-10-08 22:00+00:00,12.2,8.2,308,0.0,448
2025-10-08 23:00+00:00,12.2,7.0,310,0.0,449
2025-10-09 00:00+00:00,12.1,6.7,316,0.0,449
2025-10-09 01:00+00:00,12.0,6.7,301,0.0,449
2025-10-09 02:00+00:00,12.1,7.4,299,0.0,448
2025-10-09 03:00+00:00,12.0,7.9,294,0.0,448
2025-10-09 04:00+00:00,11.9,8.5,305,0.0,447
2025-10-09 05:00+00:00,11.9,8.9,326,0.0,446
2025-10-09 06:00+00:00,11.9,8.1,325,0.0,444
2025-10-09 07:00+00:00,12.3,9.4,325,5.2,441
2025-10-09 08:00+00:00,13.4,10.0,334,159.5,439
2025-10-09 09:00+00:00,14.6,8.9,322,487.3,437
2025-10-09 10:00+00:00,15.3,10.0,304,575.2,436
2025-10-09 11:00+00:00,15.3,12.6,294,354.3,435
2025-10-09 12:00+00:00,14.6,15.1,295,446.6,434
2025-10-09 13:00+00:00,15.1,17.2,294,451.7,433
2025-10-09 14:00+00:00,14.1,16.8,297,209.0,433
2025-10-09 15:00+00:00,13.5,11.2,285,188.8,434
2025-10-09 16:00+00:00,12.7,10.3,270,92.5,436
2025-10-09 17:00+00:00,12.4,11.0,289,0.0,437
2025-10-09 18:00+00:00,11.8,8.8,290,0.0,438
2025-10-09 19:00+00:00,10.4,8.9,262,0.0,438
2025-10-09 20:00+00:00,10.7,12.3,265,0.0,439
2025-10-09 21:00+00:00,10.6,13.1,268,0.0,440
2025-10-09 22:00+00:00,10.6,14.1,263,0.0,440
2025-10-09 23:00+00:00,10.6,15.1,258,0.0,440
2025-10-10 00:00+00:00,11.3,16.3,256,0.0,439
2025-10-10 01:00+00:00,11.6,18.6,262,0.0,439
2025-10-10 02:00+00:00,11.9,20.2,267,0.0,438
2025-10-10 03:00+00:00,12.1,21.0,275,0.0,438
2025-10-10 04:00+00:00,11.9,20.7,278,0.0,439
2025-10-10 05:00+00:00,11.9,20.3,285,0.0,439
2025-10-10 06:00+00:00,11.7,19.7,288,0.0,438
2025-10-10 07:00+00:00,12.1,20.7,294,193.2,436
2025-10-10 08:00+00:00,12.7,23.0,303,393.9,434
2025-10-10 09:00+00:00,13.7,24.0,307,568.1,433
2025-10-10 10:00+00:00,13.6,24.3,304,135.0,433
2025-10-10 11:00+00:00,14.5,22.4,305,324.8,433
2025-10-10 12:00+00:00,13.5,20.7,304,376.9,433
2025-10-10 13:00+00:00,14.4,20.6,305,275.6,433
2025-10-10 14:00+00:00,13.8,17.8,296,74.7,433
2025-10-10 15:00+00:00,13.4,16.7,291,44.1,434
2025-10-10 16:00+00:00,12.8,16.7,290,0.0,435
2025-10-10 17:00+00:00,12.6,17.2,294,0.0,436
2025-10-10 18:00+00:00,12.3,18.3,292,0.0,437
2025-10-10 19:00+00:00,12.6,21.2,294,0.0,438
2025-10-10 20:00+00:00,12.8,19.9,294,0.0,439
2025-10-10 21:00+00:00,12.9,18.8,290,0.0,439
2025-10-10 22:00+00:00,12.9,18.6,285,0.0,440
2025-10-10 23:00+00:00,12.9,18.5,286,0.0,440
2025-10-11 00:00+00:00,12.9,18.5,285,0.0,440
2025-10-11 01:00+00:00,13.0,18.9,284,0.0,441
2025-10-11 02:00+00:00,13.1,19.3,284,0.0,441
2025-10-11 03:00+00:00,13.1,20.1,285,0.0,442
2025-10-11 04:00+00:00,13.1,20.2,288,0.0,443
2025-10-11 05:00+00:00,13.1,20.1,288,0.0,444
2025-10-11 06:00+00:00,13.1,20.2,289,0.0,444
2025-10-11 07:00+00:00,13.2,19.7,286,5.5,444
2025-10-11 08:00+00:00,13.4,20.0,289,32.3,443
2025-10-11 09:00+00:00,13.3,23.0,294,17.1,441
2025-10-11 10:00+00:00,14.2,25.7,301,107.2,439
2025-10-11 11:00+00:00,15.1,24.9,304,135.4,437
2025-10-11 12:00+00:00,14.2,22.3,304,371.1,436
2025-10-11 13:00+00:00,14.2,19.9,305,53.1,436
2025-10-11 14:00+00:00,14.3,18.7,308,26.3,436
2025-10-11 15:00+00:00,14.1,17.9,306,27.2,436
2025-10-11 16:00+00:00,13.5,15.5,305,44.3,437
2025-10-11 17:00+00:00,13.2,14.1,302,0.0,437
2025-10-11 18:00+00:00,12.6,12.9,297,0.0,437
2025-10-11 19:00+00:00,12.5,12.3,295,0.0,438
2025-10-11 20:00+00:00,12.6,12.7,291,0.0,438
2025-10-11 21:00+00:00,12.6,13.7,291,0.0,438
2025-10-11 22:00+00:00,12.6,15.1,282,0.0,437
2025-10-11 23:00+00:00,12.6,13.5,289,0.0,437
2025-10-12 00:00+00:00,12.3,11.8,287,0.0,437
2025-10-12 01:00+00:00,12.4,12.8,279,0.0,438
2025-10-12 02:00+00:00,12.2,14.4,280,0.0,438
2025-10-12 03:00+00:00,12.1,15.0,277,0.0,438
2025-10-12 04:00+00:00,12.0,16.5,278,0.0,439
2025-10-12 05:00+00:00,11.9,16.9,277,0.0,439
2025-10-12 06:00+00:00,11.7,16.6,279,11.2,439
2025-10-12 07:00+00:00,11.8,17.3,282,11.3,438
2025-10-12 08:00+00:00,11.9,19.1,286,13.1,437
2025-10-12 09:00+00:00,11.9,21.2,288,14.8,437
2025-10-12 10:00+00:00,11.9,17.7,275,2.1,436
2025-10-12 11:00+00:00,12.1,19.8,277,14.1,436
2025-10-12 12:00+00:00,12.2,21.2,277,10.4,436
2025-10-12 13:00+00:00,12.3,18.2,274,4.7,437
2025-10-12 14:00+00:00,12.1,17.1,269,3.0,437
2025-10-12 15:00+00:00,11.9,17.6,268,0.0,438
2025-10-12 16:00+00:00,12.0,16.3,277,0.0,438
2025-10-12 17:00+00:00,12.1,14.6,283,0.0,439
2025-10-12 18:00+00:00,12.0,15.3,306,0.0,440
2025-10-12 19:00+00:00,11.6,14.1,326,0.0,441
2025-10-12 20:00+00:00,11.5,11.6,354,0.0,442
2025-10-12 21:00+00:00,10.9,11.8,24,0.0,444
2025-10-12 22:00+00:00,8.7,8.0,31,0.0,446
2025-10-12 23:00+00:00,6.8,5.2,31,0.0,450
2025-10-13 00:00+00:00,6.0,2.4,73,0.0,456
2025-10-13 01:00+00:00,5.1,0.7,346,0.0,464
2025-10-13 02:00+00:00,4.7,0.4,297,0.0,469
2025-10-13 03:00+00:00,4.3,0.9,259,0.0,471
2025-10-13 04:00+00:00,4.1,2.4,257,0.0,470
2025-10-13 05:00+00:00,3.7,4.6,259,0.0,467
2025-10-13 06:00+00:00,4.6,6.0,277,34.5,461
2025-10-13 07:00+00:00,6.2,6.6,248,284.9,452
2025-10-13 08:00+00:00,8.2,5.1,264,546.9,445
2025-10-13 09:00+00:00,10.0,6.8,272,470.2,441
2025-10-13 10:00+00:00,11.0,12.4,311,397.7,440
2025-10-13 11:00+00:00,11.5,10.8,308,590.4,438
2025-10-13 12:00+00:00,11.9,11.1,326,697.0,436
2025-10-13 13:00+00:00,12.2,12.3,330,709.4,435
2025-10-13 14:00+00:00,12.0,11.6,323,426.8,434
2025-10-13 15:00+00:00,11.4,6.7,306,482.7,434
2025-10-13 16:00+00:00,8.9,7.0,293,187.2,435
2025-10-13 17:00+00:00,8.8,10.2,288,0.0,436
2025-10-13 18:00+00:00,8.0,10.4,300,0.0,437
2025-10-13 19:00+00:00,7.3,9.7,301,0.0,438
2025-10-13 20:00+00:00,6.7,9.3,307,0.0,439
2025-10-13 21:00+00:00,6.0,8.4,307,0.0,439
2025-10-13 22:00+00:00,5.8,8.0,306,0.0,439
2025-10-13 23:00+00:00,5.9,7.5,300,0.0,439
2025-10-14 00:00+00:00,7.1,8.1,287,0.0,439
2025-10-14 01:00+00:00,7.3,8.8,270,0.0,438
2025-10-14 02:00+00:00,7.4,9.9,269,0.0,439
2025-10-14 03:00+00:00,7.6,9.0,272,0.0,441
2025-10-14 04:00+00:00,7.6,7.8,263,0.0,444
2025-10-14 05:00+00:00,7.4,7.6,263,0.0,446
2025-10-14 06:00+00:00,7.2,7.3,254,0.0,447
2025-10-14 07:00+00:00,7.4,7.5,243,0.0,446
2025-10-14 08:00+00:00,7.8,6.5,226,0.0,446
2025-10-14 09:00+00:00,8.0,7.0,228,0.0,446
2025-10-14 10:00+00:00,8.3,7.0,241,0.0,446
2025-10-14 11:00+00:00,8.6,6.0,249,0.0,446
2025-10-14 12:00+00:00,8.5,5.5,259,0.0,444
2025-10-14 13:00+00:00,8.6,5.5,314,0.0,442
2025-10-14 14:00+00:00,8.6,6.5,354,0.0,442
2025-10-14 15:00+00:00,8.6,5.9,14,0.0,447
2025-10-14 16:00+00:00,8.2,4.0,8,0.0,454
2025-10-14 17:00+00:00,7.9,1.3,326,0.0,459
2025-10-14 18:00+00:00,7.6,3.8,341,0.0,461
2025-10-14 19:00+00:00,6.9,4.3,355,0.0,461
2025-10-14 20:00+00:00,7.2,3.3,354,0.0,461
2025-10-14 21:00+00:00,6.4,3.5,348,0.0,459
2025-10-14 22:00+00:00,5.6,3.5,332,0.0,456
2025-10-14 23:00+00:00,5.1,2.4,333,0.0,455
2025-10-15 00:00+00:00,5.8,1.8,264,0.0,456
2025-10-15 01:00+00:00,5.8,4.9,298,0.0,458
2025-10-15 02:00+00:00,6.3,2.9,277,0.0,460
2025-10-15 03:00+00:00,6.6,2.9,266,0.0,464
2025-10-15 04:00+00:00,6.8,3.7,281,0.0,469
2025-10-15 05:00+00:00,7.2,3.4,267,0.0,470
2025-10-15 06:00+00:00,7.5,2.5,270,0.0,465
2025-10-15 07:00+00:00,8.4,3.2,251,0.0,457
2025-10-15 08:00+00:00,9.0,3.5,246,0.0,450
2025-10-15 09:00+00:00,9.6,4.6,249,0.0,445
2025-10-15 10:00+00:00,10.7,5.1,262,105.6,441
2025-10-15 11:00+00:00,11.9,5.2,266,256.2,439
2025-10-15 12:00+00:00,11.2,8.5,269,481.7,439
2025-10-15 13:00+00:00,11.4,6.7,262,53.7,440
2025-10-15 14:00+00:00,11.9,7.6,277,260.3,441
2025-10-15 15:00+00:00,11.4,4.5,272,131.5,442
2025-10-15 16:00+00:00,9.2,4.0,240,108.9,444
2025-10-15 17:00+00:00,8.6,6.2,229,0.0,445
2025-10-15 18:00+00:00,8.6,6.3,231,0.0,446
2025-10-15 19:00+00:00,8.6,7.3,232,0.0,446
2025-10-15 20:00+00:00,8.4,8.0,230,0.0,446
2025-10-15 21:00+00:00,8.1,7.7,233,0.0,447
2025-10-15 22:00+00:00,7.7,7.3,232,0.0,447
2025-10-15 23:00+00:00,7.2,6.8,233,0.0,448
2025-10-16 00:00+00:00,7.6,8.1,233,0.0,448
2025-10-16 01:00+00:00,7.9,7.6,232,0.0,448
2025-10-16 02:00+00:00,8.2,8.8,215,0.0,448
2025-10-16 03:00+00:00,8.6,11.2,212,0.0,448
2025-10-16 04:00+00:00,8.9,12.7,220,0.0,448
2025-10-16 05:00+00:00,9.1,12.7,234,0.0,448
2025-10-16 06:00+00:00,9.7,12.9,234,0.0,446
2025-10-16 07:00+00:00,10.4,13.8,239,19.0,444
2025-10-16 08:00+00:00,11.1,15.4,259,319.4,442
2025-10-16 09:00+00:00,12.2,17.3,262,585.5,441
2025-10-16 10:00+00:00,12.9,16.4,249,492.2,440
2025-10-16 11:00+00:00,12.6,17.1,253,56.9,439
2025-10-16 12:00+00:00,11.3,14.9,272,2.2,439
2025-10-16 13:00+00:00,12.1,14.6,271,91.5,440
2025-10-16 14:00+00:00,12.2,11.2,259,12.8,441
2025-10-16 15:00+00:00,12.0,11.8,261,46.9,443
2025-10-16 16:00+00:00,11.0,12.0,257,61.1,445
2025-10-16 17:00+00:00,10.2,11.2,258,0.0,446
2025-10-16 18:00+00:00,11.2,11.3,257,0.0,446
2025-10-16 19:00+00:00,10.3,10.6,244,0.0,445
2025-10-16 20:00+00:00,9.4,10.7,240,0.0,445
2025-10-16 21:00+00:00,8.9,11.3,241,0.0,445
2025-10-16 22:00+00:00,8.9,11.5,245,0.0,446
2025-10-16 23:00+00:00,9.1,11.2,248,0.0,446
2025-10-17 00:00+00:00,9.1,11.2,240,0.0,446
2025-10-17 01:00+00:00,9.5,11.3,241,0.0,446
2025-10-17 02:00+00:00,9.4,11.5,240,0.0,446
2025-10-17 03:00+00:00,9.2,11.7,255,0.0,447
2025-10-17 04:00+00:00,9.4,11.1,261,0.0,449
2025-10-17 05:00+00:00,9.4,10.1,264,0.0,449
2025-10-17 06:00+00:00,8.8,8.6,262,0.0,447
2025-10-17 07:00+00:00,9.8,12.6,269,229.0,444
2025-10-17 08:00+00:00,10.6,13.4,275,232.2,441
2025-10-17 09:00+00:00,11.5,12.6,272,453.8,440
2025-10-17 10:00+00:00,11.9,15.7,270,428.3,439
2025-10-17 11:00+00:00,12.4,16.8,276,322.0,438
2025-10-17 12:00+00:00,11.6,15.3,267,363.7,438
2025-10-17 13:00+00:00,11.6,16.4,266,57.7,438
2025-10-17 14:00+00:00,11.4,15.3,262,45.6,438
2025-10-17 15:00+00:00,11.1,14.4,271,21.5,438
2025-10-17 16:00+00:00,10.6,11.7,275,0.0,439
2025-10-17 17:00+00:00,9.4,10.4,270,0.0,439
2025-10-17 18:00+00:00,8.9,15.7,271,0.0,439
2025-10-17 19:00+00:00,9.0,15.5,265,0.0,438
2025-10-17 20:00+00:00,9.0,16.2,271,0.0,438
2025-10-17 21:00+00:00,8.6,16.6,274,0.0,438
2025-10-17 22:00+00:00,8.0,18.2,278,0.0,439
2025-10-17 23:00+00:00,7.3,18.3,277,0.0,439
2025-10-18 00:00+00:00,7.3,20.4,284,0.0,439
2025-10-18 01:00+00:00,7.0,18.4,307,0.0,438
2025-10-18 02:00+00:00,6.7,19.9,314,0.0,438
2025-10-18 03:00+00:00,5.8,19.5,314,0.0,438
2025-10-18 04:00+00:00,4.8,18.4,307,0.0,437
2025-10-18 05:00+00:00,4.7,18.5,305,0.0,437
2025-10-18 06:00+00:00,5.3,21.1,308,40.0,436
2025-10-18 07:00+00:00,6.0,19.5,308,371.6,436
2025-10-18 08:00+00:00,7.1,22.3,313,516.6,435
2025-10-18 09:00+00:00,8.6,27.5,330,690.2,435
2025-10-18 10:00+00:00,9.6,27.0,332,406.3,434
2025-10-18 11:00+00:00,10.2,25.8,332,274.1,434
2025-10-18 12:00+00:00,10.5,23.4,330,113.9,434
2025-10-18 13:00+00:00,10.4,21.6,324,481.3,434
2025-10-18 14:00+00:00,9.9,19.9,325,351.6,435
2025-10-18 15:00+00:00,9.0,17.6,323,315.8,436
2025-10-18 16:00+00:00,8.1,15.7,320,86.6,437
2025-10-18 17:00+00:00,7.2,14.6,322,0.0,438
2025-10-18 18:00+00:00,6.5,14.0,323,0.0,439
2025-10-18 19:00+00:00,5.8,13.0,322,0.0,440
2025-10-18 20:00+00:00,5.1,11.6,323,0.0,441
2025-10-18 21:00+00:00,4.3,10.8,322,0.0,441
2025-10-18 22:00+00:00,3.7,9.5,323,0.0,441
2025-10-18 23:00+00:00,3.1,7.7,324,0.0,441
2025-10-19 00:00+00:00,1.9,5.9,320,0.0,442
2025-10-19 01:00+00:00,0.8,5.3,322,0.0,444
2025-10-19 02:00+00:00,0.3,5.2,319,0.0,446
2025-10-19 03:00+00:00,-0.1,5.0,311,0.0,451
2025-10-19 04:00+00:00,-0.4,4.9,306,0.0,456
2025-10-19 05:00+00:00,-0.6,4.0,321,0.0,459
2025-10-19 06:00+00:00,-0.5,3.4,342,55.1,457
2025-10-19 07:00+00:00,1.4,2.4,351,474.8,452
2025-10-19 08:00+00:00,4.0,0.6,162,667.1,447
2025-10-19 09:00+00:00,6.3,1.3,180,759.7,443
2025-10-19 10:00+00:00,7.8,2.3,184,806.6,440
2025-10-19 11:00+00:00,8.4,3.8,177,823.5,438
2025-10-19 12:00+00:00,9.0,4.3,158,814.1,437
2025-10-19 13:00+00:00,9.1,5.8,150,762.4,437
2025-10-19 14:00+00:00,8.8,6.3,145,686.4,438
2025-10-19 15:00+00:00,7.4,4.2,130,526.3,440
2025-10-19 16:00+00:00,4.8,6.1,120,122.8,442
2025-10-19 17:00+00:00,4.2,6.5,114,0.0,443
2025-10-19 18:00+00:00,3.9,8.7,112,0.0,443
2025-10-19 19:00+00:00,3.4,10.6,118,0.0,443
2025-10-19 20:00+00:00,3.2,11.9,124,0.0,442
2025-10-19 21:00+00:00,3.0,11.9,128,0.0,441
2025-10-19 22:00+00:00,2.7,11.9,128,0.0,440
2025-10-19 23:00+00:00,2.4,12.1,130,0.0,440
2025-10-20 00:00+00:00,2.1,13.4,130,0.0,441
2025-10-20 01:00+00:00,1.8,13.1,131,0.0,442
2025-10-20 02:00+00:00,1.6,13.8,129,0.0,443
2025-10-20 03:00+00:00,1.5,14.4,126,0.0,443
2025-10-20 04:00+00:00,1.4,14.5,126,0.0,443
2025-10-20 05:00+00:00,1.2,14.6,128,0.0,443
2025-10-20 06:00+00:00,1.8,16.1,124,42.7,442
2025-10-20 07:00+00:00,3.0,14.1,122,469.2,441
2025-10-20 08:00+00:00,4.8,15.7,127,664.7,440
2025-10-20 09:00+00:00,6.8,16.4,132,762.4,440
2025-10-20 10:00+00:00,8.6,16.3,131,809.8,439
2025-10-20 11:00+00:00,9.9,16.4,132,824.8,439
2025-10-20 12:00+00:00,11.1,18.0,125,815.5,438
2025-10-20 13:00+00:00,11.7,18.8,127,773.8,437
2025-10-20 14:00+00:00,11.7,18.1,130,689.6,437
2025-10-20 15:00+00:00,10.9,17.3,132,520.2,438
2025-10-20 16:00+00:00,9.8,17.6,134,115.3,439
2025-10-20 17:00+00:00,9.1,18.3,137,0.0,440
2025-10-20 18:00+00:00,8.4,18.8,137,0.0,440
2025-10-20 19:00+00:00,7.9,18.0,139,0.0,441
2025-10-20 20:00+00:00,7.4,17.3,141,0.0,441
2025-10-20 21:00+00:00,7.1,16.8,141,0.0,442
2025-10-20 22:00+00:00,6.7,16.3,142,0.0,442
2025-10-20 23:00+00:00,6.3,16.0,140,0.0,443
2025-10-21 00:00+00:00,5.7,15.7,139,0.0,443
2025-10-21 01:00+00:00,5.4,15.4,139,0.0,444
2025-10-21 02:00+00:00,5.3,15.7,139,0.0,444
2025-10-21 03:00+00:00,5.2,15.2,145,0.0,445
2025-10-21 04:00+00:00,5.2,14.8,143,0.0,445
2025-10-21 05:00+00:00,5.2,14.6,146,0.0,445
2025-10-21 06:00+00:00,5.2,15.2,143,0.0,444
2025-10-21 07:00+00:00,6.4,16.2,142,152.1,442
2025-10-21 08:00+00:00,7.3,15.5,145,57.8,441
2025-10-21 09:00+00:00,8.8,12.7,148,25.1,440
2025-10-21 10:00+00:00,9.8,13.5,147,19.0,439
2025-10-21 11:00+00:00,11.1,14.4,152,114.2,438
2025-10-21 12:00+00:00,11.7,15.5,148,134.6,438
2025-10-21 13:00+00:00,12.5,14.5,149,378.2,438
2025-10-21 14:00+00:00,12.7,13.7,146,590.9,438
2025-10-21 15:00+00:00,11.9,13.2,148,446.3,439
2025-10-21 16:00+00:00,10.6,12.6,154,83.4,440
2025-10-21 17:00+00:00,9.9,12.1,163,0.0,441
2025-10-21 18:00+00:00,9.9,12.8,156,0.0,442
2025-10-21 19:00+00:00,9.6,12.0,167,0.0,443
2025-10-21 20:00+00:00,9.8,12.0,172,0.0,444
2025-10-21 21:00+00:00,9.8,11.2,181,0.0,445
2025-10-21 22:00+00:00,9.6,11.2,186,0.0,445
2025-10-21 23:00+00:00,9.2,10.3,185,0.0,446
2025-10-22 00:00+00:00,8.5,9.2,179,0.0,447
2025-10-22 01:00+00:00,8.6,10.2,167,0.0,447
2025-10-22 02:00+00:00,8.2,10.8,165,0.0,448
2025-10-22 03:00+00:00,8.4,12.1,165,0.0,449
2025-10-22 04:00+00:00,8.2,12.0,167,0.0,450
2025-10-22 05:00+00:00,8.1,11.7,171,0.0,451
2025-10-22 06:00+00:00,8.1,11.7,167,15.2,450
2025-10-22 07:00+00:00,9.2,11.7,166,317.2,448
2025-10-22 08:00+00:00,10.8,9.2,159,534.0,447
2025-10-22 09:00+00:00,12.1,9.1,163,269.3,446
2025-10-22 10:00+00:00,13.3,8.2,170,184.9,445
2025-10-22 11:00+00:00,13.3,9.0,180,29.5,445
2025-10-22 12:00+00:00,12.6,8.7,173,4.7,445
2025-10-22 13:00+00:00,11.6,7.3,170,0.0,446
2025-10-22 14:00+00:00,11.4,10.2,167,0.0,447
2025-10-22 15:00+00:00,11.4,9.4,168,6.3,448
2025-10-22 16:00+00:00,11.1,8.5,176,0.0,449
2025-10-22 17:00+00:00,11.1,7.6,176,0.0,450
2025-10-22 18:00+00:00,11.8,8.1,167,0.0,451
2025-10-22 19:00+00:00,11.3,6.0,177,0.0,452
2025-10-22 20:00+00:00,11.1,7.7,191,0.0,453
2025-10-22 21:00+00:00,10.4,7.5,190,0.0,453
2025-10-22 22:00+00:00,9.8,8.0,188,0.0,454
2025-10-22 23:00+00:00,9.5,7.8,189,0.0,454
2025-10-23 00:00+00:00,9.4,8.1,184,0.0,455
2025-10-23 01:00+00:00,8.9,8.1,185,0.0,456
2025-10-23 02:00+00:00,8.8,8.1,184,0.0,457
2025-10-23 03:00+00:00,8.6,8.3,156,0.0,458
2025-10-23 04:00+00:00,8.1,9.2,145,0.0,459
2025-10-23 05:00+00:00,8.0,10.9,149,0.0,459
2025-10-23 06:00+00:00,9.1,13.6,139,15.8,456
2025-10-23 07:00+00:00,9.9,13.5,138,105.3,452
2025-10-23 08:00+00:00,11.1,12.0,125,76.1,448
2025-10-23 09:00+00:00,13.4,13.5,146,376.9,446
2025-10-23 10:00+00:00,15.2,14.6,151,632.6,444
2025-10-23 11:00+00:00,16.5,14.6,151,686.4,443
2025-10-23 12:00+00:00,16.5,13.9,144,600.5,442
2025-10-23 13:00+00:00,16.0,12.8,146,0.0,442
2025-10-23 14:00+00:00,15.3,12.7,147,0.0,443
2025-10-23 15:00+00:00,14.4,12.2,149,26.2,445
2025-10-23 16:00+00:00,13.6,11.5,150,0.0,447
2025-10-23 17:00+00:00,13.4,10.9,161,0.0,449
2025-10-23 18:00+00:00,13.4,13.0,143,0.0,450
2025-10-23 19:00+00:00,12.9,8.8,203,0.0,450
2025-10-23 20:00+00:00,12.9,13.1,240,0.0,450
2025-10-23 21:00+00:00,12.6,11.6,248,0.0,449
2025-10-23 22:00+00:00,12.1,13.5,251,0.0,447
2025-10-23 23:00+00:00,11.8,11.6,242,0.0,445
2025-10-24 00:00+00:00,10.9,12.4,239,0.0,444
2025-10-24 01:00+00:00,10.4,11.9,232,0.0,444
2025-10-24 02:00+00:00,10.1,10.5,217,0.0,444
2025-10-24 03:00+00:00,9.9,11.1,211,0.0,444
2025-10-24 04:00+00:00,9.8,12.6,223,0.0,445
2025-10-24 05:00+00:00,9.8,15.3,243,0.0,445
2025-10-24 06:00+00:00,10.1,15.3,249,0.0,444
2025-10-24 07:00+00:00,10.2,17.5,251,0.0,443
2025-10-24 08:00+00:00,10.8,17.5,253,8.2,442
2025-10-24 09:00+00:00,10.9,16.8,253,0.0,441
2025-10-24 10:00+00:00,11.2,17.7,257,0.0,440
2025-10-24 11:00+00:00,11.9,19.9,261,37.2,439
2025-10-24 12:00+00:00,11.3,18.6,267,43.5,439
2025-10-24 13:00+00:00,10.9,20.4,259,8.4,439
2025-10-24 14:00+00:00,10.9,19.7,257,33.6,439
2025-10-24 15:00+00:00,10.3,19.0,257,20.4,439
2025-10-24 16:00+00:00,9.2,16.4,255,0.0,440
2025-10-24 17:00+00:00,8.6,15.8,249,0.0,440
2025-10-24 18:00+00:00,8.7,16.3,252,0.0,440
2025-10-24 19:00+00:00,8.3,16.1,248,0.0,440
2025-10-24 20:00+00:00,7.8,16.1,248,0.0,440
2025-10-24 21:00+00:00,7.3,14.8,241,0.0,440
2025-10-24 22:00+00:00,6.9,15.2,237,0.0,440
2025-10-24 23:00+00:00,6.8,15.2,234,0.0,440
2025-10-25 00:00+00:00,6.8,15.1,234,0.0,440
2025-10-25 01:00+00:00,6.6,14.5,234,0.0,441
2025-10-25 02:00+00:00,6.2,13.9,228,0.0,441
2025-10-25 03:00+00:00,6.0,14.3,224,0.0,442
2025-10-25 04:00+00:00,5.7,13.8,219,0.0,443
2025-10-25 05:00+00:00,5.3,14.0,217,0.0,443
2025-10-25 06:00+00:00,5.7,14.0,212,17.1,442
2025-10-25 07:00+00:00,7.0,15.1,212,320.5,440
2025-10-25 08:00+00:00,8.4,14.4,210,584.3,439
2025-10-25 09:00+00:00,9.7,17.5,217,685.1,438
2025-10-25 10:00+00:00,10.6,18.9,220,694.5,437
2025-10-25 11:00+00:00,11.1,22.7,229,770.1,437
2025-10-25 12:00+00:00,10.3,18.9,212,482.2,437
2025-10-25 13:00+00:00,9.6,15.1,195,102.0,437
2025-10-25 14:00+00:00,9.9,13.0,190,324.4,438
2025-10-25 15:00+00:00,9.8,13.0,204,345.9,439
2025-10-25 16:00+00:00,8.6,10.9,193,41.0,439
2025-10-25 17:00+00:00,8.2,14.0,187,0.0,440
2025-10-25 18:00+00:00,8.1,13.6,188,0.0,440
2025-10-25 19:00+00:00,8.0,14.3,190,0.0,440
2025-10-25 20:00+00:00,8.0,15.6,204,0.0,440
2025-10-25 21:00+00:00,8.5,16.9,215,0.0,440
2025-10-25 22:00+00:00,7.9,16.8,223,0.0,441
2025-10-25 23:00+00:00,8.1,17.4,227,0.0,441
2025-10-26 00:00+00:00,8.6,18.3,248,0.0,442
2025-10-26 01:00+00:00,8.7,18.1,250,0.0,442
2025-10-26 02:00+00:00,8.6,17.8,249,0.0,443
2025-10-26 03:00+00:00,8.5,16.9,245,0.0,444
2025-10-26 04:00+00:00,8.2,17.2,239,0.0,445
2025-10-26 05:00+00:00,8.1,16.5,246,0.0,445
2025-10-26 06:00+00:00,7.9,16.1,238,0.0,444
2025-10-26 07:00+00:00,7.9,17.1,238,47.8,443
2025-10-26 08:00+00:00,8.4,19.0,235,507.2,442
2025-10-26 09:00+00:00,9.4,20.3,233,497.0,441
2025-10-26 10:00+00:00,9.0,21.9,228,169.6,441
2025-10-26 11:00+00:00,8.4,19.3,221,35.8,440
2025-10-26 12:00+00:00,9.0,15.4,216,268.0,439
2025-10-26 13:00+00:00,8.9,23.3,223,480.5,438
2025-10-26 14:00+00:00,8.9,23.1,234,506.6,438
2025-10-26 15:00+00:00,7.9,25.9,231,7.2,439
2025-10-26 16:00+00:00,4.8,25.7,219,0.0,440
2025-10-26 17:00+00:00,3.8,20.4,194,0.0,441
2025-10-26 18:00+00:00,6.1,30.1,231,0.0,441
2025-10-26 19:00+00:00,7.3,35.3,251,0.0,440
2025-10-26 20:00+00:00,7.8,33.0,257,0.0,439
2025-10-26 21:00+00:00,7.7,30.4,256,0.0,439
2025-10-26 22:00+00:00,7.8,29.9,256,0.0,440
2025-10-26 23:00+00:00,7.6,28.2,253,0.0,440
2025-10-27 00:00+00:00,7.6,26.6,250,0.0,440
2025-10-27 01:00+00:00,7.4,25.1,249,0.0,441
2025-10-27 02:00+00:00,7.2,24.2,247,0.0,441
2025-10-27 03:00+00:00,6.8,23.2,243,0.0,442
2025-10-27 04:00+00:00,6.2,21.5,239,0.0,443
2025-10-27 05:00+00:00,5.3,20.5,236,0.0,443
2025-10-27 06:00+00:00,5.2,19.3,231,0.0,442
2025-10-27 07:00+00:00,5.8,18.2,224,16.3,441
2025-10-27 08:00+00:00,6.2,16.8,213,47.9,440
2025-10-27 09:00+00:00,6.3,16.7,212,0.0,440
2025-10-27 10:00+00:00,6.8,15.3,210,0.0,440
2025-10-27 11:00+00:00,8.4,19.7,218,24.2,440
2025-10-27 12:00+00:00,7.2,16.8,219,5.0,441
2025-10-27 13:00+00:00,6.3,16.1,222,0.0,441
2025-10-27 14:00+00:00,5.7,13.4,211,0.0,442
2025-10-27 15:00+00:00,6.0,11.0,205,0.0,442
2025-10-27 16:00+00:00,6.1,13.1,216,0.0,442
2025-10-27 17:00+00:00,6.2,14.2,232,0.0,442
2025-10-27 18:00+00:00,6.7,15.4,234,0.0,442
2025-10-27 19:00+00:00,6.2,16.5,252,0.0,442
2025-10-27 20:00+00:00,6.0,16.8,261,0.0,442
2025-10-27 21:00+00:00,5.9,18.0,271,0.0,441
2025-10-27 22:00+00:00,5.8,17.5,266,0.0,440
2025-10-27 23:00+00:00,5.9,18.2,261,0.0,439
2025-10-28 00:00+00:00,7.2,20.7,267,0.0,439
2025-10-28 01:00+00:00,6.7,23.0,264,0.0,440
2025-10-28 02:00+00:00,6.8,21.9,264,0.0,440
2025-10-28 03:00+00:00,6.8,22.3,263,0.0,440
2025-10-28 04:00+00:00,7.4,24.1,268,0.0,441
2025-10-28 05:00+00:00,7.6,23.1,265,0.0,441
2025-10-28 06:00+00:00,7.3,22.7,259,0.0,441
2025-10-28 07:00+00:00,7.7,24.3,256,0.0,440
2025-10-28 08:00+00:00,7.9,25.0,260,0.0,440
2025-10-28 09:00+00:00,9.1,28.2,264,217.6,440
2025-10-28 10:00+00:00,10.1,28.0,266,512.5,439
2025-10-28 11:00+00:00,10.4,25.0,260,210.6,439
2025-10-28 12:00+00:00,9.7,19.5,251,40.8,439
2025-10-28 13:00+00:00,9.2,17.2,240,3.0,439
2025-10-28 14:00+00:00,8.0,17.7,226,0.0,440
2025-10-28 15:00+00:00,7.6,18.7,214,0.0,441
2025-10-28 16:00+00:00,6.6,19.3,204,0.0,443
2025-10-28 17:00+00:00,7.6,18.0,221,0.0,444
2025-10-28 18:00+00:00,8.3,19.0,241,0.0,444
2025-10-28 19:00+00:00,8.6,22.1,245,0.0,443
2025-10-28 20:00+00:00,8.6,23.1,253,0.0,442
2025-10-28 21:00+00:00,8.6,22.9,261,0.0,442
2025-10-28 22:00+00:00,8.7,22.4,265,0.0,442
2025-10-28 23:00+00:00,8.7,21.1,265,0.0,442
2025-10-29 00:00+00:00,8.8,20.6,264,0.0,442
2025-10-29 01:00+00:00,8.9,20.6,261,0.0,442
2025-10-29 02:00+00:00,8.5,19.2,260,0.0,443
2025-10-29 03:00+00:00,7.9,19.0,257,0.0,444
2025-10-29 04:00+00:00,7.6,18.4,250,0.0,446
2025-10-29 05:00+00:00,7.1,17.6,244,0.0,447
2025-10-29 06:00+00:00,7.4,16.7,244,0.0,447
2025-10-29 07:00+00:00,7.9,16.5,240,288.4,445
2025-10-29 08:00+00:00,9.0,13.9,231,527.7,444
2025-10-29 09:00+00:00,10.4,14.8,230,666.4,443
2025-10-29 10:00+00:00,11.5,14.9,225,638.2,442
2025-10-29 11:00+00:00,12.6,14.4,222,749.1,441
2025-10-29 12:00+00:00,12.9,15.5,230,656.5,441
2025-10-29 13:00+00:00,13.3,15.1,230,564.0,441
2025-10-29 14:00+00:00,12.9,11.7,217,573.0,442
2025-10-29 15:00+00:00,10.9,7.1,189,361.0,443
2025-10-29 16:00+00:00,9.5,9.0,170,15.9,445
2025-10-29 17:00+00:00,9.4,10.2,173,0.0,446
2025-10-29 18:00+00:00,9.3,10.1,161,0.0,447
2025-10-29 19:00+00:00,8.8,10.5,160,0.0,447
2025-10-29 20:00+00:00,8.8,10.2,162,0.0,447
2025-10-29 21:00+00:00,8.5,11.2,156,0.0,447
2025-10-29 22:00+00:00,8.2,11.0,150,0.0,446
2025-10-29 23:00+00:00,8.2,12.2,151,0.0,446
2025-10-30 00:00+00:00,8.0,12.3,153,0.0,446
2025-10-30 01:00+00:00,7.8,12.3,153,0.0,446
2025-10-30 02:00+00:00,7.5,12.4,154,0.0,447
2025-10-30 03:00+00:00,7.2,12.8,156,0.0,448
2025-10-30 04:00+00:00,7.4,14.1,161,0.0,450
2025-10-30 05:00+00:00,7.3,13.5,168,0.0,450
2025-10-30 06:00+00:00,7.4,14.0,164,0.0,449
2025-10-30 07:00+00:00,8.4,15.1,165,95.3,447
2025-10-30 08:00+00:00,9.8,15.5,193,37.2,445
2025-10-30 09:00+00:00,9.5,22.7,206,3.2,444
2025-10-30 10:00+00:00,10.6,23.7,223,0.0,442
2025-10-30 11:00+00:00,12.9,23.2,236,469.9,441
2025-10-30 12:00+00:00,11.6,29.0,245,275.1,440
2025-10-30 13:00+00:00,10.1,29.6,256,199.2,439
2025-10-30 14:00+00:00,10.4,29.4,266,140.0,439
2025-10-30 15:00+00:00,9.6,28.5,261,23.5,439
2025-10-30 16:00+00:00,9.8,29.0,263,16.5,439
2025-10-30 17:00+00:00,9.9,27.3,264,0.0,439
2025-10-30 18:00+00:00,9.5,27.6,262,0.0,439
2025-10-30 19:00+00:00,9.4,26.0,262,0.0,439
2025-10-30 20:00+00:00,9.6,25.9,263,0.0,440
2025-10-30 21:00+00:00,9.7,25.2,263,0.0,441
2025-10-30 22:00+00:00,9.1,22.6,264,0.0,443
2025-10-30 23:00+00:00,9.2,22.1,263,0.0,444
2025-10-31 00:00+00:00,9.1,21.4,267,0.0,443
2025-10-31 01:00+00:00,9.1,21.1,268,0.0,442
2025-10-31 02:00+00:00,8.1,18.6,266,0.0,442
2025-10-31 03:00+00:00,7.3,16.1,266,0.0,444
2025-10-31 04:00+00:00,6.6,13.7,265,0.0,447
2025-10-31 05:00+00:00,5.8,12.8,253,0.0,449
2025-10-31 06:00+00:00,5.1,11.4,252,0.0,450
2025-10-31 07:00+00:00,5.7,12.5,252,274.3,450
2025-10-31 08:00+00:00,7.0,10.1,254,566.4,449
2025-10-31 09:00+00:00,8.5,9.2,264,688.1,447
2025-10-31 10:00+00:00,9.9,8.4,263,745.4,444
2025-10-31 11:00+00:00,10.9,8.6,255,746.0,443
2025-10-31 12:00+00:00,11.6,8.4,259,727.7,443
2025-10-31 13:00+00:00,11.7,7.9,253,663.0,445
2025-10-31 14:00+00:00,11.2,5.1,238,502.7,447
2025-10-31 15:00+00:00,9.4,3.8,177,56.0,449
2025-10-31 16:00+00:00,8.1,5.6,163,0.0,452
2025-10-31 17:00+00:00,7.7,5.8,158,0.0,454
2025-10-31 18:00+00:00,7.8,6.7,142,0.0,454
2025-10-31 19:00+00:00,7.6,8.3,138,0.0,452
2025-10-31 20:00+00:00,7.1,7.9,141,0.0,451
2025-10-31 21:00+00:00,6.3,7.4,135,0.0,451
2025-10-31 22:00+00:00,6.1,8.9,135,0.0,451
2025-10-31 23:00+00:00,6.2,10.2,135,0.0,451
2025-11-01 00:00+00:00,5.7,10.8,138,0.0,450
2025-11-01 01:00+00:00,5.4,11.7,136,0.0,450
2025-11-01 02:00+00:00,5.3,12.2,144,0.0,450
2025-11-01 03:00+00:00,4.9,8.9,162,0.0,452
2025-11-01 04:00+00:00,3.8,10.8,143,0.0,456
2025-11-01 05:00+00:00,4.8,10.1,151,0.0,458
2025-11-01 06:00+00:00,3.8,9.4,151,0.0,458
2025-11-01 07:00+00:00,4.7,10.4,157,253.2,457
2025-11-01 08:00+00:00,6.2,8.8,152,555.2,455
2025-11-01 09:00+00:00,8.2,8.0,153,682.8,453
2025-11-01 10:00+00:00,10.2,7.5,153,733.7,450
2025-11-01 11:00+00:00,11.8,7.7,144,719.7,448
2025-11-01 12:00+00:00,12.9,6.9,137,670.4,448
2025-11-01 13:00+00:00,13.2,8.5,134,632.4,449
2025-11-01 14:00+00:00,12.5,8.7,135,332.1,450
2025-11-01 15:00+00:00,10.6,7.4,137,204.0,450
2025-11-01 16:00+00:00,9.7,8.0,140,0.0,450
2025-11-01 17:00+00:00,9.6,9.1,139,0.0,450
2025-11-01 18:00+00:00,10.4,9.1,146,0.0,451
2025-11-01 19:00+00:00,10.6,9.5,158,0.0,452
2025-11-01 20:00+00:00,9.9,7.0,180,0.0,453
2025-11-01 21:00+00:00,10.1,7.2,192,0.0,454
2025-11-01 22:00+00:00,10.1,6.6,196,0.0,454
2025-11-01 23:00+00:00,10.0,5.6,197,0.0,455
2025-11-02 00:00+00:00,10.3,8.2,220,0.0,456
2025-11-02 01:00+00:00,10.6,7.9,210,0.0,457
2025-11-02 02:00+00:00,10.4,7.8,206,0.0,459
2025-11-02 03:00+00:00,10.0,7.2,205,0.0,461
2025-11-02 04:00+00:00,9.9,7.6,207,0.0,464
2025-11-02 05:00+00:00,9.9,7.7,211,0.0,465
2025-11-02 06:00+00:00,10.2,7.5,222,0.0,464
2025-11-02 07:00+00:00,10.6,8.4,233,0.0,462
2025-11-02 08:00+00:00,10.7,6.0,253,0.0,461
2025-11-02 09:00+00:00,11.4,5.6,263,13.5,461
2025-11-02 10:00+00:00,11.7,5.1,266,2.8,462
2025-11-02 11:00+00:00,12.4,6.0,263,5.2,463
2025-11-02 12:00+00:00,11.7,6.2,226,0.0,463
2025-11-02 13:00+00:00,11.6,5.6,211,0.0,462
2025-11-02 14:00+00:00,11.6,5.9,207,0.0,462
2025-11-02 15:00+00:00,11.4,5.0,199,0.0,464
2025-11-02 16:00+00:00,10.7,4.7,212,0.0,466
2025-11-02 17:00+00:00,10.2,5.5,216,0.0,467
2025-11-02 18:00+00:00,10.6,6.9,213,0.0,467
2025-11-02 19:00+00:00,10.1,5.0,235,0.0,465
2025-11-02 20:00+00:00,9.7,4.8,236,0.0,464
2025-11-02 21:00+00:00,9.3,4.9,237,0.0,462
2025-11-02 22:00+00:00,9.4,5.2,254,0.0,460
2025-11-02 23:00+00:00,9.3,6.7,275,0.0,459
2025-11-03 00:00+00:00,9.1,4.4,289,0.0,461
2025-11-03 01:00+00:00,9.2,4.1,308,0.0,465
2025-11-03 02:00+00:00,8.9,4.3,285,0.0,469
2025-11-03 03:00+00:00,8.8,4.3,287,0.0,474
2025-11-03 04:00+00:00,8.5,4.5,286,0.0,480
2025-11-03 05:00+00:00,8.2,4.2,282,0.0,483
2025-11-03 06:00+00:00,8.4,6.5,272,0.0,481
2025-11-03 07:00+00:00,8.6,6.4,280,9.4,476
2025-11-03 08:00+00:00,9.5,6.9,265,5.1,470
2025-11-03 09:00+00:00,10.4,7.6,285,41.1,463
2025-11-03 10:00+00:00,11.0,9.9,286,48.0,455
2025-11-03 11:00+00:00,11.6,11.6,282,87.4,449
2025-11-03 12:00+00:00,11.1,14.7,285,110.6,446
2025-11-03 13:00+00:00,11.5,16.0,285,117.4,445
2025-11-03 14:00+00:00,11.1,16.2,284,110.9,444
2025-11-03 15:00+00:00,10.1,12.5,278,195.4,444
2025-11-03 16:00+00:00,8.8,10.5,278,0.0,444
2025-11-03 17:00+00:00,8.0,9.9,272,0.0,445
2025-11-03 18:00+00:00,8.2,9.2,267,0.0,447
2025-11-03 19:00+00:00,6.9,7.1,249,0.0,449
2025-11-03 20:00+00:00,6.3,8.2,229,0.0,451
2025-11-03 21:00+00:00,6.2,9.7,228,0.0,451
2025-11-03 22:00+00:00,6.0,9.9,232,0.0,449
2025-11-03 23:00+00:00,5.7,9.6,230,0.0,448
2025-11-04 00:00+00:00,5.6,10.2,222,0.0,448
2025-11-04 01:00+00:00,5.7,10.4,219,0.0,448
2025-11-04 02:00+00:00,5.7,9.9,222,0.0,449
2025-11-04 03:00+00:00,6.6,9.6,220,0.0,450
2025-11-04 04:00+00:00,7.6,10.6,208,0.0,451
2025-11-04 05:00+00:00,6.8,10.2,222,0.0,452
2025-11-04 06:00+00:00,6.2,9.8,216,0.0,451
2025-11-04 07:00+00:00,7.6,11.0,215,48.3,450
2025-11-04 08:00+00:00,8.3,9.1,198,41.8,448
2025-11-04 09:00+00:00,9.6,9.3,207,407.3,446
2025-11-04 10:00+00:00,11.1,9.0,206,693.1,444
2025-11-04 11:00+00:00,12.1,10.0,206,702.7,443
2025-11-04 12:00+00:00,12.5,10.3,205,538.3,443
2025-11-04 13:00+00:00,12.6,11.0,201,414.2,445
2025-11-04 14:00+00:00,12.4,9.1,195,519.4,446
2025-11-04 15:00+00:00,10.6,7.2,186,268.7,448
2025-11-04 16:00+00:00,9.6,7.7,189,0.0,449
2025-11-04 17:00+00:00,9.4,8.0,194,0.0,451
2025-11-04 18:00+00:00,9.4,9.4,197,0.0,452
2025-11-04 19:00+00:00,9.1,9.7,199,0.0,453
2025-11-04 20:00+00:00,8.4,8.2,199,0.0,454
2025-11-04 21:00+00:00,7.7,7.7,191,0.0,454
2025-11-04 22:00+00:00,7.2,8.5,182,0.0,454
2025-11-04 23:00+00:00,6.6,8.1,176,0.0,454
2025-11-05 00:00+00:00,6.1,9.2,168,0.0,455
2025-11-05 01:00+00:00,5.3,7.3,169,0.0,455
2025-11-05 02:00+00:00,4.8,7.8,161,0.0,456
2025-11-05 03:00+00:00,4.4,7.6,155,0.0,456
2025-11-05 04:00+00:00,4.2,8.5,153,0.0,456
2025-11-05 05:00+00:00,4.2,9.9,151,0.0,455
2025-11-05 06:00+00:00,4.1,11.2,154,0.0,455
2025-11-05 07:00+00:00,4.4,11.1,160,29.7,454
2025-11-05 08:00+00:00,5.5,10.4,148,32.2,453
2025-11-05 09:00+00:00,6.9,9.0,158,194.7,451
2025-11-05 10:00+00:00,8.7,8.7,162,432.7,449
2025-11-05 11:00+00:00,10.1,7.0,159,383.1,448
2025-11-05 12:00+00:00,11.9,7.9,163,693.4,448
2025-11-05 13:00+00:00,12.4,8.0,162,686.8,448
2025-11-05 14:00+00:00,11.9,8.2,158,569.4,448
2025-11-05 15:00+00:00,9.9,7.7,155,283.0,449
2025-11-05 16:00+00:00,8.9,8.5,159,0.0,450
2025-11-05 17:00+00:00,8.4,8.4,161,0.0,451
2025-11-05 18:00+00:00,7.9,9.0,157,0.0,451
2025-11-05 19:00+00:00,7.4,9.1,158,0.0,451
2025-11-05 20:00+00:00,6.9,8.6,160,0.0,451
2025-11-05 21:00+00:00,6.4,8.4,161,0.0,451
2025-11-05 22:00+00:00,5.9,8.0,162,0.0,452
2025-11-05 23:00+00:00,5.6,7.9,163,0.0,452
2025-11-06 00:00+00:00,4.7,8.4,161,0.0,453
2025-11-06 01:00+00:00,3.8,7.9,153,0.0,453
2025-11-06 02:00+00:00,3.5,8.6,144,0.0,454
2025-11-06 03:00+00:00,3.4,9.8,144,0.0,455
2025-11-06 04:00+00:00,3.2,10.2,148,0.0,456
2025-11-06 05:00+00:00,3.0,10.0,147,0.0,457
2025-11-06 06:00+00:00,2.6,10.9,144,0.0,457
2025-11-06 07:00+00:00,3.0,10.0,139,212.5,456
2025-11-06 08:00+00:00,4.8,10.1,123,560.5,454
2025-11-06 09:00+00:00,6.9,7.3,126,669.8,452
2025-11-06 10:00+00:00,9.1,7.7,127,706.9,449
2025-11-06 11:00+00:00,10.8,7.8,122,737.9,447
2025-11-06 12:00+00:00,12.4,8.7,114,685.7,446
2025-11-06 13:00+00:00,12.6,9.3,109,608.8,447
2025-11-06 14:00+00:00,12.0,10.0,118,488.3,447
2025-11-06 15:00+00:00,10.6,10.3,133,207.6,447
2025-11-06 16:00+00:00,10.0,11.8,137,0.0,446
2025-11-06 17:00+00:00,9.6,12.8,138,0.0,447
2025-11-06 18:00+00:00,9.0,13.9,130,0.0,449
2025-11-06 19:00+00:00,8.4,13.5,132,0.0,451
2025-11-06 20:00+00:00,7.9,12.9,132,0.0,454
2025-11-06 21:00+00:00,7.7,12.9,134,0.0,456
2025-11-06 22:00+00:00,7.4,12.8,138,0.0,459
2025-11-06 23:00+00:00,7.2,12.3,140,0.0,460
2025-11-07 00:00+00:00,6.7,13.2,137,0.0,460
2025-11-07 01:00+00:00,6.3,12.5,136,0.0,460
2025-11-07 02:00+00:00,5.9,11.8,134,0.0,459
2025-11-07 03:00+00:00,5.6,11.7,134,0.0,459
2025-11-07 04:00+00:00,5.3,11.6,136,0.0,459
2025-11-07 05:00+00:00,5.2,11.4,141,0.0,458
2025-11-07 06:00+00:00,4.5,11.3,133,0.0,456
2025-11-07 07:00+00:00,4.9,12.0,131,186.5,454
2025-11-07 08:00+00:00,6.7,12.0,126,535.7,452
2025-11-07 09:00+00:00,8.6,10.3,134,666.8,450
2025-11-07 10:00+00:00,10.6,11.3,141,732.0,448
2025-11-07 11:00+00:00,11.9,12.9,148,753.4,446
2025-11-07 12:00+00:00,12.4,13.5,139,741.8,445
2025-11-07 13:00+00:00,12.6,13.1,134,684.5,445
2025-11-07 14:00+00:00,12.1,13.5,147,564.8,446
2025-11-07 15:00+00:00,10.6,12.2,143,267.1,447
2025-11-07 16:00+00:00,9.2,12.0,141,0.0,449
2025-11-07 17:00+00:00,8.8,12.3,145,0.0,450
2025-11-07 18:00+00:00,8.1,12.2,144,0.0,450
2025-11-07 19:00+00:00,7.7,11.8,147,0.0,451
2025-11-07 20:00+00:00,7.3,11.5,150,0.0,451
2025-11-07 21:00+00:00,6.8,10.5,153,0.0,452
2025-11-07 22:00+00:00,6.6,10.5,151,0.0,453
2025-11-07 23:00+00:00,6.3,10.3,153,0.0,454
2025-11-08 00:00+00:00,5.6,9.5,151,0.0,455
2025-11-08 01:00+00:00,5.2,9.1,148,0.0,456
2025-11-08 02:00+00:00,5.1,8.8,147,0.0,458
2025-11-08 03:00+00:00,4.8,8.1,145,0.0,460
2025-11-08 04:00+00:00,4.5,7.6,142,0.0,462
2025-11-08 05:00+00:00,4.3,7.7,143,0.0,464
2025-11-08 06:00+00:00,3.6,7.4,137,0.0,464
2025-11-08 07:00+00:00,4.4,8.6,129,159.2,464
2025-11-08 08:00+00:00,6.2,9.9,111,503.6,463
2025-11-08 09:00+00:00,8.0,7.5,117,641.2,461
2025-11-08 10:00+00:00,9.6,7.6,121,706.2,458
2025-11-08 11:00+00:00,11.1,7.0,119,726.7,456
2025-11-08 12:00+00:00,11.6,8.9,115,710.6,456
2025-11-08 13:00+00:00,11.5,9.3,117,653.1,458
2025-11-08 14:00+00:00,10.8,7.3,113,531.1,459
2025-11-08 15:00+00:00,8.1,6.3,108,235.0,460
2025-11-08 16:00+00:00,7.3,7.3,97,0.0,462
2025-11-08 17:00+00:00,6.8,10.1,107,0.0,463
2025-11-08 18:00+00:00,6.2,10.4,113,0.0,464
2025-11-08 19:00+00:00,5.7,11.1,119,0.0,464
2025-11-08 20:00+00:00,5.2,10.4,122,0.0,465
2025-11-08 21:00+00:00,4.8,7.8,122,0.0,468
2025-11-08 22:00+00:00,4.2,6.6,116,0.0,472
2025-11-08 23:00+00:00,3.8,6.6,99,0.0,474
2025-11-09 00:00+00:00,4.2,7.7,99,0.0,472
2025-11-09 01:00+00:00,4.3,8.8,109,0.0,467
2025-11-09 02:00+00:00,4.4,6.8,107,0.0,464
2025-11-09 03:00+00:00,4.4,5.8,112,0.0,463
2025-11-09 04:00+00:00,4.5,5.6,132,0.0,464
2025-11-09 05:00+00:00,4.5,4.1,135,0.0,464
2025-11-09 06:00+00:00,4.8,5.0,120,0.0,464
2025-11-09 07:00+00:00,4.9,3.5,141,0.0,465
2025-11-09 08:00+00:00,5.3,3.5,159,5.9,465
2025-11-09 09:00+00:00,5.6,3.1,225,11.4,465
2025-11-09 10:00+00:00,6.2,1.8,233,6.1,465
2025-11-09 11:00+00:00,6.6,2.5,249,2.9,465
2025-11-09 12:00+00:00,6.1,2.3,309,0.0,464
2025-11-09 13:00+00:00,6.2,1.8,276,0.0,464
2025-11-09 14:00+00:00,6.2,3.1,249,0.0,464
2025-11-09 15:00+00:00,5.9,4.7,277,0.0,467
2025-11-09 16:00+00:00,5.8,3.9,286,0.0,470
2025-11-09 17:00+00:00,5.8,2.9,292,0.0,473
2025-11-09 18:00+00:00,5.7,1.9,292,0.0,474
2025-11-09 19:00+00:00,5.7,1.3,286,0.0,475
2025-11-09 20:00+00:00,5.7,1.5,277,0.0,475
2025-11-09 21:00+00:00,5.7,3.0,284,0.0,474
2025-11-09 22:00+00:00,5.6,3.7,309,0.0,473
2025-11-09 23:00+00:00,5.6,4.3,318,0.0,471
2025-11-10 00:00+00:00,5.4,2.0,315,0.0,469
2025-11-10 01:00+00:00,5.3,0.6,214,0.0,468
2025-11-10 02:00+00:00,5.3,3.1,257,0.0,467
2025-11-10 03:00+00:00,5.3,3.7,281,0.0,468
2025-11-10 04:00+00:00,5.3,2.4,287,0.0,470
2025-11-10 05:00+00:00,5.3,1.5,216,0.0,471
2025-11-10 06:00+00:00,5.2,2.4,193,0.0,469
2025-11-10 07:00+00:00,5.2,3.1,225,0.0,465
2025-11-10 08:00+00:00,6.0,3.9,246,30.6,462
2025-11-10 09:00+00:00,6.5,4.5,263,38.6,459
2025-11-10 10:00+00:00,7.1,5.9,272,3.1,456
2025-11-10 11:00+00:00,7.1,6.0,287,0.0,455
2025-11-10 12:00+00:00,7.2,5.9,308,0.0,456
2025-11-10 13:00+00:00,7.2,5.1,306,0.0,458
2025-11-10 14:00+00:00,7.1,5.4,304,0.0,461
2025-11-10 15:00+00:00,6.7,3.1,310,0.0,466
2025-11-10 16:00+00:00,6.3,2.6,295,0.0,471
2025-11-10 17:00+00:00,6.2,2.3,266,0.0,475
2025-11-10 18:00+00:00,6.3,2.4,261,0.0,476
2025-11-10 19:00+00:00,6.3,2.9,240,0.0,475
2025-11-10 20:00+00:00,6.4,3.8,225,0.0,475
2025-11-10 21:00+00:00,6.3,4.3,208,0.0,476
2025-11-10 22:00+00:00,5.2,4.5,209,0.0,477
2025-11-10 23:00+00:00,6.1,5.1,190,0.0,477
2025-11-11 00:00+00:00,6.3,5.9,191,0.0,475
2025-11-11 01:00+00:00,5.9,6.4,209,0.0,472
2025-11-11 02:00+00:00,6.3,6.6,213,0.0,470
2025-11-11 03:00+00:00,6.8,6.1,212,0.0,470
2025-11-11 04:00+00:00,6.8,5.0,201,0.0,471
2025-11-11 05:00+00:00,6.7,4.9,180,0.0,470
2025-11-11 06:00+00:00,6.8,6.7,183,0.0,464
2025-11-11 07:00+00:00,7.1,9.7,191,0.0,456
2025-11-11 08:00+00:00,7.1,10.4,191,12.6,450
2025-11-11 09:00+00:00,7.1,10.3,193,3.9,450
2025-11-11 10:00+00:00,7.1,10.1,197,0.0,452
2025-11-11 11:00+00:00,8.1,13.8,211,20.6,455
2025-11-11 12:00+00:00,8.2,7.6,216,0.0,457
2025-11-11 13:00+00:00,7.8,6.9,231,0.0,459
2025-11-11 14:00+00:00,7.4,6.2,229,0.0,460
2025-11-11 15:00+00:00,7.2,7.1,210,0.0,460
2025-11-11 16:00+00:00,7.1,7.3,237,0.0,460
2025-11-11 17:00+00:00,6.9,8.5,257,0.0,459
2025-11-11 18:00+00:00,7.2,8.2,261,0.0,458
2025-11-11 19:00+00:00,7.6,8.9,276,0.0,457
2025-11-11 20:00+00:00,7.4,9.0,276,0.0,456
2025-11-11 21:00+00:00,7.1,7.8,274,0.0,456
2025-11-11 22:00+00:00,5.9,5.6,266,0.0,457
2025-11-11 23:00+00:00,5.1,5.4,244,0.0,458
2025-11-12 00:00+00:00,7.1,8.7,252,0.0,459
2025-11-12 01:00+00:00,6.8,5.8,250,0.0,461
2025-11-12 02:00+00:00,6.6,3.2,214,0.0,462
2025-11-12 03:00+00:00,6.9,5.6,201,0.0,463
2025-11-12 04:00+00:00,7.1,6.5,204,0.0,465
2025-11-12 05:00+00:00,7.3,7.5,170,0.0,465
2025-11-12 06:00+00:00,7.7,9.3,164,0.0,463
2025-11-12 07:00+00:00,8.0,10.8,154,0.0,460
2025-11-12 08:00+00:00,8.2,11.0,165,25.9,457
2025-11-12 09:00+00:00,8.4,11.0,174,16.0,454
2025-11-12 10:00+00:00,9.0,13.7,159,16.1,451
2025-11-12 11:00+00:00,9.9,12.9,171,80.5,449
2025-11-12 12:00+00:00,10.6,10.7,167,434.8,448
2025-11-12 13:00+00:00,11.0,10.2,157,327.3,447
2025-11-12 14:00+00:00,10.8,11.4,159,186.1,447
2025-11-12 15:00+00:00,9.4,12.1,169,132.6,448
2025-11-12 16:00+00:00,9.0,12.9,173,0.0,450
2025-11-12 17:00+00:00,8.1,12.8,174,0.0,451
2025-11-12 18:00+00:00,8.4,13.3,172,0.0,451
2025-11-12 19:00+00:00,7.9,13.7,175,0.0,450
2025-11-12 20:00+00:00,7.9,13.5,178,0.0,450
2025-11-12 21:00+00:00,7.6,12.6,184,0.0,451
2025-11-12 22:00+00:00,7.3,11.5,190,0.0,451
2025-11-12 23:00+00:00,7.1,11.7,190,0.0,452
2025-11-13 00:00+00:00,7.4,11.6,193,0.0,452
2025-11-13 01:00+00:00,6.8,11.8,192,0.0,451
2025-11-13 02:00+00:00,6.8,12.6,197,0.0,451
2025-11-13 03:00+00:00,6.9,13.7,202,0.0,451
2025-11-13 04:00+00:00,7.0,13.7,205,0.0,452
2025-11-13 05:00+00:00,6.9,13.8,208,0.0,452
2025-11-13 06:00+00:00,6.8,13.2,208,0.0,451
2025-11-13 07:00+00:00,6.9,13.4,200,48.2,450
2025-11-13 08:00+00:00,8.4,13.6,197,279.5,449
2025-11-13 09:00+00:00,10.2,13.5,196,534.0,447
2025-11-13 10:00+00:00,11.9,11.6,198,589.8,446
2025-11-13 11:00+00:00,13.4,11.5,203,704.4,445
2025-11-13 12:00+00:00,13.4,12.0,197,694.4,445
2025-11-13 13:00+00:00,13.9,17.6,223,523.5,447
2025-11-13 14:00+00:00,13.4,16.0,232,392.2,448
2025-11-13 15:00+00:00,12.4,15.1,237,104.0,449
2025-11-13 16:00+00:00,11.7,15.2,227,0.0,451
2025-11-13 17:00+00:00,11.1,15.2,222,0.0,452
2025-11-13 18:00+00:00,10.4,14.9,226,0.0,453
2025-11-13 19:00+00:00,10.1,14.6,230,0.0,453
2025-11-13 20:00+00:00,10.1,14.9,235,0.0,453
2025-11-13 21:00+00:00,9.9,14.5,228,0.0,453
2025-11-13 22:00+00:00,9.9,14.8,233,0.0,454
2025-11-13 23:00+00:00,9.9,12.8,236,0.0,454
2025-11-14 00:00+00:00,9.2,12.4,234,0.0,454
2025-11-14 01:00+00:00,8.9,10.3,237,0.0,454
2025-11-14 02:00+00:00,9.1,9.7,230,0.0,455
2025-11-14 03:00+00:00,9.1,8.9,223,0.0,458
2025-11-14 04:00+00:00,9.2,10.0,221,0.0,461
2025-11-14 05:00+00:00,9.1,7.6,214,0.0,463
2025-11-14 06:00+00:00,8.6,7.6,183,0.0,463
2025-11-14 07:00+00:00,8.5,8.6,192,12.4,461
2025-11-14 08:00+00:00,9.4,7.8,203,48.0,460
2025-11-14 09:00+00:00,9.7,5.8,176,16.6,459
2025-11-14 10:00+00:00,11.2,6.1,177,115.7,457
2025-11-14 11:00+00:00,11.4,5.4,184,18.4,457
2025-11-14 12:00+00:00,11.4,5.9,162,12.9,457
2025-11-14 13:00+00:00,11.1,6.1,178,0.0,458
2025-11-14 14:00+00:00,11.1,3.8,185,35.4,461
2025-11-14 15:00+00:00,9.8,1.3,135,10.6,466
2025-11-14 16:00+00:00,9.1,1.7,103,0.0,472
2025-11-14 17:00+00:00,8.1,3.9,106,0.0,479
2025-11-14 18:00+00:00,8.1,4.5,43,0.0,489
2025-11-14 19:00+00:00,7.7,7.6,28,0.0,499
2025-11-14 20:00+00:00,7.6,9.0,29,0.0,502
2025-11-14 21:00+00:00,7.8,9.7,27,0.0,490
2025-11-14 22:00+00:00,7.4,12.9,32,0.0,471
2025-11-14 23:00+00:00,7.1,12.6,34,0.0,456
2025-11-15 00:00+00:00,6.7,15.6,26,0.0,450
2025-11-15 01:00+00:00,6.0,15.3,34,0.0,447
2025-11-15 02:00+00:00,5.7,14.8,33,0.0,446
2025-11-15 03:00+00:00,5.2,15.3,38,0.0,445
2025-11-15 04:00+00:00,5.2,13.7,38,0.0,446
2025-11-15 05:00+00:00,5.2,13.7,40,0.0,446
2025-11-15 06:00+00:00,4.9,13.0,48,0.0,446
2025-11-15 07:00+00:00,5.0,11.1,51,0.0,446
2025-11-15 08:00+00:00,5.1,9.8,59,0.0,445
2025-11-15 09:00+00:00,5.3,10.2,60,0.0,444
2025-11-15 10:00+00:00,6.1,14.1,74,3.4,443
2025-11-15 11:00+00:00,6.3,12.6,92,3.1,442
2025-11-15 12:00+00:00,6.4,11.0,89,0.0,443
2025-11-15 13:00+00:00,6.6,11.7,94,0.0,445
2025-11-15 14:00+00:00,6.3,11.6,96,36.2,446
2025-11-15 15:00+00:00,5.7,10.3,97,10.8,447
2025-11-15 16:00+00:00,5.4,12.1,92,0.0,447
2025-11-15 17:00+00:00,4.8,13.0,91,0.0,447
2025-11-15 18:00+00:00,4.9,13.2,95,0.0,446
2025-11-15 19:00+00:00,4.2,13.9,100,0.0,445
2025-11-15 20:00+00:00,3.8,14.7,101,0.0,445
2025-11-15 21:00+00:00,3.8,15.4,107,0.0,446
2025-11-15 22:00+00:00,3.7,15.3,111,0.0,448
2025-11-15 23:00+00:00,3.6,14.6,114,0.0,449
2025-11-16 00:00+00:00,3.8,13.0,119,0.0,449
2025-11-16 01:00+00:00,3.6,13.2,129,0.0,448
2025-11-16 02:00+00:00,3.6,12.0,126,0.0,448
2025-11-16 03:00+00:00,3.7,12.2,127,0.0,450
2025-11-16 04:00+00:00,4.0,11.9,139,0.0,452
2025-11-16 05:00+00:00,4.2,10.9,147,0.0,454
2025-11-16 06:00+00:00,4.2,12.2,152,0.0,456
2025-11-16 07:00+00:00,4.4,10.1,156,0.0,457
2025-11-16 08:00+00:00,4.9,10.5,153,7.3,458
2025-11-16 09:00+00:00,5.5,10.9,171,4.3,457
2025-11-16 10:00+00:00,6.8,9.2,183,23.8,456
2025-11-16 11:00+00:00,7.2,9.7,176,56.6,455
2025-11-16 12:00+00:00,8.6,13.2,208,234.3,456
2025-11-16 13:00+00:00,9.2,12.2,204,12.0,458
2025-11-16 14:00+00:00,9.5,10.4,208,6.2,459
2025-11-16 15:00+00:00,8.4,9.7,208,44.1,459
2025-11-16 16:00+00:00,8.1,10.6,212,0.0,459
2025-11-16 17:00+00:00,7.4,11.2,221,0.0,459
2025-11-16 18:00+00:00,8.4,10.5,231,0.0,458
2025-11-16 19:00+00:00,8.6,12.6,227,0.0,457
2025-11-16 20:00+00:00,8.5,11.0,271,0.0,456
2025-11-16 21:00+00:00,6.8,15.0,315,0.0,457
2025-11-16 22:00+00:00,5.8,13.0,313,0.0,458
2025-11-16 23:00+00:00,5.0,11.2,315,0.0,458
2025-11-17 00:00+00:00,4.5,10.8,324,0.0,457
2025-11-17 01:00+00:00,4.2,8.8,319,0.0,455
2025-11-17 02:00+00:00,4.0,7.1,308,0.0,454
2025-11-17 03:00+00:00,3.8,6.7,306,0.0,455
2025-11-17 04:00+00:00,3.7,8.4,286,0.0,456
2025-11-17 05:00+00:00,3.6,6.7,267,0.0,456
2025-11-17 06:00+00:00,3.2,5.8,268,0.0,454
2025-11-17 07:00+00:00,3.0,7.1,240,0.0,450
2025-11-17 08:00+00:00,3.7,9.0,258,60.1,447
2025-11-17 09:00+00:00,4.4,9.9,271,162.2,445
2025-11-17 10:00+00:00,4.9,8.9,262,62.1,445
2025-11-17 11:00+00:00,5.8,11.1,277,216.6,444
2025-11-17 12:00+00:00,5.4,12.5,288,10.0,444
2025-11-17 13:00+00:00,4.8,13.6,300,4.1,444
2025-11-17 14:00+00:00,4.6,14.2,311,0.0,444
2025-11-17 15:00+00:00,4.4,9.3,306,0.0,445
2025-11-17 16:00+00:00,3.0,6.6,279,0.0,446
2025-11-17 17:00+00:00,2.6,12.2,278,0.0,447
2025-11-17 18:00+00:00,3.0,15.8,291,0.0,447
2025-11-17 19:00+00:00,2.5,16.0,293,0.0,446
2025-11-17 20:00+00:00,2.0,15.8,296,0.0,445
2025-11-17 21:00+00:00,1.7,13.8,296,0.0,445
2025-11-17 22:00+00:00,1.5,13.8,291,0.0,444
2025-11-17 23:00+00:00,1.0,14.3,284,0.0,444
2025-11-18 00:00+00:00,0.9,15.4,281,0.0,444
2025-11-18 01:00+00:00,0.8,15.0,275,0.0,444
2025-11-18 02:00+00:00,0.4,15.3,267,0.0,444
2025-11-18 03:00+00:00,0.2,14.8,261,0.0,446
2025-11-18 04:00+00:00,0.0,15.6,253,0.0,448
2025-11-18 05:00+00:00,-0.2,16.3,251,0.0,449
2025-11-18 06:00+00:00,-0.1,14.7,243,0.0,449
2025-11-18 07:00+00:00,0.3,15.2,244,41.4,447
2025-11-18 08:00+00:00,1.7,18.1,249,54.1,446
2025-11-18 09:00+00:00,2.6,19.6,246,35.7,445
2025-11-18 10:00+00:00,3.8,21.7,249,105.0,444
2025-11-18 11:00+00:00,4.3,22.1,248,45.2,444
2025-11-18 12:00+00:00,3.5,21.0,240,16.9,444
2025-11-18 13:00+00:00,3.7,21.7,243,4.1,444
2025-11-18 14:00+00:00,3.8,16.8,240,6.4,445
2025-11-18 15:00+00:00,3.9,15.8,234,0.0,446
2025-11-18 16:00+00:00,4.0,14.7,230,0.0,446
2025-11-18 17:00+00:00,4.1,14.4,224,0.0,447
2025-11-18 18:00+00:00,4.2,15.5,225,0.0,447
2025-11-18 19:00+00:00,4.2,16.2,229,0.0,448
2025-11-18 20:00+00:00,3.9,15.8,232,0.0,448
2025-11-18 21:00+00:00,3.2,15.0,228,0.0,448
2025-11-18 22:00+00:00,2.5,13.9,224,0.0,447
2025-11-18 23:00+00:00,2.2,14.1,219,0.0,447
2025-11-19 00:00+00:00,2.0,14.3,217,0.0,447
2025-11-19 01:00+00:00,1.6,13.8,221,0.0,448
2025-11-19 02:00+00:00,1.5,13.4,222,0.0,448
2025-11-19 03:00+00:00,1.3,13.1,213,0.0,448
2025-11-19 04:00+00:00,1.0,12.4,204,0.0,449
2025-11-19 05:00+00:00,0.9,12.9,205,0.0,449
2025-11-19 06:00+00:00,1.4,13.5,205,0.0,449
2025-11-19 07:00+00:00,1.1,13.8,202,0.0,448
2025-11-19 08:00+00:00,1.8,14.9,215,322.2,447
2025-11-19 09:00+00:00,2.2,13.6,220,318.3,447
2025-11-19 10:00+00:00,2.9,12.3,217,152.7,446
2025-11-19 11:00+00:00,3.6,11.5,212,160.1,446
2025-11-19 12:00+00:00,3.9,10.9,196,408.2,446
2025-11-19 13:00+00:00,4.3,12.6,193,627.7,447
2025-11-19 14:00+00:00,3.8,9.7,184,460.3,447
2025-11-19 15:00+00:00,2.0,8.9,171,128.4,448
2025-11-19 16:00+00:00,1.6,11.8,160,0.0,448
2025-11-19 17:00+00:00,1.2,12.9,165,0.0,449
2025-11-19 18:00+00:00,1.2,13.3,167,0.0,449
2025-11-19 19:00+00:00,1.6,13.2,173,0.0,450
2025-11-19 20:00+00:00,0.5,11.1,163,0.0,450
2025-11-19 21:00+00:00,0.6,12.4,167,0.0,450
2025-11-19 22:00+00:00,0.5,12.1,165,0.0,451
2025-11-19 23:00+00:00,0.0,11.0,162,0.0,451
2025-11-20 00:00+00:00,-0.7,10.0,154,0.0,451
2025-11-20 01:00+00:00,-0.8,11.0,156,0.0,450
2025-11-20 02:00+00:00,-0.8,11.9,155,0.0,450
2025-11-20 03:00+00:00,-0.7,12.6,154,0.0,451
2025-11-20 04:00+00:00,-0.5,12.8,161,0.0,451
2025-11-20 05:00+00:00,-0.2,11.4,164,0.0,452
2025-11-20 06:00+00:00,-0.2,12.8,160,0.0,452
2025-11-20 07:00+00:00,0.3,12.9,171,0.0,452
2025-11-20 08:00+00:00,1.1,11.6,187,0.0,451
2025-11-20 09:00+00:00,1.9,9.0,178,27.8,450
2025-11-20 10:00+00:00,2.5,9.0,174,14.4,449
2025-11-20 11:00+00:00,3.5,11.8,199,79.4,448
2025-11-20 12:00+00:00,2.9,12.1,192,6.9,448
2025-11-20 13:00+00:00,3.6,12.6,194,55.2,448
2025-11-20 14:00+00:00,4.0,14.4,196,0.0,448
2025-11-20 15:00+00:00,3.2,13.0,202,59.4,448
2025-11-20 16:00+00:00,3.7,14.9,211,0.0,449
2025-11-20 17:00+00:00,2.8,16.5,234,0.0,449
2025-11-20 18:00+00:00,1.9,17.1,253,0.0,449
2025-11-20 19:00+00:00,2.0,17.5,260,0.0,448
2025-11-20 20:00+00:00,2.0,17.8,268,0.0,447
2025-11-20 21:00+00:00,1.5,17.3,265,0.0,447
2025-11-20 22:00+00:00,0.4,18.4,267,0.0,446
2025-11-20 23:00+00:00,-0.1,18.4,268,0.0,446
2025-11-21 00:00+00:00,-0.2,16.0,259,0.0,446
2025-11-21 01:00+00:00,-0.9,15.0,259,0.0,446
2025-11-21 02:00+00:00,-1.2,14.3,260,0.0,446
2025-11-21 03:00+00:00,-1.6,13.2,266,0.0,447
2025-11-21 04:00+00:00,-2.1,10.6,252,0.0,449
2025-11-21 05:00+00:00,-2.6,11.1,238,0.0,450
2025-11-21 06:00+00:00,-2.7,12.4,257,0.0,450
2025-11-21 07:00+00:00,-2.8,12.8,268,45.0,450
2025-11-21 08:00+00:00,-1.6,9.8,263,422.5,450
2025-11-21 09:00+00:00,-0.5,12.6,279,612.7,449
2025-11-21 10:00+00:00,0.7,13.8,294,686.2,448
2025-11-21 11:00+00:00,1.5,11.2,286,686.5,447
2025-11-21 12:00+00:00,1.9,12.5,298,661.0,447
2025-11-21 13:00+00:00,1.9,14.5,300,370.1,448
2025-11-21 14:00+00:00,1.6,10.3,286,212.4,449
2025-11-21 15:00+00:00,-0.2,9.8,283,84.7,449
2025-11-21 16:00+00:00,-0.8,12.0,291,0.0,448
2025-11-21 17:00+00:00,-1.1,10.9,287,0.0,447
2025-11-21 18:00+00:00,-1.2,12.7,293,0.0,447
2025-11-21 19:00+00:00,-1.5,11.2,294,0.0,448
2025-11-21 20:00+00:00,-1.8,11.3,295,0.0,448
2025-11-21 21:00+00:00,-2.1,10.8,298,0.0,448
2025-11-21 22:00+00:00,-2.4,10.2,302,0.0,447
2025-11-21 23:00+00:00,-2.7,9.0,301,0.0,447
2025-11-22 00:00+00:00,-3.0,10.2,306,0.0,447
2025-11-22 01:00+00:00,-3.5,7.5,305,0.0,447
2025-11-22 02:00+00:00,-3.8,7.5,300,0.0,448
2025-11-22 03:00+00:00,-3.8,8.1,307,0.0,450
2025-11-22 04:00+00:00,-4.1,6.6,307,0.0,452
2025-11-22 05:00+00:00,-4.3,5.6,299,0.0,454
2025-11-22 06:00+00:00,-4.5,6.2,296,0.0,454
2025-11-22 07:00+00:00,-4.6,5.8,290,46.3,454
2025-11-22 08:00+00:00,-3.0,6.2,280,404.6,453
2025-11-22 09:00+00:00,-1.5,5.8,286,609.3,451
2025-11-22 10:00+00:00,0.0,4.6,291,695.5,449
2025-11-22 11:00+00:00,1.1,4.5,277,728.6,448
2025-11-22 12:00+00:00,1.5,5.4,278,711.5,451
2025-11-22 13:00+00:00,1.3,5.9,268,641.2,456
2025-11-22 14:00+00:00,-0.6,3.2,251,496.2,460
2025-11-22 15:00+00:00,-2.5,4.4,235,110.7,463
2025-11-22 16:00+00:00,-3.3,5.6,241,0.0,464
2025-11-22 17:00+00:00,-3.8,6.1,242,0.0,465
2025-11-22 18:00+00:00,-3.7,6.1,238,0.0,464
2025-11-22 19:00+00:00,-4.8,5.6,248,0.0,462
2025-11-22 20:00+00:00,-5.2,4.5,236,0.0,461
2025-11-22 21:00+00:00,-5.4,3.8,229,0.0,461
2025-11-22 22:00+00:00,-5.6,3.1,249,0.0,461
2025-11-22 23:00+00:00,-5.8,2.0,225,0.0,461
2025-11-23 00:00+00:00,-5.2,4.2,173,0.0,461
2025-11-23 01:00+00:00,-5.5,4.0,175,0.0,461
2025-11-23 02:00+00:00,-4.7,2.7,238,0.0,461
2025-11-23 03:00+00:00,-3.9,3.8,177,0.0,462
2025-11-23 04:00+00:00,-3.6,3.4,198,0.0,463
2025-11-23 05:00+00:00,-3.5,2.6,168,0.0,463
2025-11-23 06:00+00:00,-4.0,2.1,142,0.0,462
2025-11-23 07:00+00:00,-3.7,4.9,126,0.0,460
2025-11-23 08:00+00:00,-3.3,5.0,139,0.0,457
2025-11-23 09:00+00:00,-3.0,5.2,160,58.6,454
2025-11-23 10:00+00:00,-2.5,5.8,180,37.5,450
2025-11-23 11:00+00:00,-2.0,4.6,189,144.0,448
2025-11-23 12:00+00:00,-3.2,4.7,176,248.3,449
2025-11-23 13:00+00:00,-3.1,4.8,167,48.6,453
2025-11-23 14:00+00:00,-3.3,5.4,160,0.0,455
2025-11-23 15:00+00:00,-3.5,5.8,164,0.0,456
2025-11-23 16:00+00:00,-3.5,7.3,163,0.0,456
2025-11-23 17:00+00:00,-3.6,8.4,164,0.0,455
2025-11-23 18:00+00:00,-3.8,9.5,155,0.0,454
2025-11-23 19:00+00:00,-3.8,11.4,155,0.0,452
2025-11-23 20:00+00:00,-3.6,12.4,150,0.0,451
2025-11-23 21:00+00:00,-3.5,12.9,152,0.0,450
2025-11-23 22:00+00:00,-3.2,14.5,144,0.0,449
2025-11-23 23:00+00:00,-3.5,14.3,140,0.0,448
2025-11-24 00:00+00:00,-4.0,15.5,136,0.0,448
2025-11-24 01:00+00:00,-4.1,15.3,137,0.0,448
2025-11-24 02:00+00:00,-4.1,15.4,137,0.0,448
2025-11-24 03:00+00:00,-4.1,15.3,138,0.0,449
2025-11-24 04:00+00:00,-4.2,15.1,140,0.0,450
2025-11-24 05:00+00:00,-3.5,14.2,147,0.0,451
2025-11-24 06:00+00:00,-3.3,11.7,149,0.0,451
2025-11-24 07:00+00:00,-3.0,9.7,145,0.0,450
2025-11-24 08:00+00:00,-2.1,9.3,155,0.0,450
2025-11-24 09:00+00:00,-1.4,9.5,158,0.0,450
2025-11-24 10:00+00:00,0.1,10.3,192,3.8,449
2025-11-24 11:00+00:00,0.8,10.3,192,6.9,449
2025-11-24 12:00+00:00,0.7,11.4,201,3.6,450
2025-11-24 13:00+00:00,0.9,8.6,181,53.7,451
2025-11-24 14:00+00:00,0.4,7.3,169,14.5,452
2025-11-24 15:00+00:00,0.2,7.7,156,0.0,453
2025-11-24 16:00+00:00,0.2,8.2,158,0.0,453
2025-11-24 17:00+00:00,0.2,9.5,153,0.0,453
2025-11-24 18:00+00:00,0.2,8.4,146,0.0,453
2025-11-24 19:00+00:00,0.3,7.4,141,0.0,453
2025-11-24 20:00+00:00,0.4,7.8,128,0.0,453
2025-11-24 21:00+00:00,0.3,9.3,144,0.0,452
2025-11-24 22:00+00:00,-0.4,5.6,153,0.0,452
2025-11-24 23:00+00:00,-1.1,6.7,128,0.0,451
2025-11-25 00:00+00:00,-1.5,9.6,130,0.0,451
2025-11-25 01:00+00:00,-1.9,6.9,120,0.0,451
2025-11-25 02:00+00:00,-2.5,5.1,122,0.0,452
2025-11-25 03:00+00:00,-2.8,4.5,92,0.0,454
2025-11-25 04:00+00:00,-2.3,6.2,98,0.0,456
2025-11-25 05:00+00:00,-2.3,6.6,99,0.0,457
2025-11-25 06:00+00:00,-2.2,7.2,91,0.0,456
2025-11-25 07:00+00:00,-2.0,6.7,82,0.0,455
2025-11-25 08:00+00:00,-1.0,8.8,67,17.3,454
2025-11-25 09:00+00:00,0.6,10.4,79,146.6,454
2025-11-25 10:00+00:00,1.7,9.3,77,265.5,454
2025-11-25 11:00+00:00,2.2,9.3,63,301.6,454
2025-11-25 12:00+00:00,2.0,11.1,65,66.2,455
2025-11-25 13:00+00:00,1.9,12.7,55,9.1,456
2025-11-25 14:00+00:00,1.5,7.5,40,14.8,457
2025-11-25 15:00+00:00,0.9,9.3,40,0.0,457
2025-11-25 16:00+00:00,0.8,12.0,32,0.0,456
2025-11-25 17:00+00:00,0.6,11.7,43,0.0,455
2025-11-25 18:00+00:00,0.9,12.6,37,0.0,455
2025-11-25 19:00+00:00,0.9,12.7,40,0.0,454
2025-11-25 20:00+00:00,0.9,13.3,38,0.0,454
2025-11-25 21:00+00:00,0.6,12.7,35,0.0,453
2025-11-25 22:00+00:00,0.5,11.8,28,0.0,453
2025-11-25 23:00+00:00,0.4,13.9,23,0.0,452
2025-11-26 00:00+00:00,0.4,13.7,16,0.0,452
2025-11-26 01:00+00:00,0.3,14.1,15,0.0,451
2025-11-26 02:00+00:00,0.1,14.4,13,0.0,451
2025-11-26 03:00+00:00,-0.3,16.1,11,0.0,451
2025-11-26 04:00+00:00,-0.6,16.1,18,0.0,450
2025-11-26 05:00+00:00,-0.6,15.4,14,0.0,450
2025-11-26 06:00+00:00,-0.2,15.9,5,0.0,450
2025-11-26 07:00+00:00,-0.1,15.3,9,0.0,450
2025-11-26 08:00+00:00,0.2,15.6,7,0.0,450
2025-11-26 09:00+00:00,0.4,15.7,5,0.0,450
2025-11-26 10:00+00:00,0.6,15.7,359,0.0,449
2025-11-26 11:00+00:00,0.6,15.2,354,0.0,449
2025-11-26 12:00+00:00,0.8,16.0,348,0.0,448
2025-11-26 13:00+00:00,0.8,17.7,345,0.0,448
2025-11-26 14:00+00:00,0.8,16.9,339,0.0,447
2025-11-26 15:00+00:00,0.7,17.5,339,0.0,447
2025-11-26 16:00+00:00,0.8,18.3,336,0.0,446
2025-11-26 17:00+00:00,0.8,18.7,331,0.0,446
2025-11-26 18:00+00:00,0.8,18.4,323,0.0,446
2025-11-26 19:00+00:00,0.8,18.7,321,0.0,447
2025-11-26 20:00+00:00,0.9,19.6,321,0.0,447
2025-11-26 21:00+00:00,0.9,20.0,318,0.0,447
2025-11-26 22:00+00:00,0.9,19.7,317,0.0,446
2025-11-26 23:00+00:00,1.0,19.0,315,0.0,445
2025-11-27 00:00+00:00,1.4,18.4,309,0.0,444
2025-11-27 01:00+00:00,1.7,18.3,306,0.0,444
2025-11-27 02:00+00:00,1.6,19.0,303,0.0,444
2025-11-27 03:00+00:00,1.4,19.3,299,0.0,445
2025-11-27 04:00+00:00,1.3,19.7,298,0.0,446
2025-11-27 05:00+00:00,1.1,18.8,298,0.0,447
2025-11-27 06:00+00:00,1.3,17.6,297,0.0,448
2025-11-27 07:00+00:00,1.2,16.6,294,0.0,448
2025-11-27 08:00+00:00,1.2,15.2,291,53.7,449
2025-11-27 09:00+00:00,1.4,12.4,286,36.7,450
2025-11-27 10:00+00:00,1.5,10.5,277,67.1,450
2025-11-27 11:00+00:00,1.5,8.7,264,157.7,451
2025-11-27 12:00+00:00,2.0,9.2,254,334.6,452
2025-11-27 13:00+00:00,1.4,9.4,238,510.7,452
2025-11-27 14:00+00:00,1.0,11.1,228,352.3,453
2025-11-27 15:00+00:00,0.4,10.0,214,39.8,454
2025-11-27 16:00+00:00,-0.6,10.7,203,0.0,454
2025-11-27 17:00+00:00,-1.0,12.3,202,0.0,454
2025-11-27 18:00+00:00,-0.6,13.3,207,0.0,453
2025-11-27 19:00+00:00,-1.0,12.9,207,0.0,452
2025-11-27 20:00+00:00,-1.6,12.8,202,0.0,451
2025-11-27 21:00+00:00,-1.8,13.7,203,0.0,451
2025-11-27 22:00+00:00,-1.8,13.8,204,0.0,451
2025-11-27 23:00+00:00,-1.8,13.9,201,0.0,451
2025-11-28 00:00+00:00,-1.9,13.8,200,0.0,451
2025-11-28 01:00+00:00,-2.0,13.2,200,0.0,451
2025-11-28 02:00+00:00,-1.9,14.2,198,0.0,451
2025-11-28 03:00+00:00,-1.7,13.9,199,0.0,452
2025-11-28 04:00+00:00,-1.8,13.3,199,0.0,453
2025-11-28 05:00+00:00,-2.0,13.6,197,0.0,454
2025-11-28 06:00+00:00,-1.9,13.8,195,0.0,454
2025-11-28 07:00+00:00,-2.0,13.3,193,0.0,454
2025-11-28 08:00+00:00,-1.6,13.0,194,236.3,454
2025-11-28 09:00+00:00,-1.0,11.8,192,362.3,454
2025-11-28 10:00+00:00,-0.5,11.2,186,443.7,454
2025-11-28 11:00+00:00,-0.2,12.1,184,561.7,454
2025-11-28 12:00+00:00,0.4,11.2,170,566.0,455
2025-11-28 13:00+00:00,0.3,12.1,182,549.5,456
2025-11-28 14:00+00:00,-0.2,11.0,177,350.4,456
2025-11-28 15:00+00:00,-0.4,11.2,174,40.3,455
2025-11-28 16:00+00:00,0.6,12.5,168,0.0,454
2025-11-28 17:00+00:00,0.6,13.1,167,0.0,453
2025-11-28 18:00+00:00,0.6,12.9,171,0.0,453
2025-11-28 19:00+00:00,0.3,12.5,169,0.0,453
2025-11-28 20:00+00:00,0.1,12.6,169,0.0,454
2025-11-28 21:00+00:00,-0.6,12.5,165,0.0,455
2025-11-28 22:00+00:00,-1.0,12.7,164,0.0,456
2025-11-28 23:00+00:00,-2.2,12.6,163,0.0,456
2025-11-29 00:00+00:00,-2.6,12.6,163,0.0,456
2025-11-29 01:00+00:00,-3.2,11.9,162,0.0,455
2025-11-29 02:00+00:00,-3.3,11.3,170,0.0,455
2025-11-29 03:00+00:00,-3.5,11.8,164,0.0,456
2025-11-29 04:00+00:00,-3.4,10.8,169,0.0,457
2025-11-29 05:00+00:00,-2.7,10.6,171,0.0,458
2025-11-29 06:00+00:00,-2.5,10.7,168,0.0,458
2025-11-29 07:00+00:00,-2.2,9.9,164,0.0,458
2025-11-29 08:00+00:00,-1.8,9.6,154,0.0,458
2025-11-29 09:00+00:00,-1.2,8.4,160,0.0,459
2025-11-29 10:00+00:00,-0.3,7.7,180,4.0,460
2025-11-29 11:00+00:00,0.3,6.7,182,0.0,461
2025-11-29 12:00+00:00,0.2,7.2,162,3.8,462
2025-11-29 13:00+00:00,0.2,7.3,152,0.0,462
2025-11-29 14:00+00:00,0.3,6.5,157,0.0,462
2025-11-29 15:00+00:00,0.2,6.2,147,0.0,462
2025-11-29 16:00+00:00,0.3,8.3,150,0.0,461
2025-11-29 17:00+00:00,0.3,9.1,142,0.0,461
2025-11-29 18:00+00:00,0.4,9.9,135,0.0,462
2025-11-29 19:00+00:00,0.6,7.3,155,0.0,463
2025-11-29 20:00+00:00,0.6,7.1,153,0.0,463
2025-11-29 21:00+00:00,0.6,5.1,144,0.0,461
2025-11-29 22:00+00:00,0.6,7.5,125,0.0,458
2025-11-29 23:00+00:00,0.7,11.4,131,0.0,455
2025-11-30 00:00+00:00,0.8,12.6,138,0.0,454
2025-11-30 01:00+00:00,0.7,11.0,146,0.0,453
2025-11-30 02:00+00:00,0.8,10.1,140,0.0,453
2025-11-30 03:00+00:00,0.8,10.4,143,0.0,454
2025-11-30 04:00+00:00,0.8,11.7,148,0.0,455
2025-11-30 05:00+00:00,0.7,12.2,152,0.0,456
2025-11-30 06:00+00:00,0.6,12.8,154,0.0,456
2025-11-30 07:00+00:00,0.0,12.2,156,0.0,456
2025-11-30 08:00+00:00,0.6,12.3,158,0.0,455
2025-11-30 09:00+00:00,0.9,11.8,152,22.1,454
2025-11-30 10:00+00:00,1.0,13.5,155,20.5,454
2025-11-30 11:00+00:00,1.2,13.0,156,103.6,453
2025-11-30 12:00+00:00,0.3,12.5,152,27.1,452
2025-11-30 13:00+00:00,0.2,10.3,147,4.8,451
2025-11-30 14:00+00:00,0.2,11.2,150,8.0,451
2025-11-30 15:00+00:00,-0.1,11.5,148,0.0,453
2025-11-30 16:00+00:00,-0.3,11.4,152,0.0,455
2025-11-30 17:00+00:00,-0.4,10.2,156,0.0,457
2025-11-30 18:00+00:00,-0.6,10.7,147,0.0,458
2025-11-30 19:00+00:00,-0.6,9.8,157,0.0,458
2025-11-30 20:00+00:00,-0.6,8.8,163,0.0,458
2025-11-30 21:00+00:00,-0.6,7.4,173,0.0,459
2025-11-30 22:00+00:00,-0.5,7.4,177,0.0,460
2025-11-30 23:00+00:00,-0.4,7.3,191,0.0,461
2025-12-01 00:00+00:00,-0.8,7.4,194,0.0,461
2025-12-01 01:00+00:00,-0.7,7.0,203,0.0,460
2025-12-01 02:00+00:00,-0.4,5.8,202,0.0,460
2025-12-01 03:00+00:00,0.1,5.6,213,0.0,462
2025-12-01 04:00+00:00,0.4,5.5,207,0.0,464
2025-12-01 05:00+00:00,0.7,6.6,235,0.0,467
2025-12-01 06:00+00:00,0.8,6.6,248,0.0,470
2025-12-01 07:00+00:00,1.0,7.0,247,0.0,472
2025-12-01 08:00+00:00,1.4,7.1,249,9.5,474
2025-12-01 09:00+00:00,1.8,6.2,260,16.8,474
2025-12-01 10:00+00:00,2.0,6.2,262,8.3,474
2025-12-01 11:00+00:00,2.0,5.3,252,0.0,474
2025-12-01 12:00+00:00,3.2,3.9,254,469.3,475
2025-12-01 13:00+00:00,2.5,1.8,217,577.1,476
2025-12-01 14:00+00:00,0.3,6.0,201,429.3,477
2025-12-01 15:00+00:00,-0.9,6.7,186,55.8,477
2025-12-01 16:00+00:00,0.7,6.5,186,0.0,476
2025-12-01 17:00+00:00,1.4,7.7,169,0.0,475
2025-12-01 18:00+00:00,0.7,7.6,168,0.0,475
2025-12-01 19:00+00:00,1.4,7.6,158,0.0,476
2025-12-01 20:00+00:00,1.2,7.6,153,0.0,475
2025-12-01 21:00+00:00,1.5,8.8,161,0.0,472
2025-12-01 22:00+00:00,1.5,8.7,158,0.0,468
2025-12-01 23:00+00:00,1.2,8.1,152,0.0,464
2025-12-02 00:00+00:00,0.1,7.2,148,0.0,462
2025-12-02 01:00+00:00,0.7,9.3,151,0.0,460
2025-12-02 02:00+00:00,0.9,10.6,157,0.0,459
2025-12-02 03:00+00:00,0.7,10.0,157,0.0,459
2025-12-02 04:00+00:00,0.8,8.9,146,0.0,460
2025-12-02 05:00+00:00,0.9,9.5,141,0.0,461
2025-12-02 06:00+00:00,1.0,11.3,132,0.0,461
2025-12-02 07:00+00:00,1.1,12.2,134,0.0,461
2025-12-02 08:00+00:00,1.4,12.8,140,0.0,460
2025-12-02 09:00+00:00,2.0,13.9,143,17.1,459
2025-12-02 10:00+00:00,2.4,13.2,145,16.8,458
2025-12-02 11:00+00:00,2.8,12.0,147,11.3,457
2025-12-02 12:00+00:00,2.3,10.5,145,31.6,457
2025-12-02 13:00+00:00,2.5,11.7,142,63.7,457
2025-12-02 14:00+00:00,2.0,11.5,139,8.2,457
2025-12-02 15:00+00:00,1.5,12.3,140,0.0,456
2025-12-02 16:00+00:00,1.4,12.5,140,0.0,454
2025-12-02 17:00+00:00,1.0,12.1,138,0.0,453
2025-12-02 18:00+00:00,1.0,11.5,131,0.0,453
2025-12-02 19:00+00:00,1.1,11.0,132,0.0,453
2025-12-02 20:00+00:00,1.2,10.6,136,0.0,454
2025-12-02 21:00+00:00,1.2,10.2,134,0.0,455
2025-12-02 22:00+00:00,1.0,9.4,135,0.0,457
2025-12-02 23:00+00:00,1.0,10.3,139,0.0,458
2025-12-03 00:00+00:00,1.2,8.5,142,0.0,459
2025-12-03 01:00+00:00,1.2,9.0,145,0.0,460
2025-12-03 02:00+00:00,1.2,9.4,148,0.0,461
2025-12-03 03:00+00:00,1.2,9.6,146,0.0,463
2025-12-03 04:00+00:00,0.9,7.8,143,0.0,465
2025-12-03 05:00+00:00,0.9,7.4,141,0.0,465
2025-12-03 06:00+00:00,1.0,7.9,135,0.0,463
2025-12-03 07:00+00:00,0.9,8.9,142,0.0,460
2025-12-03 08:00+00:00,1.1,10.0,147,19.6,457
2025-12-03 09:00+00:00,1.4,10.3,151,191.4,455
2025-12-03 10:00+00:00,1.9,11.2,154,496.4,453
2025-12-03 11:00+00:00,2.5,12.5,160,430.4,453
2025-12-03 12:00+00:00,3.2,11.6,156,187.1,454
2025-12-03 13:00+00:00,3.1,8.1,151,29.7,457
2025-12-03 14:00+00:00,2.9,7.6,153,16.5,459
2025-12-03 15:00+00:00,2.2,6.3,145,0.0,460
2025-12-03 16:00+00:00,2.1,7.8,143,0.0,460
2025-12-03 17:00+00:00,2.2,7.6,137,0.0,460
2025-12-03 18:00+00:00,2.0,8.2,119,0.0,459
2025-12-03 19:00+00:00,1.6,8.5,125,0.0,457
2025-12-03 20:00+00:00,0.6,9.6,127,0.0,456
2025-12-03 21:00+00:00,0.3,10.5,131,0.0,456
2025-12-03 22:00+00:00,0.4,10.5,142,0.0,457
2025-12-03 23:00+00:00,-0.3,9.1,146,0.0,458
2025-12-04 00:00+00:00,1.0,7.8,134,0.0,458
2025-12-04 01:00+00:00,1.0,8.0,138,0.0,458
2025-12-04 02:00+00:00,0.9,8.0,144,0.0,459
2025-12-04 03:00+00:00,0.3,6.8,145,0.0,461
2025-12-04 04:00+00:00,-0.7,6.4,137,0.0,463
2025-12-04 05:00+00:00,-0.9,7.1,126,0.0,465
2025-12-04 06:00+00:00,0.1,8.3,124,0.0,465
2025-12-04 07:00+00:00,0.8,9.5,127,0.0,463
2025-12-04 08:00+00:00,1.5,10.6,129,10.0,462
2025-12-04 09:00+00:00,2.2,9.1,131,70.7,461
2025-12-04 10:00+00:00,3.0,9.7,138,68.6,459
2025-12-04 11:00+00:00,3.3,9.7,138,92.2,459
2025-12-04 12:00+00:00,3.8,9.0,128,28.1,461
2025-12-04 13:00+00:00,3.5,8.2,98,0.0,464
2025-12-04 14:00+00:00,3.0,9.5,105,0.0,466
2025-12-04 15:00+00:00,2.6,9.5,112,0.0,464
2025-12-04 16:00+00:00,2.7,9.8,113,0.0,461
2025-12-04 17:00+00:00,2.9,10.5,117,0.0,458
2025-12-04 18:00+00:00,3.2,11.5,112,0.0,456
2025-12-04 19:00+00:00,3.3,13.0,114,0.0,455
2025-12-04 20:00+00:00,2.8,13.7,117,0.0,455
2025-12-04 21:00+00:00,2.0,13.3,117,0.0,455
2025-12-04 22:00+00:00,1.0,13.3,118,0.0,456
2025-12-04 23:00+00:00,0.8,13.5,115,0.0,457
2025-12-05 00:00+00:00,1.5,12.6,114,0.0,458
2025-12-05 01:00+00:00,1.6,12.8,112,0.0,459
2025-12-05 02:00+00:00,1.8,12.6,107,0.0,460
2025-12-05 03:00+00:00,2.0,11.9,112,0.0,461
2025-12-05 04:00+00:00,2.2,11.5,107,0.0,463
2025-12-05 05:00+00:00,2.5,10.7,97,0.0,464
2025-12-05 06:00+00:00,2.7,11.8,96,0.0,464
2025-12-05 07:00+00:00,2.8,10.9,97,0.0,464
2025-12-05 08:00+00:00,3.1,11.0,79,0.0,463
2025-12-05 09:00+00:00,3.5,13.0,94,0.0,463
2025-12-05 10:00+00:00,3.7,12.5,97,0.0,462
2025-12-05 11:00+00:00,4.1,12.1,107,0.0,462
2025-12-05 12:00+00:00,4.6,10.3,109,0.0,461
2025-12-05 13:00+00:00,5.1,11.4,114,40.2,461
2025-12-05 14:00+00:00,4.9,10.6,124,0.0,461
2025-12-05 15:00+00:00,4.8,10.0,120,0.0,462
2025-12-05 16:00+00:00,4.8,9.4,137,0.0,464
2025-12-05 17:00+00:00,4.8,10.0,150,0.0,466
2025-12-05 18:00+00:00,5.2,7.7,171,0.0,468
2025-12-05 19:00+00:00,5.1,6.9,174,0.0,469
2025-12-05 20:00+00:00,4.9,6.9,195,0.0,470
2025-12-05 21:00+00:00,4.7,6.8,207,0.0,471
2025-12-05 22:00+00:00,4.3,6.8,217,0.0,471
2025-12-05 23:00+00:00,4.2,8.8,235,0.0,471
2025-12-06 00:00+00:00,4.3,8.7,236,0.0,470
2025-12-06 01:00+00:00,4.2,9.3,233,0.0,467
2025-12-06 02:00+00:00,3.7,9.4,227,0.0,466
2025-12-06 03:00+00:00,3.2,9.6,229,0.0,466
2025-12-06 04:00+00:00,2.6,8.5,234,0.0,466
2025-12-06 05:00+00:00,2.2,8.0,232,0.0,467
2025-12-06 06:00+00:00,2.0,7.5,226,0.0,468
2025-12-06 07:00+00:00,1.8,7.4,221,0.0,468
2025-12-06 08:00+00:00,1.9,7.5,224,20.5,468
2025-12-06 09:00+00:00,2.8,5.4,194,97.3,466
2025-12-06 10:00+00:00,3.7,4.8,165,92.0,464
2025-12-06 11:00+00:00,4.2,4.5,140,11.7,463
2025-12-06 12:00+00:00,4.1,7.2,118,89.7,464
2025-12-06 13:00+00:00,4.3,7.7,111,30.4,466
2025-12-06 14:00+00:00,4.3,8.6,119,0.0,468
2025-12-06 15:00+00:00,4.0,9.1,122,0.0,469
2025-12-06 16:00+00:00,4.2,8.7,128,0.0,469
2025-12-06 17:00+00:00,4.2,8.8,133,0.0,469
2025-12-06 18:00+00:00,4.7,9.1,144,0.0,470
2025-12-06 19:00+00:00,5.1,9.8,163,0.0,471
2025-12-06 20:00+00:00,4.9,9.7,169,0.0,472
2025-12-06 21:00+00:00,4.4,9.2,186,0.0,473
2025-12-06 22:00+00:00,3.3,7.5,191,0.0,473
2025-12-06 23:00+00:00,1.9,8.0,203,0.0,473
2025-12-07 00:00+00:00,2.4,9.5,190,0.0,470
2025-12-07 01:00+00:00,1.2,8.1,181,0.0,467
2025-12-07 02:00+00:00,0.9,9.7,178,0.0,464
2025-12-07 03:00+00:00,1.2,9.8,175,0.0,463
2025-12-07 04:00+00:00,1.2,11.0,175,0.0,464
2025-12-07 05:00+00:00,1.6,11.2,174,0.0,464
2025-12-07 06:00+00:00,1.7,10.6,176,0.0,463
2025-12-07 07:00+00:00,1.6,10.4,178,0.0,462
2025-12-07 08:00+00:00,2.2,11.0,178,187.0,460
2025-12-07 09:00+00:00,3.6,10.1,169,469.2,458
2025-12-07 10:00+00:00,4.7,8.8,157,566.3,456
2025-12-07 11:00+00:00,5.9,8.8,168,571.2,454
2025-12-07 12:00+00:00,6.8,9.0,178,353.0,454
2025-12-07 13:00+00:00,6.8,9.0,170,301.1,454
2025-12-07 14:00+00:00,5.8,8.6,168,278.5,455
2025-12-07 15:00+00:00,4.8,9.6,171,44.2,456
2025-12-07 16:00+00:00,4.3,9.4,175,0.0,456
2025-12-07 17:00+00:00,4.1,9.2,178,0.0,457
2025-12-07 18:00+00:00,5.1,9.7,181,0.0,458
2025-12-07 19:00+00:00,4.7,9.2,182,0.0,459
2025-12-07 20:00+00:00,4.4,9.2,184,0.0,459
2025-12-07 21:00+00:00,4.1,9.2,181,0.0,459
2025-12-07 22:00+00:00,3.6,10.6,169,0.0,458
2025-12-07 23:00+00:00,3.4,10.4,178,0.0,457
2025-12-08 00:00+00:00,5.0,10.1,168,0.0,457
2025-12-08 01:00+00:00,4.8,10.7,163,0.0,457
2025-12-08 02:00+00:00,4.0,11.6,154,0.0,457
2025-12-08 03:00+00:00,4.1,14.4,152,0.0,457
2025-12-08 04:00+00:00,4.0,14.7,156,0.0,456
2025-12-08 05:00+00:00,4.2,15.7,161,0.0,455
2025-12-08 06:00+00:00,4.7,15.5,165,0.0,454
2025-12-08 07:00+00:00,5.1,15.7,175,0.0,452
2025-12-08 08:00+00:00,5.7,15.3,181,0.0,451
2025-12-08 09:00+00:00,6.6,14.7,198,0.0,451
2025-12-08 10:00+00:00,7.4,13.9,217,4.5,452
2025-12-08 11:00+00:00,8.9,14.9,240,0.0,453
2025-12-08 12:00+00:00,10.2,13.6,252,115.7,453
2025-12-08 13:00+00:00,10.6,12.9,242,30.8,453
2025-12-08 14:00+00:00,10.4,11.2,229,0.0,453
2025-12-08 15:00+00:00,8.6,10.2,214,29.6,454
2025-12-08 16:00+00:00,7.9,11.0,205,0.0,454
2025-12-08 17:00+00:00,7.7,12.1,195,0.0,455
2025-12-08 18:00+00:00,8.4,13.3,201,0.0,455
2025-12-08 19:00+00:00,8.6,13.2,197,0.0,455
2025-12-08 20:00+00:00,8.7,12.6,204,0.0,455
2025-12-08 21:00+00:00,8.6,11.7,201,0.0,454
2025-12-08 22:00+00:00,8.7,12.0,208,0.0,452
2025-12-08 23:00+00:00,9.2,13.6,226,0.0,451
2025-12-09 00:00+00:00,10.1,15.3,234,0.0,451
2025-12-09 01:00+00:00,10.4,14.5,239,0.0,452
2025-12-09 02:00+00:00,10.4,14.3,246,0.0,453
2025-12-09 03:00+00:00,10.3,11.3,250,0.0,454
2025-12-09 04:00+00:00,9.9,9.6,236,0.0,456
2025-12-09 05:00+00:00,9.8,10.3,227,0.0,457
2025-12-09 06:00+00:00,9.7,10.6,223,0.0,457
2025-12-09 07:00+00:00,9.9,11.8,237,0.0,457
2025-12-09 08:00+00:00,10.1,11.6,242,10.7,456
2025-12-09 09:00+00:00,10.6,12.2,242,108.0,455
2025-12-09 10:00+00:00,11.1,11.9,248,139.7,454
2025-12-09 11:00+00:00,11.5,12.8,250,36.0,454
2025-12-09 12:00+00:00,11.6,12.4,248,8.3,455
2025-12-09 13:00+00:00,11.8,11.5,247,5.2,456
2025-12-09 14:00+00:00,11.1,9.9,245,0.0,458
2025-12-09 15:00+00:00,10.6,8.9,246,0.0,460
2025-12-09 16:00+00:00,10.4,7.8,236,0.0,463
2025-12-09 17:00+00:00,10.1,7.3,230,0.0,465
2025-12-09 18:00+00:00,10.4,7.3,228,0.0,465
2025-12-09 19:00+00:00,10.1,6.8,215,0.0,464
2025-12-09 20:00+00:00,10.1,9.4,211,0.0,463
2025-12-09 21:00+00:00,10.0,8.8,208,0.0,462
2025-12-09 22:00+00:00,9.4,8.0,205,0.0,460
2025-12-09 23:00+00:00,8.8,8.7,204,0.0,459
2025-12-10 00:00+00:00,8.6,9.6,197,0.0,459
2025-12-10 01:00+00:00,8.4,10.0,201,0.0,460
2025-12-10 02:00+00:00,9.1,12.5,208,0.0,461
2025-12-10 03:00+00:00,9.1,12.1,207,0.0,462
2025-12-10 04:00+00:00,9.1,10.9,211,0.0,463
2025-12-10 05:00+00:00,8.4,9.6,208,0.0,463
2025-12-10 06:00+00:00,9.2,12.4,219,0.0,462
2025-12-10 07:00+00:00,8.9,13.0,229,0.0,460
2025-12-10 08:00+00:00,8.9,14.5,236,172.6,458
2025-12-10 09:00+00:00,9.6,13.8,243,469.8,456
2025-12-10 10:00+00:00,10.4,11.4,239,554.4,454
2025-12-10 11:00+00:00,11.0,11.4,245,595.2,453
2025-12-10 12:00+00:00,11.4,12.7,259,564.2,453
2025-12-10 13:00+00:00,11.4,12.0,263,88.3,454
2025-12-10 14:00+00:00,11.0,11.9,260,0.0,455
2025-12-10 15:00+00:00,10.6,11.5,261,0.0,456
2025-12-10 16:00+00:00,10.3,10.7,258,0.0,458
2025-12-10 17:00+00:00,10.2,11.1,250,0.0,459
2025-12-10 18:00+00:00,10.4,10.8,249,0.0,459
2025-12-10 19:00+00:00,10.3,12.0,248,0.0,459
2025-12-10 20:00+00:00,10.2,12.7,254,0.0,459
2025-12-10 21:00+00:00,10.0,12.1,255,0.0,458
2025-12-10 22:00+00:00,9.9,12.2,253,0.0,456
2025-12-10 23:00+00:00,9.7,12.6,253,0.0,455
2025-12-11 00:00+00:00,9.5,12.0,240,0.0,454
2025-12-11 01:00+00:00,9.6,14.8,243,0.0,454
2025-12-11 02:00+00:00,9.4,14.9,250,0.0,454
2025-12-11 03:00+00:00,9.1,13.9,247,0.0,455
2025-12-11 04:00+00:00,8.9,15.1,255,0.0,456
2025-12-11 05:00+00:00,8.7,15.1,258,0.0,457
2025-12-11 06:00+00:00,9.0,16.2,269,0.0,457
2025-12-11 07:00+00:00,8.6,15.5,267,0.0,457
2025-12-11 08:00+00:00,8.4,15.4,263,163.7,456
2025-12-11 09:00+00:00,9.0,15.3,258,417.1,454
2025-12-11 10:00+00:00,9.6,17.2,260,513.0,452
2025-12-11 11:00+00:00,9.9,18.4,260,465.2,450
2025-12-11 12:00+00:00,10.1,17.0,264,487.2,450
2025-12-11 13:00+00:00,9.9,16.7,263,380.9,450
2025-12-11 14:00+00:00,9.4,16.1,260,0.0,451
2025-12-11 15:00+00:00,9.1,15.5,261,0.0,451
2025-12-11 16:00+00:00,8.4,17.4,263,0.0,452
2025-12-11 17:00+00:00,8.3,15.5,258,0.0,452
2025-12-11 18:00+00:00,8.3,14.7,247,0.0,452
2025-12-11 19:00+00:00,8.4,16.8,265,0.0,452
2025-12-11 20:00+00:00,8.4,16.6,272,0.0,452
2025-12-11 21:00+00:00,8.1,16.8,276,0.0,454
2025-12-11 22:00+00:00,7.6,17.9,275,0.0,456
2025-12-11 23:00+00:00,6.4,15.8,277,0.0,458
2025-12-12 00:00+00:00,5.8,13.2,282,0.0,459
2025-12-12 01:00+00:00,5.2,12.4,279,0.0,459
2025-12-12 02:00+00:00,4.8,10.5,278,0.0,459
2025-12-12 03:00+00:00,4.2,10.5,276,0.0,460
2025-12-12 04:00+00:00,3.8,10.9,277,0.0,462
2025-12-12 05:00+00:00,3.4,10.3,277,0.0,463
2025-12-12 06:00+00:00,4.4,10.2,279,0.0,464
2025-12-12 07:00+00:00,4.7,9.4,283,0.0,465
2025-12-12 08:00+00:00,4.8,8.7,276,22.1,465
2025-12-12 09:00+00:00,4.9,9.0,282,6.6,463
2025-12-12 10:00+00:00,5.2,11.0,280,27.7,461
2025-12-12 11:00+00:00,5.6,12.1,277,4.1,460
2025-12-12 12:00+00:00,5.8,8.9,277,4.2,461
2025-12-12 13:00+00:00,5.9,8.7,292,21.0,463
2025-12-12 14:00+00:00,5.8,7.8,304,0.0,465
2025-12-12 15:00+00:00,5.3,5.0,319,0.0,464
2025-12-12 16:00+00:00,5.1,5.2,335,0.0,463
2025-12-12 17:00+00:00,4.7,3.4,344,0.0,464
2025-12-12 18:00+00:00,3.9,0.5,90,0.0,469
2025-12-12 19:00+00:00,3.7,1.8,186,0.0,476
2025-12-12 20:00+00:00,3.5,4.9,184,0.0,480
2025-12-12 21:00+00:00,3.2,5.2,186,0.0,477
2025-12-12 22:00+00:00,3.0,5.4,180,0.0,470
2025-12-12 23:00+00:00,2.4,5.5,169,0.0,464
2025-12-13 00:00+00:00,1.1,6.0,190,0.0,462
2025-12-13 01:00+00:00,1.0,5.0,180,0.0,461
2025-12-13 02:00+00:00,0.8,4.4,173,0.0,461
2025-12-13 03:00+00:00,1.3,4.1,178,0.0,461
2025-12-13 04:00+00:00,2.1,5.8,160,0.0,462
2025-12-13 05:00+00:00,2.4,7.4,176,0.0,463
2025-12-13 06:00+00:00,2.5,8.5,181,0.0,465
2025-12-13 07:00+00:00,2.5,9.7,195,0.0,468
2025-12-13 08:00+00:00,2.5,8.8,203,11.1,469
2025-12-13 09:00+00:00,2.8,8.3,219,0.0,468
2025-12-13 10:00+00:00,3.3,9.2,230,4.6,467
2025-12-13 11:00+00:00,4.1,10.1,226,0.0,465
2025-12-13 12:00+00:00,4.4,10.9,216,0.0,464
2025-12-13 13:00+00:00,4.3,11.6,223,0.0,463
2025-12-13 14:00+00:00,4.2,13.0,218,0.0,462
2025-12-13 15:00+00:00,4.4,11.5,231,0.0,462
2025-12-13 16:00+00:00,4.7,12.3,236,0.0,461
2025-12-13 17:00+00:00,4.9,14.0,234,0.0,461
2025-12-13 18:00+00:00,5.6,14.7,242,0.0,461
2025-12-13 19:00+00:00,6.1,15.5,245,0.0,460
2025-12-13 20:00+00:00,6.4,16.2,251,0.0,460
2025-12-13 21:00+00:00,6.5,16.4,258,0.0,460
2025-12-13 22:00+00:00,6.7,15.8,271,0.0,460
2025-12-13 23:00+00:00,6.8,14.7,288,0.0,460
2025-12-14 00:00+00:00,6.2,12.5,282,0.0,460
2025-12-14 01:00+00:00,5.8,12.8,274,0.0,459
2025-12-14 02:00+00:00,5.3,12.5,274,0.0,458
2025-12-14 03:00+00:00,4.9,11.2,275,0.0,457
2025-12-14 04:00+00:00,4.6,11.6,276,0.0,456
2025-12-14 05:00+00:00,4.1,10.3,263,0.0,455
2025-12-14 06:00+00:00,3.8,12.9,263,0.0,455
2025-12-14 07:00+00:00,3.7,12.6,274,0.0,454
2025-12-14 08:00+00:00,4.1,9.6,254,0.0,454
2025-12-14 09:00+00:00,4.7,15.1,248,6.7,453
2025-12-14 10:00+00:00,4.8,16.3,248,0.0,452
2025-12-14 11:00+00:00,5.1,15.5,242,24.6,452
2025-12-14 12:00+00:00,5.5,15.2,244,17.0,453
2025-12-14 13:00+00:00,5.8,15.8,241,36.9,455
2025-12-14 14:00+00:00,5.8,11.9,231,60.4,456
2025-12-14 15:00+00:00,5.2,12.1,229,15.1,457
2025-12-14 16:00+00:00,4.8,11.6,233,0.0,458
2025-12-14 17:00+00:00,4.8,11.6,231,0.0,459
2025-12-14 18:00+00:00,4.2,12.1,224,0.0,460
2025-12-14 19:00+00:00,4.4,12.7,225,0.0,460
2025-12-14 20:00+00:00,3.9,12.2,227,0.0,460
2025-12-14 21:00+00:00,3.7,11.3,227,0.0,460
2025-12-14 22:00+00:00,4.0,11.4,232,0.0,459
2025-12-14 23:00+00:00,3.5,11.3,233,0.0,459
2025-12-15 00:00+00:00,3.5,11.9,218,0.0,459
2025-12-15 01:00+00:00,3.7,11.3,222,0.0,459
2025-12-15 02:00+00:00,4.0,11.4,231,0.0,459
2025-12-15 03:00+00:00,3.5,11.8,223,0.0,459
2025-12-15 04:00+00:00,1.9,10.7,220,0.0,460
2025-12-15 05:00+00:00,1.3,10.3,213,0.0,460
2025-12-15 06:00+00:00,1.7,10.8,206,0.0,459
2025-12-15 07:00+00:00,1.7,10.7,207,0.0,457
2025-12-15 08:00+00:00,2.2,11.1,205,22.7,455
2025-12-15 09:00+00:00,2.8,11.1,205,340.2,454
2025-12-15 10:00+00:00,3.8,12.0,212,488.8,453
2025-12-15 11:00+00:00,4.6,10.2,203,576.8,453
2025-12-15 12:00+00:00,4.8,8.4,203,634.6,454
2025-12-15 13:00+00:00,4.7,7.9,177,538.1,455
2025-12-15 14:00+00:00,3.5,7.7,164,380.0,456
2025-12-15 15:00+00:00,2.3,9.3,158,45.2,457
2025-12-15 16:00+00:00,1.9,10.0,166,0.0,458
2025-12-15 17:00+00:00,1.6,10.0,172,0.0,459
2025-12-15 18:00+00:00,1.7,10.6,180,0.0,459
2025-12-15 19:00+00:00,1.4,9.7,177,0.0,460
2025-12-15 20:00+00:00,1.2,10.1,178,0.0,460
2025-12-15 21:00+00:00,0.9,10.3,185,0.0,461
2025-12-15 22:00+00:00,0.4,9.8,194,0.0,461
2025-12-15 23:00+00:00,-0.1,8.3,184,0.0,462
2025-12-16 00:00+00:00,-0.2,9.7,181,0.0,462
2025-12-16 01:00+00:00,-0.8,8.6,179,0.0,462
2025-12-16 02:00+00:00,-0.9,8.6,180,0.0,462
2025-12-16 03:00+00:00,-1.1,9.1,172,0.0,463
2025-12-16 04:00+00:00,-1.1,9.4,169,0.0,464
2025-12-16 05:00+00:00,-1.5,8.8,169,0.0,465
2025-12-16 06:00+00:00,-1.4,10.4,163,0.0,465
2025-12-16 07:00+00:00,-1.5,9.2,159,0.0,465
2025-12-16 08:00+00:00,-0.9,10.4,162,0.0,464
2025-12-16 09:00+00:00,-0.2,9.1,166,20.6,463
2025-12-16 10:00+00:00,0.8,8.1,163,42.5,461
2025-12-16 11:00+00:00,1.5,6.9,149,33.1,460
2025-12-16 12:00+00:00,1.1,7.6,137,81.1,460
2025-12-16 13:00+00:00,1.1,8.2,142,169.0,461
2025-12-16 14:00+00:00,0.3,5.0,136,233.2,462
2025-12-16 15:00+00:00,-0.3,8.2,142,15.0,462
2025-12-16 16:00+00:00,-0.6,9.4,137,0.0,463
2025-12-16 17:00+00:00,-0.9,8.9,153,0.0,463
2025-12-16 18:00+00:00,-0.8,5.9,117,0.0,464
2025-12-16 19:00+00:00,-0.7,5.9,90,0.0,465
2025-12-16 20:00+00:00,-0.6,6.4,108,0.0,466
2025-12-16 21:00+00:00,-0.6,6.3,87,0.0,466
2025-12-16 22:00+00:00,-0.9,5.3,72,0.0,465
2025-12-16 23:00+00:00,-1.1,3.8,87,0.0,464
2025-12-17 00:00+00:00,-1.6,4.9,114,0.0,464
2025-12-17 01:00+00:00,-2.3,5.1,122,0.0,463
2025-12-17 02:00+00:00,-2.5,3.7,129,0.0,464
2025-12-17 03:00+00:00,-2.7,2.9,90,0.0,467
2025-12-17 04:00+00:00,-2.5,1.9,107,0.0,471
2025-12-17 05:00+00:00,-2.7,2.3,129,0.0,473
2025-12-17 06:00+00:00,-1.3,1.8,135,0.0,473
2025-12-17 07:00+00:00,-1.5,2.6,205,0.0,472
2025-12-17 08:00+00:00,-0.8,5.1,228,0.0,470
2025-12-17 09:00+00:00,-0.2,5.5,234,0.0,467
2025-12-17 10:00+00:00,0.6,8.6,240,242.1,463
2025-12-17 11:00+00:00,1.5,7.3,220,472.6,460
2025-12-17 12:00+00:00,1.2,10.8,232,534.3,460
2025-12-17 13:00+00:00,1.3,10.4,224,184.9,462
2025-12-17 14:00+00:00,0.2,7.2,217,258.9,463
2025-12-17 15:00+00:00,-0.9,7.1,216,45.0,463
2025-12-17 16:00+00:00,-0.9,7.5,222,0.0,463
2025-12-17 17:00+00:00,-0.9,7.8,236,0.0,463
2025-12-17 18:00+00:00,-0.8,8.6,241,0.0,464
2025-12-17 19:00+00:00,-0.9,8.2,244,0.0,466
2025-12-17 20:00+00:00,-1.2,8.3,248,0.0,467
2025-12-17 21:00+00:00,-1.5,7.7,249,0.0,468
2025-12-17 22:00+00:00,-1.5,7.9,246,0.0,468
2025-12-17 23:00+00:00,-1.2,8.7,243,0.0,468
2025-12-18 00:00+00:00,-0.6,10.2,238,0.0,468
2025-12-18 01:00+00:00,0.0,9.8,240,0.0,467
2025-12-18 02:00+00:00,1.2,9.9,243,0.0,467
2025-12-18 03:00+00:00,2.0,10.1,245,0.0,467
2025-12-18 04:00+00:00,2.2,8.7,238,0.0,468
2025-12-18 05:00+00:00,2.3,8.7,225,0.0,469
2025-12-18 06:00+00:00,2.2,10.1,209,0.0,470
2025-12-18 07:00+00:00,2.0,9.3,212,0.0,471
2025-12-18 08:00+00:00,1.9,8.8,199,0.0,470
2025-12-18 09:00+00:00,2.2,11.3,188,335.1,467
2025-12-18 10:00+00:00,3.0,10.1,176,562.4,463
2025-12-18 11:00+00:00,3.6,9.4,169,635.7,460
2025-12-18 12:00+00:00,4.4,10.3,176,590.5,459
2025-12-18 13:00+00:00,4.8,11.7,182,554.4,460
2025-12-18 14:00+00:00,4.1,11.6,176,362.1,461
2025-12-18 15:00+00:00,3.2,12.2,181,44.8,463
2025-12-18 16:00+00:00,2.7,11.7,178,0.0,465
2025-12-18 17:00+00:00,2.3,12.3,177,0.0,467
2025-12-18 18:00+00:00,2.5,11.9,178,0.0,467
2025-12-18 19:00+00:00,2.2,10.8,177,0.0,465
2025-12-18 20:00+00:00,2.0,11.9,176,0.0,464
2025-12-18 21:00+00:00,1.8,11.4,174,0.0,463
2025-12-18 22:00+00:00,1.5,10.5,172,0.0,461
2025-12-18 23:00+00:00,1.3,10.3,169,0.0,460
2025-12-19 00:00+00:00,0.9,10.4,169,0.0,459
2025-12-19 01:00+00:00,0.6,9.7,170,0.0,459
2025-12-19 02:00+00:00,0.6,10.3,167,0.0,458
2025-12-19 03:00+00:00,0.8,11.1,173,0.0,458
2025-12-19 04:00+00:00,0.9,11.9,169,0.0,457
2025-12-19 05:00+00:00,0.8,11.6,174,0.0,457
2025-12-19 06:00+00:00,0.7,13.2,175,0.0,457
2025-12-19 07:00+00:00,0.3,12.3,176,0.0,456
2025-12-19 08:00+00:00,0.9,13.4,173,163.9,456
2025-12-19 09:00+00:00,2.2,13.9,179,478.1,455
2025-12-19 10:00+00:00,3.4,12.2,178,597.8,454
2025-12-19 11:00+00:00,4.4,11.4,187,645.2,453
2025-12-19 12:00+00:00,5.3,11.7,178,637.8,454
2025-12-19 13:00+00:00,5.7,12.0,199,564.4,456
2025-12-19 14:00+00:00,4.8,10.6,195,395.9,457
2025-12-19 15:00+00:00,3.8,11.3,193,59.5,458
2025-12-19 16:00+00:00,3.5,11.6,187,0.0,459
2025-12-19 17:00+00:00,3.8,11.0,194,0.0,459
2025-12-19 18:00+00:00,4.3,11.7,198,0.0,459
2025-12-19 19:00+00:00,3.7,11.1,205,0.0,459
2025-12-19 20:00+00:00,3.7,11.2,213,0.0,459
2025-12-19 21:00+00:00,3.5,10.4,219,0.0,460
2025-12-19 22:00+00:00,3.0,9.9,218,0.0,460
2025-12-19 23:00+00:00,2.8,10.5,219,0.0,461
2025-12-20 00:00+00:00,3.4,10.1,220,0.0,461
2025-12-20 01:00+00:00,3.8,10.0,221,0.0,460
2025-12-20 02:00+00:00,4.2,9.7,228,0.0,460
2025-12-20 03:00+00:00,4.2,9.7,235,0.0,461
2025-12-20 04:00+00:00,4.2,7.8,236,0.0,463
2025-12-20 05:00+00:00,4.3,9.6,236,0.0,465
2025-12-20 06:00+00:00,4.3,8.2,247,0.0,468
2025-12-20 07:00+00:00,4.3,5.5,261,0.0,472
2025-12-20 08:00+00:00,4.6,5.1,264,0.0,475
2025-12-20 09:00+00:00,5.2,5.6,241,0.0,475
2025-12-20 10:00+00:00,5.6,5.8,214,0.0,473
2025-12-20 11:00+00:00,5.3,6.4,205,0.0,473
2025-12-20 12:00+00:00,5.2,3.9,257,17.1,476
2025-12-20 13:00+00:00,5.6,3.8,229,5.3,481
2025-12-20 14:00+00:00,5.5,2.3,241,0.0,488
2025-12-20 15:00+00:00,5.2,0.6,34,0.0,500
2025-12-20 16:00+00:00,4.9,2.1,70,0.0,515
2025-12-20 17:00+00:00,5.1,2.7,67,0.0,526
2025-12-20 18:00+00:00,5.4,5.1,63,0.0,532
2025-12-20 19:00+00:00,5.4,4.3,62,0.0,534
2025-12-20 20:00+00:00,5.3,5.4,70,0.0,532
2025-12-20 21:00+00:00,5.2,5.7,66,0.0,524
2025-12-20 22:00+00:00,4.9,4.8,63,0.0,510
2025-12-20 23:00+00:00,4.8,5.8,54,0.0,497
2025-12-21 00:00+00:00,4.2,8.1,66,0.0,483
2025-12-21 01:00+00:00,3.8,8.7,69,0.0,468
2025-12-21 02:00+00:00,3.5,9.5,75,0.0,458
2025-12-21 03:00+00:00,3.2,8.7,73,0.0,457
2025-12-21 04:00+00:00,3.0,8.4,65,0.0,460
2025-12-21 05:00+00:00,3.0,9.3,61,0.0,463
2025-12-21 06:00+00:00,2.9,10.7,65,0.0,462
2025-12-21 07:00+00:00,2.8,10.5,71,0.0,461
2025-12-21 08:00+00:00,2.7,10.1,78,0.0,459
2025-12-21 09:00+00:00,2.7,10.2,83,0.0,457
2025-12-21 10:00+00:00,2.9,9.8,85,19.2,456
2025-12-21 11:00+00:00,2.9,9.4,87,8.3,455
2025-12-21 12:00+00:00,2.8,10.5,74,12.8,455
2025-12-21 13:00+00:00,2.7,10.3,77,15.8,456
2025-12-21 14:00+00:00,2.5,10.1,84,34.2,456
2025-12-21 15:00+00:00,1.8,9.4,85,0.0,456
2025-12-21 16:00+00:00,1.4,11.9,85,0.0,455
2025-12-21 17:00+00:00,0.9,11.8,83,0.0,455
2025-12-21 18:00+00:00,1.0,11.0,87,0.0,455
2025-12-21 19:00+00:00,0.9,11.3,90,0.0,456
2025-12-21 20:00+00:00,0.8,11.7,91,0.0,456
2025-12-21 21:00+00:00,0.5,10.1,88,0.0,456
2025-12-21 22:00+00:00,0.4,10.8,87,0.0,456
2025-12-21 23:00+00:00,0.6,11.5,82,0.0,456
2025-12-22 00:00+00:00,0.9,11.6,78,0.0,456
2025-12-22 01:00+00:00,0.7,12.1,80,0.0,456
2025-12-22 02:00+00:00,0.4,12.1,80,0.0,456
2025-12-22 03:00+00:00,0.2,12.3,80,0.0,456
2025-12-22 04:00+00:00,0.1,13.0,84,0.0,455
2025-12-22 05:00+00:00,-0.2,13.3,82,0.0,455
2025-12-22 06:00+00:00,-0.2,13.1,81,0.0,456
2025-12-22 07:00+00:00,-0.2,13.5,81,0.0,457
2025-12-22 08:00+00:00,0.2,13.7,89,0.0,457
2025-12-22 09:00+00:00,0.6,13.7,91,0.0,456
2025-12-22 10:00+00:00,1.4,14.0,98,24.1,454
2025-12-22 11:00+00:00,2.0,12.8,88,100.1,453
2025-12-22 12:00+00:00,1.1,14.6,86,21.4,453
2025-12-22 13:00+00:00,1.3,14.2,86,15.7,453
2025-12-22 14:00+00:00,1.2,13.8,84,8.5,453
2025-12-22 15:00+00:00,1.1,12.7,82,0.0,453
2025-12-22 16:00+00:00,1.2,12.3,86,0.0,452
2025-12-22 17:00+00:00,1.4,12.6,88,0.0,452
2025-12-22 18:00+00:00,1.2,12.2,91,0.0,452
2025-12-22 19:00+00:00,1.5,12.6,92,0.0,451
2025-12-22 20:00+00:00,1.5,12.4,93,0.0,451
2025-12-22 21:00+00:00,1.5,12.6,89,0.0,451
2025-12-22 22:00+00:00,1.5,12.9,82,0.0,452
2025-12-22 23:00+00:00,1.5,13.0,79,0.0,452
2025-12-23 00:00+00:00,1.0,12.5,72,0.0,452
2025-12-23 01:00+00:00,1.1,13.7,71,0.0,453
2025-12-23 02:00+00:00,1.1,13.8,72,0.0,453
2025-12-23 03:00+00:00,1.2,13.3,74,0.0,452
2025-12-23 04:00+00:00,0.9,13.9,73,0.0,451
2025-12-23 05:00+00:00,0.5,15.2,80,0.0,450
2025-12-23 06:00+00:00,0.8,14.6,86,0.0,450
2025-12-23 07:00+00:00,0.9,12.6,88,0.0,450
2025-12-23 08:00+00:00,1.4,11.4,87,23.9,450
2025-12-23 09:00+00:00,2.0,10.4,88,14.4,450
2025-12-23 10:00+00:00,2.5,13.6,72,0.0,449
2025-12-23 11:00+00:00,2.7,15.1,68,4.2,448
2025-12-23 12:00+00:00,3.1,17.0,74,17.1,447
2025-12-23 13:00+00:00,3.1,15.8,69,15.7,445
2025-12-23 14:00+00:00,2.7,14.7,67,8.5,445
2025-12-23 15:00+00:00,1.4,12.2,68,28.9,446
2025-12-23 16:00+00:00,0.6,10.8,58,0.0,448
2025-12-23 17:00+00:00,1.1,14.0,49,0.0,450
2025-12-23 18:00+00:00,0.5,13.0,48,0.0,450
2025-12-23 19:00+00:00,0.6,15.5,51,0.0,450
2025-12-23 20:00+00:00,0.2,15.1,54,0.0,449
2025-12-23 21:00+00:00,-0.1,15.1,54,0.0,449
2025-12-23 22:00+00:00,-0.2,15.6,54,0.0,448
2025-12-23 23:00+00:00,-0.6,16.3,59,0.0,448
2025-12-24 00:00+00:00,-0.6,15.2,47,0.0,448
2025-12-24 01:00+00:00,-1.0,15.5,47,0.0,449
2025-12-24 02:00+00:00,-1.5,16.7,47,0.0,449
2025-12-24 03:00+00:00,-2.2,16.0,49,0.0,449
2025-12-24 04:00+00:00,-3.0,15.8,54,0.0,448
2025-12-24 05:00+00:00,-3.3,15.3,56,0.0,448
2025-12-24 06:00+00:00,-3.5,15.4,60,0.0,447
2025-12-24 07:00+00:00,-3.8,16.1,63,0.0,447
2025-12-24 08:00+00:00,-4.3,17.1,64,12.0,446
2025-12-24 09:00+00:00,-4.8,16.4,64,158.5,446
2025-12-24 10:00+00:00,-5.2,15.1,67,680.6,446
2025-12-24 11:00+00:00,-5.1,14.1,69,596.0,446
2025-12-24 12:00+00:00,-5.0,14.0,68,502.3,446
2025-12-24 13:00+00:00,-5.0,14.1,65,109.1,447
2025-12-24 14:00+00:00,-5.4,13.4,63,236.8,447
2025-12-24 15:00+00:00,-6.1,11.8,65,71.7,447
2025-12-24 16:00+00:00,-6.3,12.0,68,0.0,448
2025-12-24 17:00+00:00,-6.4,12.4,71,0.0,448
2025-12-24 18:00+00:00,-7.1,13.1,74,0.0,448
2025-12-24 19:00+00:00,-7.6,12.5,74,0.0,449
2025-12-24 20:00+00:00,-7.8,12.2,76,0.0,449
2025-12-24 21:00+00:00,-7.9,11.4,78,0.0,449
2025-12-24 22:00+00:00,-8.1,10.4,73,0.0,449
2025-12-24 23:00+00:00,-8.3,10.0,72,0.0,449
2025-12-25 00:00+00:00,-8.9,10.5,70,0.0,449
2025-12-25 01:00+00:00,-9.4,10.0,73,0.0,449
2025-12-25 02:00+00:00,-9.4,9.6,84,0.0,449
2025-12-25 03:00+00:00,-9.5,9.0,87,0.0,450
2025-12-25 04:00+00:00,-9.6,8.6,79,0.0,450
2025-12-25 05:00+00:00,-9.7,8.9,84,0.0,451
2025-12-25 06:00+00:00,-9.9,10.1,68,0.0,451
2025-12-25 07:00+00:00,-10.2,8.8,78,0.0,451
2025-12-25 08:00+00:00,-9.4,10.6,90,156.4,451
2025-12-25 09:00+00:00,-8.2,7.8,94,527.0,451
2025-12-25 10:00+00:00,-7.2,6.9,99,656.5,451
2025-12-25 11:00+00:00,-6.1,5.2,119,707.6,451
2025-12-25 12:00+00:00,-5.2,4.9,96,691.9,452
2025-12-25 13:00+00:00,-4.8,5.0,90,558.3,454
2025-12-25 14:00+00:00,-5.2,4.5,88,429.1,456
2025-12-25 15:00+00:00,-6.9,4.4,83,71.1,458
2025-12-25 16:00+00:00,-7.4,4.8,151,0.0,461
2025-12-25 17:00+00:00,-7.6,2.0,100,0.0,464
2025-12-25 18:00+00:00,-8.3,3.0,163,0.0,468
2025-12-25 19:00+00:00,-8.8,1.3,180,0.0,473
2025-12-25 20:00+00:00,-8.9,1.9,202,0.0,476
2025-12-25 21:00+00:00,-8.8,3.1,216,0.0,476
2025-12-25 22:00+00:00,-8.5,3.7,235,0.0,475
2025-12-25 23:00+00:00,-8.1,3.8,251,0.0,472
2025-12-26 00:00+00:00,-7.8,4.0,275,0.0,467
2025-12-26 01:00+00:00,-7.8,3.5,294,0.0,461
2025-12-26 02:00+00:00,-7.5,6.0,260,0.0,457
2025-12-26 03:00+00:00,-7.2,6.8,282,0.0,455
2025-12-26 04:00+00:00,-6.8,6.1,265,0.0,455
2025-12-26 05:00+00:00,-7.1,7.4,293,0.0,455
2025-12-26 06:00+00:00,-7.1,8.5,288,0.0,456
2025-12-26 07:00+00:00,-7.1,7.6,285,0.0,457
2025-12-26 08:00+00:00,-6.3,8.7,283,132.6,457
2025-12-26 09:00+00:00,-4.8,8.0,288,404.9,456
2025-12-26 10:00+00:00,-3.0,7.6,285,275.0,455
2025-12-26 11:00+00:00,-1.6,7.6,285,20.8,454
2025-12-26 12:00+00:00,-2.5,7.1,289,16.9,454
2025-12-26 13:00+00:00,-2.3,8.7,294,10.3,454
2025-12-26 14:00+00:00,-2.0,8.6,300,0.0,455
2025-12-26 15:00+00:00,-1.9,8.4,301,0.0,456
2025-12-26 16:00+00:00,-1.6,8.7,304,0.0,457
2025-12-26 17:00+00:00,-1.4,7.3,303,0.0,457
2025-12-26 18:00+00:00,-1.7,6.9,298,0.0,457
2025-12-26 19:00+00:00,-1.5,7.2,295,0.0,457
2025-12-26 20:00+00:00,-1.2,7.4,292,0.0,456
2025-12-26 21:00+00:00,-0.9,7.9,286,0.0,455
2025-12-26 22:00+00:00,-0.9,8.1,283,0.0,453
2025-12-26 23:00+00:00,-0.7,8.8,279,0.0,452
2025-12-27 00:00+00:00,-0.6,9.2,276,0.0,451
2025-12-27 01:00+00:00,-0.6,9.0,276,0.0,451
2025-12-27 02:00+00:00,-0.6,8.7,278,0.0,451
2025-12-27 03:00+00:00,-0.4,9.4,275,0.0,451
2025-12-27 04:00+00:00,-0.3,10.6,273,0.0,452
2025-12-27 05:00+00:00,-0.2,11.0,270,0.0,452
2025-12-27 06:00+00:00,-0.4,12.1,265,0.0,452
2025-12-27 07:00+00:00,-0.3,12.7,263,0.0,453
2025-12-27 08:00+00:00,-0.2,14.2,268,0.0,453
2025-12-27 09:00+00:00,0.0,14.0,254,0.0,454
2025-12-27 10:00+00:00,0.0,16.3,245,4.8,455
2025-12-27 11:00+00:00,0.2,17.5,261,49.7,456
2025-12-27 12:00+00:00,-0.4,17.8,269,8.4,455
2025-12-27 13:00+00:00,-0.3,18.4,252,0.0,453
2025-12-27 14:00+00:00,-0.4,18.5,281,16.6,452
2025-12-27 15:00+00:00,-0.2,22.3,286,0.0,451
2025-12-27 16:00+00:00,0.4,19.5,287,0.0,451
2025-12-27 17:00+00:00,1.0,19.6,289,0.0,450
2025-12-27 18:00+00:00,1.1,18.8,298,0.0,449
2025-12-27 19:00+00:00,1.8,17.6,305,0.0,449
2025-12-27 20:00+00:00,2.3,17.5,307,0.0,448
2025-12-27 21:00+00:00,0.8,17.1,305,0.0,447
2025-12-27 22:00+00:00,0.2,18.5,311,0.0,447
2025-12-27 23:00+00:00,-0.3,17.6,308,0.0,446
2025-12-28 00:00+00:00,-0.6,18.1,300,0.0,446
2025-12-28 01:00+00:00,-0.9,17.8,300,0.0,445
2025-12-28 02:00+00:00,-0.9,18.4,299,0.0,445
2025-12-28 03:00+00:00,-0.8,18.8,302,0.0,445
2025-12-28 04:00+00:00,-0.8,18.6,304,0.0,446
2025-12-28 05:00+00:00,-0.9,17.9,306,0.0,446
2025-12-28 06:00+00:00,-0.6,17.4,310,0.0,447
2025-12-28 07:00+00:00,-1.1,15.2,312,0.0,448
2025-12-28 08:00+00:00,-1.0,15.3,307,144.9,448
2025-12-28 09:00+00:00,0.2,13.8,297,498.9,448
2025-12-28 10:00+00:00,1.2,14.8,293,630.3,447
2025-12-28 11:00+00:00,2.1,15.3,297,673.7,446
2025-12-28 12:00+00:00,2.3,17.2,299,663.2,446
2025-12-28 13:00+00:00,2.5,18.2,298,594.0,446
2025-12-28 14:00+00:00,1.7,16.3,298,330.5,446
2025-12-28 15:00+00:00,0.3,15.4,291,82.4,446
2025-12-28 16:00+00:00,-0.4,17.4,291,0.0,447
2025-12-28 17:00+00:00,-0.8,17.5,299,0.0,447
2025-12-28 18:00+00:00,-0.9,17.1,302,0.0,447
2025-12-28 19:00+00:00,-1.1,15.8,299,0.0,447
2025-12-28 20:00+00:00,-1.6,14.3,285,0.0,447
2025-12-28 21:00+00:00,-2.2,13.5,268,0.0,447
2025-12-28 22:00+00:00,-2.3,13.3,257,0.0,448
2025-12-28 23:00+00:00,-2.3,14.1,256,0.0,448
2025-12-29 00:00+00:00,-2.3,17.6,252,0.0,449
2025-12-29 01:00+00:00,-2.2,18.7,263,0.0,449
2025-12-29 02:00+00:00,-1.4,17.6,278,0.0,450
2025-12-29 03:00+00:00,-0.3,17.7,279,0.0,451
2025-12-29 04:00+00:00,-0.2,17.9,273,0.0,452
2025-12-29 05:00+00:00,-0.1,18.0,271,0.0,452
2025-12-29 06:00+00:00,-0.2,22.7,259,0.0,451
2025-12-29 07:00+00:00,0.9,17.7,290,0.0,449
2025-12-29 08:00+00:00,1.4,16.5,286,36.2,448
2025-12-29 09:00+00:00,1.8,16.5,276,57.8,447
2025-12-29 10:00+00:00,2.5,19.4,280,499.2,446
2025-12-29 11:00+00:00,2.8,19.4,287,230.7,445
2025-12-29 12:00+00:00,2.2,18.3,284,33.4,445
2025-12-29 13:00+00:00,2.5,17.7,289,30.2,445
2025-12-29 14:00+00:00,1.9,14.5,282,57.1,446
2025-12-29 15:00+00:00,1.4,14.5,287,13.6,447
2025-12-29 16:00+00:00,1.5,14.0,286,0.0,447
2025-12-29 17:00+00:00,1.6,14.4,286,0.0,448
2025-12-29 18:00+00:00,0.9,14.8,310,0.0,448
2025-12-29 19:00+00:00,0.7,12.9,303,0.0,448
2025-12-29 20:00+00:00,0.6,14.3,305,0.0,448
2025-12-29 21:00+00:00,-0.2,15.6,327,0.0,447
2025-12-29 22:00+00:00,-0.9,13.9,320,0.0,447
2025-12-29 23:00+00:00,-1.7,15.3,310,0.0,446
2025-12-30 00:00+00:00,-1.4,17.9,307,0.0,445
2025-12-30 01:00+00:00,-1.4,19.9,305,0.0,444
2025-12-30 02:00+00:00,-1.4,21.7,306,0.0,444
2025-12-30 03:00+00:00,-1.2,22.1,311,0.0,444
2025-12-30 04:00+00:00,-1.2,21.4,313,0.0,445
2025-12-30 05:00+00:00,-1.4,20.3,310,0.0,446
2025-12-30 06:00+00:00,-1.8,19.6,311,0.0,447
2025-12-30 07:00+00:00,-2.0,19.4,308,0.0,447
2025-12-30 08:00+00:00,-1.3,19.5,304,108.6,447
2025-12-30 09:00+00:00,-0.4,14.5,287,245.0,446
2025-12-30 10:00+00:00,-0.1,21.3,284,646.0,445
2025-12-30 11:00+00:00,-0.1,21.5,287,106.7,444
2025-12-30 12:00+00:00,0.3,24.8,295,241.1,444
2025-12-30 13:00+00:00,0.2,26.0,312,545.3,445
2025-12-30 14:00+00:00,-0.4,24.9,314,337.6,445
2025-12-30 15:00+00:00,-1.5,22.2,309,80.6,445
2025-12-30 16:00+00:00,-1.9,19.9,312,0.0,446
2025-12-30 17:00+00:00,-2.0,19.7,309,0.0,446
2025-12-30 18:00+00:00,-1.8,21.1,316,0.0,446
2025-12-30 19:00+00:00,-2.0,18.5,313,0.0,446
2025-12-30 20:00+00:00,-2.4,19.5,312,0.0,446
2025-12-30 21:00+00:00,-2.7,18.3,304,0.0,446
2025-12-30 22:00+00:00,-2.8,17.3,300,0.0,445
2025-12-30 23:00+00:00,-3.0,17.5,296,0.0,445
2025-12-31 00:00+00:00,-3.0,19.4,297,0.0,445
2025-12-31 01:00+00:00,-3.2,19.4,295,0.0,445
2025-12-31 02:00+00:00,-3.3,19.0,296,0.0,445
2025-12-31 03:00+00:00,-3.3,18.5,294,0.0,446
2025-12-31 04:00+00:00,-3.4,18.3,294,0.0,446
2025-12-31 05:00+00:00,-3.3,17.8,290,0.0,447
2025-12-31 06:00+00:00,-3.5,14.9,289,0.0,447
2025-12-31 07:00+00:00,-3.8,16.2,278,0.0,448
2025-12-31 08:00+00:00,-3.2,18.9,272,132.4,448
2025-12-31 09:00+00:00,-2.3,14.4,266,423.7,449
2025-12-31 10:00+00:00,-1.4,14.9,257,534.1,449
2025-12-31 11:00+00:00,-0.7,15.0,254,347.3,450
2025-12-31 12:00+00:00,-0.6,13.7,238,314.1,450
2025-12-31 13:00+00:00,-0.9,13.7,236,168.7,451
2025-12-31 14:00+00:00,-1.5,11.4,233,39.6,451
2025-12-31 15:00+00:00,-1.3,11.4,252,0.0,452
2025-12-31 16:00+00:00,-1.6,9.0,267,0.0,452
2025-12-31 17:00+00:00,-1.3,7.8,277,0.0,452
2025-12-31 18:00+00:00,-1.4,7.1,254,0.0,451
2025-12-31 19:00+00:00,-1.1,7.8,279,0.0,449
2025-12-31 20:00+00:00,-0.7,10.1,289,0.0,447
2025-12-31 21:00+00:00,-0.4,9.5,285,0.0,446
2025-12-31 22:00+00:00,-0.2,9.0,268,0.0,446
2025-12-31 23:00+00:00,0.2,10.5,251,0.0,446